TEAM_ID,TEAM_NAME,GP,W,L,W_PCT,MIN,DEF_RATING,DREB,DREB_PCT,STL,BLK,OPP_PTS_OFF_TOV,OPP_PTS_2ND_CHANCE,OPP_PTS_FB,OPP_PTS_PAINT,GP_RANK,W_RANK,L_RANK,W_PCT_RANK,MIN_RANK,DEF_RATING_RANK,DREB_RANK,DREB_PCT_RANK,STL_RANK,BLK_RANK,OPP_PTS_OFF_TOV_RANK,OPP_PTS_2ND_CHANCE_RANK,OPP_PTS_FB_RANK,OPP_PTS_PAINT_RANK,Date
1610612737,Atlanta Hawks,11,5,6,0.455,543.0,116.6,374,0.72,73,48,191.0,176.0,187.0,572.0,2,13,18,17,2,28,8,24,25,14,20,30,28,29,07/30/2020
1610612738,Boston Celtics,10,5,5,0.5,490.0,109.2,357,0.722,80,50,150.0,156.0,136.0,436.0,14,13,10,13,14,9,13,22,16,13,6,28,14,5,07/30/2020
1610612751,Brooklyn Nets,11,5,6,0.455,538.0,111.3,414,0.75,59,42,175.0,138.0,157.0,490.0,2,13,18,17,3,13,3,5,30,20,14,16,18,16,07/30/2020
1610612766,Charlotte Hornets,11,5,6,0.455,538.0,111.4,349,0.71,75,42,173.0,125.0,142.0,542.0,2,13,18,17,3,14,16,28,22,20,13,10,15,24,07/30/2020
1610612741,Chicago Bulls,10,3,7,0.3,480.0,113.0,273,0.685,107,46,186.0,137.0,130.0,514.0,14,27,24,27,18,16,29,29,2,18,18,14,9,20,07/30/2020
1610612739,Cleveland Cavaliers,11,5,6,0.455,538.0,113.1,360,0.733,77,37,212.0,145.0,127.0,554.0,2,13,18,17,3,17,11,13,20,28,29,22,8,27,07/30/2020
1610612742,Dallas Mavericks,12,7,5,0.583,581.0,106.7,459,0.752,89,76,168.0,159.0,212.0,570.0,1,2,10,10,1,6,1,4,7,1,10,29,30,28,07/30/2020
1610612743,Denver Nuggets,10,5,5,0.5,480.0,113.7,318,0.72,86,42,213.0,137.0,133.0,460.0,14,13,10,13,18,19,25,25,10,20,30,14,11,8,07/30/2020
1610612765,Detroit Pistons,9,1,8,0.111,432.0,118.0,260,0.724,68,31,145.0,113.0,122.0,476.0,27,30,29,30,28,30,30,20,28,30,3,7,5,13,07/30/2020
1610612744,Golden State Warriors,10,3,7,0.3,480.0,116.2,322,0.738,69,42,193.0,123.0,179.0,474.0,14,27,24,27,18,27,21,11,27,20,21,9,23,11,07/30/2020
1610612745,Houston Rockets,10,6,4,0.6,485.0,110.6,319,0.675,97,59,185.0,143.0,155.0,528.0,14,8,7,8,15,12,23,30,4,6,16,20,17,21,07/30/2020
1610612754,Indiana Pacers,10,7,3,0.7,480.0,105.6,355,0.733,86,59,138.0,103.0,185.0,470.0,14,2,3,3,18,5,14,14,10,6,2,3,26,10,07/30/2020
1610612746,LA Clippers,10,7,3,0.7,480.0,105.2,359,0.742,65,40,169.0,114.0,113.0,444.0,14,2,3,3,18,4,12,9,29,24,12,8,3,7,07/30/2020
1610612747,Los Angeles Lakers,11,9,2,0.818,528.0,101.3,390,0.735,96,72,210.0,142.0,207.0,502.0,2,1,1,1,10,2,5,12,5,2,28,19,29,18,07/30/2020
1610612763,Memphis Grizzlies,11,4,7,0.364,528.0,108.0,413,0.743,89,53,205.0,143.0,179.0,486.0,2,21,24,24,10,8,4,8,7,8,27,20,23,15,07/30/2020
1610612748,Miami Heat,11,6,5,0.545,533.0,111.6,378,0.74,88,67,197.0,138.0,125.0,468.0,2,8,10,11,6,15,7,10,9,3,24,16,7,9,07/30/2020
1610612749,Milwaukee Bucks,11,7,4,0.636,533.0,100.7,457,0.802,81,48,196.0,109.0,168.0,428.0,2,2,7,7,6,1,2,1,15,14,22,4,22,3,07/30/2020
1610612750,Minnesota Timberwolves,11,3,8,0.273,528.0,117.3,354,0.727,100,47,185.0,155.0,166.0,652.0,2,27,29,29,10,29,15,19,3,17,16,27,21,30,07/30/2020
1610612740,New Orleans Pelicans,10,5,5,0.5,485.0,107.6,368,0.731,91,40,199.0,141.0,185.0,536.0,14,13,10,13,15,7,9,17,6,24,26,18,26,23,07/30/2020
1610612752,New York Knicks,11,4,7,0.364,533.0,115.3,383,0.731,79,61,196.0,150.0,119.0,508.0,2,21,24,24,6,24,6,16,17,4,22,25,4,19,07/30/2020
1610612760,Oklahoma City Thunder,9,7,2,0.778,432.0,110.0,295,0.714,78,52,148.0,132.0,95.0,434.0,27,2,1,2,28,10,28,26,18,9,5,12,1,4,07/30/2020
1610612753,Orlando Magic,10,6,4,0.6,480.0,115.9,342,0.761,74,51,136.0,96.0,123.0,500.0,14,8,7,8,18,26,19,2,23,10,1,1,6,17,07/30/2020
1610612755,Philadelphia 76ers,10,5,5,0.5,485.0,115.7,319,0.731,82,44,155.0,111.0,161.0,542.0,14,13,10,13,15,25,23,15,14,19,7,5,19,24,07/30/2020
1610612756,Phoenix Suns,10,4,6,0.4,480.0,114.1,314,0.728,76,40,197.0,145.0,150.0,484.0,14,21,18,22,18,22,26,18,21,24,24,22,16,14,07/30/2020
1610612757,Portland Trail Blazers,10,4,6,0.4,480.0,114.9,343,0.72,72,60,168.0,134.0,181.0,414.0,14,21,18,22,18,23,18,23,26,5,10,13,25,2,07/30/2020
1610612758,Sacramento Kings,10,7,3,0.7,480.0,110.1,348,0.758,86,38,158.0,98.0,162.0,474.0,14,2,3,3,18,11,17,3,10,27,8,2,20,11,07/30/2020
1610612759,San Antonio Spurs,9,4,5,0.444,437.0,113.7,304,0.749,83,51,147.0,128.0,105.0,436.0,27,21,10,21,27,18,27,7,13,10,4,11,2,5,07/30/2020
1610612761,Toronto Raptors,9,6,3,0.667,432.0,103.9,328,0.749,78,48,158.0,111.0,134.0,384.0,27,8,3,6,28,3,20,6,18,14,8,5,12,1,07/30/2020
1610612762,Utah Jazz,11,6,5,0.545,528.0,114.0,365,0.711,74,51,181.0,153.0,134.0,528.0,2,8,10,11,10,21,10,27,23,10,15,26,12,21,07/30/2020
1610612764,Washington Wizards,11,4,7,0.364,533.0,113.9,320,0.724,112,36,188.0,146.0,131.0,546.0,2,21,24,24,6,20,22,21,1,29,19,24,10,26,07/30/2020
1610612737,Atlanta Hawks,11,5,6,0.455,543.0,116.6,374,0.72,73,48,191.0,176.0,187.0,572.0,6,13,16,17,6,28,12,23,26,15,17,30,26,26,07/31/2020
1610612738,Boston Celtics,11,5,6,0.455,538.0,109.4,391,0.727,88,55,172.0,160.0,152.0,484.0,6,13,16,17,7,8,5,20,12,9,9,27,15,11,07/31/2020
1610612751,Brooklyn Nets,12,5,7,0.417,586.0,112.3,443,0.751,63,44,188.0,151.0,164.0,534.0,2,13,23,23,2,15,3,5,30,19,15,21,18,19,07/31/2020
1610612766,Charlotte Hornets,11,5,6,0.455,538.0,111.4,349,0.71,75,42,173.0,125.0,142.0,542.0,6,13,16,17,7,12,20,28,24,22,10,10,13,22,07/31/2020
1610612741,Chicago Bulls,10,3,7,0.3,480.0,113.0,273,0.685,107,46,186.0,137.0,130.0,514.0,20,27,23,27,23,16,29,29,3,18,14,12,7,15,07/31/2020
1610612739,Cleveland Cavaliers,11,5,6,0.455,538.0,113.1,360,0.733,77,37,212.0,145.0,127.0,554.0,6,13,16,17,7,17,15,13,23,29,25,18,6,25,07/31/2020
1610612742,Dallas Mavericks,13,7,6,0.538,634.0,108.7,501,0.758,96,80,188.0,170.0,232.0,634.0,1,3,16,12,1,7,1,4,7,1,15,29,30,29,07/31/2020
1610612743,Denver Nuggets,10,5,5,0.5,480.0,113.7,318,0.72,86,42,213.0,137.0,133.0,460.0,20,13,10,13,23,20,27,24,14,22,26,12,10,4,07/31/2020
1610612765,Detroit Pistons,9,1,8,0.111,432.0,118.0,260,0.724,68,31,145.0,113.0,122.0,476.0,28,30,27,30,28,30,30,22,28,30,2,6,4,10,07/31/2020
1610612744,Golden State Warriors,10,3,7,0.3,480.0,116.2,322,0.738,69,42,193.0,123.0,179.0,474.0,20,27,23,27,23,27,25,11,27,22,18,9,22,9,07/31/2020
1610612745,Houston Rockets,11,7,4,0.636,538.0,112.1,355,0.672,109,69,195.0,167.0,162.0,572.0,6,3,6,7,7,14,17,30,2,3,20,28,17,26,07/31/2020
1610612754,Indiana Pacers,10,7,3,0.7,480.0,105.6,355,0.733,86,59,138.0,103.0,185.0,470.0,20,3,3,3,23,5,17,14,14,7,1,1,23,8,07/31/2020
1610612746,LA Clippers,10,7,3,0.7,480.0,105.2,359,0.742,65,40,169.0,114.0,113.0,444.0,20,3,3,3,23,4,16,9,29,25,8,7,2,3,07/31/2020
1610612747,Los Angeles Lakers,11,9,2,0.818,528.0,101.3,390,0.735,96,72,210.0,142.0,207.0,502.0,6,1,1,1,14,2,6,12,7,2,24,17,29,13,07/31/2020
1610612763,Memphis Grizzlies,12,4,8,0.333,581.0,109.5,442,0.743,98,58,217.0,149.0,187.0,540.0,2,24,27,25,3,9,4,7,5,8,29,19,26,21,07/31/2020
1610612748,Miami Heat,11,6,5,0.545,533.0,111.6,378,0.74,88,67,197.0,138.0,125.0,468.0,6,10,10,10,11,13,9,10,12,5,22,14,5,7,07/31/2020
1610612749,Milwaukee Bucks,12,8,4,0.667,581.0,101.2,497,0.795,90,55,214.0,120.0,186.0,466.0,2,2,6,5,3,1,2,1,10,9,27,8,25,6,07/31/2020
1610612750,Minnesota Timberwolves,11,3,8,0.273,528.0,117.3,354,0.727,100,47,185.0,155.0,166.0,652.0,6,27,27,29,14,29,19,21,4,17,13,25,19,30,07/31/2020
1610612740,New Orleans Pelicans,10,5,5,0.5,485.0,107.6,368,0.731,91,40,199.0,141.0,185.0,536.0,20,13,10,13,20,6,13,18,9,25,23,16,23,20,07/31/2020
1610612752,New York Knicks,11,4,7,0.364,533.0,115.3,383,0.731,79,61,196.0,150.0,119.0,508.0,6,24,23,24,11,24,7,16,20,6,21,20,3,14,07/31/2020
1610612760,Oklahoma City Thunder,9,7,2,0.778,432.0,110.0,295,0.714,78,52,148.0,132.0,95.0,434.0,28,3,1,2,28,10,28,26,21,13,4,11,1,2,07/31/2020
1610612753,Orlando Magic,11,7,4,0.636,528.0,115.7,378,0.763,82,54,145.0,103.0,131.0,550.0,6,3,6,7,14,26,9,2,17,12,2,1,8,24,07/31/2020
1610612755,Philadelphia 76ers,10,5,5,0.5,485.0,115.7,319,0.731,82,44,155.0,111.0,161.0,542.0,20,13,10,13,20,25,26,15,17,19,5,4,16,22,07/31/2020
1610612756,Phoenix Suns,11,5,6,0.455,528.0,113.1,347,0.731,86,43,218.0,154.0,172.0,532.0,6,13,16,17,14,18,22,17,14,21,30,24,20,18,07/31/2020
1610612757,Portland Trail Blazers,11,5,6,0.455,533.0,115.2,376,0.717,82,69,194.0,159.0,199.0,464.0,6,13,16,17,11,23,11,25,17,3,19,26,28,5,07/31/2020
1610612758,Sacramento Kings,11,7,4,0.636,528.0,111.1,382,0.76,97,40,183.0,109.0,175.0,526.0,6,3,6,7,14,11,8,3,6,25,12,3,21,16,07/31/2020
1610612759,San Antonio Spurs,10,5,5,0.5,485.0,113.4,337,0.743,89,55,163.0,140.0,131.0,496.0,20,13,10,13,20,19,23,8,11,9,7,15,8,12,07/31/2020
1610612761,Toronto Raptors,9,6,3,0.667,432.0,103.9,328,0.749,78,48,158.0,111.0,134.0,384.0,28,10,3,5,28,3,24,6,21,15,6,4,11,1,07/31/2020
1610612762,Utah Jazz,11,6,5,0.545,528.0,114.0,365,0.711,74,51,181.0,153.0,134.0,528.0,6,10,10,10,14,22,14,27,25,14,11,22,11,17,07/31/2020
1610612764,Washington Wizards,12,4,8,0.333,581.0,114.0,348,0.731,119,38,214.0,153.0,150.0,596.0,2,24,27,25,3,21,21,19,1,28,27,22,14,28,07/31/2020
1610612737,Atlanta Hawks,11,5,6,0.455,543.0,116.6,374,0.72,73,48,191.0,176.0,187.0,572.0,9,13,12,14,9,28,16,23,27,17,16,30,24,24,08/01/2020
1610612738,Boston Celtics,11,5,6,0.455,538.0,109.4,391,0.727,88,55,172.0,160.0,152.0,484.0,9,13,12,14,10,9,9,19,15,10,6,26,15,7,08/01/2020
1610612751,Brooklyn Nets,12,5,7,0.417,586.0,112.3,443,0.751,63,44,188.0,151.0,164.0,534.0,2,13,23,23,2,15,3,6,30,20,13,19,17,16,08/01/2020
1610612766,Charlotte Hornets,11,5,6,0.455,538.0,111.4,349,0.71,75,42,173.0,125.0,142.0,542.0,9,13,12,14,10,13,22,27,25,23,7,8,10,19,08/01/2020
1610612741,Chicago Bulls,10,3,7,0.3,480.0,113.0,273,0.685,107,46,186.0,137.0,130.0,514.0,25,27,23,27,26,16,29,29,3,19,12,11,6,12,08/01/2020
1610612739,Cleveland Cavaliers,11,5,6,0.455,538.0,113.1,360,0.733,77,37,212.0,145.0,127.0,554.0,9,13,12,14,10,17,18,13,24,29,22,15,5,22,08/01/2020
1610612742,Dallas Mavericks,13,7,6,0.538,634.0,108.7,501,0.758,96,80,188.0,170.0,232.0,634.0,1,6,12,11,1,7,1,4,8,2,13,29,30,29,08/01/2020
1610612743,Denver Nuggets,11,5,6,0.455,528.0,114.7,343,0.724,93,44,248.0,142.0,144.0,510.0,9,13,12,14,18,22,25,21,12,20,30,14,11,11,08/01/2020
1610612765,Detroit Pistons,9,1,8,0.111,432.0,118.0,260,0.724,68,31,145.0,113.0,122.0,476.0,30,30,27,30,30,30,30,22,29,30,1,3,4,5,08/01/2020
1610612744,Golden State Warriors,10,3,7,0.3,480.0,116.2,322,0.738,69,42,193.0,123.0,179.0,474.0,25,27,23,27,26,27,28,10,28,23,17,6,22,4,08/01/2020
1610612745,Houston Rockets,11,7,4,0.636,538.0,112.1,355,0.672,109,69,195.0,167.0,162.0,572.0,9,6,6,7,10,14,19,30,2,3,20,28,16,24,08/01/2020
1610612754,Indiana Pacers,11,8,3,0.727,528.0,106.6,379,0.719,94,64,155.0,127.0,200.0,538.0,9,2,2,3,18,5,13,24,11,6,3,10,28,17,08/01/2020
1610612746,LA Clippers,11,8,3,0.727,528.0,104.6,399,0.744,75,42,190.0,126.0,117.0,490.0,9,2,2,3,18,4,8,7,25,23,15,9,2,8,08/01/2020
1610612747,Los Angeles Lakers,12,9,3,0.75,576.0,101.5,422,0.737,104,84,232.0,148.0,222.0,542.0,2,1,2,2,7,2,5,11,4,1,28,16,29,19,08/01/2020
1610612763,Memphis Grizzlies,12,4,8,0.333,581.0,109.5,442,0.743,98,58,217.0,149.0,187.0,540.0,2,24,27,25,3,10,4,8,6,9,26,17,24,18,08/01/2020
1610612748,Miami Heat,12,7,5,0.583,581.0,111.2,410,0.733,95,69,214.0,159.0,135.0,518.0,2,6,10,10,3,12,6,14,9,3,23,24,9,13,08/01/2020
1610612749,Milwaukee Bucks,12,8,4,0.667,581.0,101.2,497,0.795,90,55,214.0,120.0,186.0,466.0,2,2,6,6,3,1,2,1,13,10,23,4,23,3,08/01/2020
1610612750,Minnesota Timberwolves,11,3,8,0.273,528.0,117.3,354,0.727,100,47,185.0,155.0,166.0,652.0,9,27,27,29,18,29,20,20,5,18,11,22,18,30,08/01/2020
1610612740,New Orleans Pelicans,11,5,6,0.455,533.0,108.7,407,0.736,95,41,233.0,157.0,189.0,556.0,9,13,12,14,14,8,7,12,9,26,29,23,26,23,08/01/2020
1610612752,New York Knicks,11,4,7,0.364,533.0,115.3,383,0.731,79,61,196.0,150.0,119.0,508.0,9,24,23,24,14,24,11,16,23,7,21,18,3,10,08/01/2020
1610612760,Oklahoma City Thunder,10,8,2,0.8,480.0,108.5,331,0.713,87,60,173.0,140.0,108.0,480.0,25,2,1,1,26,6,27,26,17,8,7,12,1,6,08/01/2020
1610612753,Orlando Magic,11,7,4,0.636,528.0,115.7,378,0.763,82,54,145.0,103.0,131.0,550.0,9,6,6,7,18,25,14,2,21,14,1,1,7,21,08/01/2020
1610612755,Philadelphia 76ers,11,5,6,0.455,533.0,116.2,354,0.733,88,49,181.0,124.0,174.0,586.0,9,13,12,14,14,26,20,15,15,16,9,7,20,27,08/01/2020
1610612756,Phoenix Suns,11,5,6,0.455,528.0,113.1,347,0.731,86,43,218.0,154.0,172.0,532.0,9,13,12,14,18,18,24,17,18,22,27,21,19,15,08/01/2020
1610612757,Portland Trail Blazers,11,5,6,0.455,533.0,115.2,376,0.717,82,69,194.0,159.0,199.0,464.0,9,13,12,14,14,23,15,25,21,3,19,24,27,2,08/01/2020
1610612758,Sacramento Kings,11,7,4,0.636,528.0,111.1,382,0.76,97,40,183.0,109.0,175.0,526.0,9,6,6,7,18,11,12,3,7,27,10,2,21,14,08/01/2020
1610612759,San Antonio Spurs,10,5,5,0.5,485.0,113.4,337,0.743,89,55,163.0,140.0,131.0,496.0,25,13,10,12,25,19,26,9,14,10,4,12,7,9,08/01/2020
1610612761,Toronto Raptors,10,7,3,0.7,480.0,102.4,372,0.753,85,53,168.0,121.0,147.0,418.0,25,6,2,5,26,3,17,5,19,15,5,5,12,1,08/01/2020
1610612762,Utah Jazz,12,6,6,0.5,576.0,114.0,388,0.707,85,55,193.0,166.0,147.0,578.0,2,12,12,12,7,20,10,28,19,10,17,27,12,26,08/01/2020
1610612764,Washington Wizards,12,4,8,0.333,581.0,114.0,348,0.731,119,38,214.0,153.0,150.0,596.0,2,24,27,25,3,21,23,18,1,28,23,20,14,28,08/01/2020
1610612737,Atlanta Hawks,11,5,6,0.455,543.0,116.6,374,0.72,73,48,191.0,176.0,187.0,572.0,15,17,12,17,15,28,19,23,27,17,12,28,22,21,08/02/2020
1610612738,Boston Celtics,12,6,6,0.5,586.0,110.7,421,0.725,97,61,194.0,170.0,158.0,524.0,6,12,12,12,6,10,6,20,9,7,15,26,14,12,08/02/2020
1610612751,Brooklyn Nets,13,6,7,0.462,634.0,112.1,478,0.749,68,48,206.0,156.0,175.0,576.0,2,12,21,16,2,14,3,7,29,17,20,19,19,22,08/02/2020
1610612766,Charlotte Hornets,11,5,6,0.455,538.0,111.4,349,0.71,75,42,173.0,125.0,142.0,542.0,15,17,12,17,16,12,25,27,25,24,5,7,8,14,08/02/2020
1610612741,Chicago Bulls,10,3,7,0.3,480.0,113.0,273,0.685,107,46,186.0,137.0,130.0,514.0,26,27,21,27,26,18,29,29,3,21,10,11,6,10,08/02/2020
1610612739,Cleveland Cavaliers,11,5,6,0.455,538.0,113.1,360,0.733,77,37,212.0,145.0,127.0,554.0,15,17,12,17,16,19,22,13,24,29,21,15,5,16,08/02/2020
1610612742,Dallas Mavericks,14,7,7,0.5,682.0,108.9,540,0.761,104,85,194.0,181.0,243.0,682.0,1,8,21,12,1,8,2,3,5,1,15,29,30,30,08/02/2020
1610612743,Denver Nuggets,11,5,6,0.455,528.0,114.7,343,0.724,93,44,248.0,142.0,144.0,510.0,15,17,12,17,22,22,26,21,15,22,30,13,10,9,08/02/2020
1610612765,Detroit Pistons,9,1,8,0.111,432.0,118.0,260,0.724,68,31,145.0,113.0,122.0,476.0,30,30,27,30,30,30,30,22,29,30,1,1,4,3,08/02/2020
1610612744,Golden State Warriors,10,3,7,0.3,480.0,116.2,322,0.738,69,42,193.0,123.0,179.0,474.0,26,27,21,27,26,26,28,10,28,24,13,5,20,2,08/02/2020
1610612745,Houston Rockets,12,8,4,0.667,586.0,111.9,385,0.669,124,72,212.0,190.0,172.0,632.0,6,2,6,6,6,13,15,30,2,4,21,30,17,27,08/02/2020
1610612754,Indiana Pacers,11,8,3,0.727,528.0,106.6,379,0.719,94,64,155.0,127.0,200.0,538.0,15,2,2,3,22,5,18,25,13,6,2,9,26,13,08/02/2020
1610612746,LA Clippers,11,8,3,0.727,528.0,104.6,399,0.744,75,42,190.0,126.0,117.0,490.0,15,2,2,3,22,4,12,8,25,24,11,8,2,6,08/02/2020
1610612747,Los Angeles Lakers,12,9,3,0.75,576.0,101.5,422,0.737,104,84,232.0,148.0,222.0,542.0,6,1,2,2,10,1,5,11,5,2,26,16,29,14,08/02/2020
1610612763,Memphis Grizzlies,13,4,9,0.308,629.0,109.0,478,0.742,103,61,233.0,160.0,187.0,568.0,2,24,29,25,3,9,3,9,7,7,27,22,22,20,08/02/2020
1610612748,Miami Heat,12,7,5,0.583,581.0,111.2,410,0.733,95,69,214.0,159.0,135.0,518.0,6,8,8,9,8,11,9,15,11,5,23,21,7,11,08/02/2020
1610612749,Milwaukee Bucks,13,8,5,0.615,629.0,102.1,545,0.799,96,61,244.0,134.0,201.0,484.0,2,2,8,8,3,2,1,1,10,7,29,10,27,5,08/02/2020
1610612750,Minnesota Timberwolves,11,3,8,0.273,528.0,117.3,354,0.727,100,47,185.0,155.0,166.0,652.0,15,27,27,29,22,29,23,18,8,19,9,18,16,29,08/02/2020
1610612740,New Orleans Pelicans,11,5,6,0.455,533.0,108.7,407,0.736,95,41,233.0,157.0,189.0,556.0,15,17,12,17,18,7,10,12,11,27,27,20,25,17,08/02/2020
1610612752,New York Knicks,11,4,7,0.364,533.0,115.3,383,0.731,79,61,196.0,150.0,119.0,508.0,15,24,21,24,18,23,17,17,23,7,17,17,3,8,08/02/2020
1610612760,Oklahoma City Thunder,10,8,2,0.8,480.0,108.5,331,0.713,87,60,173.0,140.0,108.0,480.0,26,2,1,1,26,6,27,26,20,12,5,12,1,4,08/02/2020
1610612753,Orlando Magic,12,8,4,0.667,576.0,115.3,412,0.762,92,58,171.0,117.0,142.0,606.0,6,2,6,6,10,24,7,2,16,13,4,2,8,26,08/02/2020
1610612755,Philadelphia 76ers,11,5,6,0.455,533.0,116.2,354,0.733,88,49,181.0,124.0,174.0,586.0,15,17,12,17,18,25,23,16,19,16,7,6,18,25,08/02/2020
1610612756,Phoenix Suns,12,6,6,0.5,576.0,112.8,390,0.733,91,47,229.0,165.0,185.0,584.0,6,12,12,12,10,17,13,14,17,19,24,24,21,24,08/02/2020
1610612757,Portland Trail Blazers,12,5,7,0.417,581.0,116.6,402,0.719,90,74,204.0,174.0,216.0,502.0,6,17,21,23,8,27,11,24,18,3,18,27,28,7,08/02/2020
1610612758,Sacramento Kings,12,7,5,0.583,576.0,112.3,412,0.757,107,40,205.0,121.0,187.0,564.0,6,8,8,9,10,15,7,4,3,28,19,3,22,19,08/02/2020
1610612759,San Antonio Spurs,11,6,5,0.545,533.0,112.4,374,0.755,94,61,182.0,143.0,145.0,560.0,15,12,8,11,18,16,19,5,13,7,8,14,11,18,08/02/2020
1610612761,Toronto Raptors,10,7,3,0.7,480.0,102.4,372,0.753,85,53,168.0,121.0,147.0,418.0,26,8,2,5,26,3,21,6,21,15,3,3,12,1,08/02/2020
1610612762,Utah Jazz,12,6,6,0.5,576.0,114.0,388,0.707,85,55,193.0,166.0,147.0,578.0,6,12,12,12,10,20,14,28,21,14,13,25,12,23,08/02/2020
1610612764,Washington Wizards,13,4,9,0.308,629.0,114.3,384,0.726,125,44,231.0,162.0,163.0,648.0,2,24,29,25,3,21,16,19,1,22,25,23,15,28,08/02/2020
1610612737,Atlanta Hawks,10,4,6,0.4,495.0,117.0,339,0.728,65,42,171.0,155.0,171.0,524.0,26,22,11,22,26,27,26,19,27,23,5,17,21,12,08/03/2020
1610612738,Boston Celtics,12,6,6,0.5,586.0,110.7,421,0.725,97,61,194.0,170.0,158.0,524.0,6,11,11,11,6,11,8,22,12,10,14,24,14,12,08/03/2020
1610612751,Brooklyn Nets,12,6,6,0.5,581.0,112.5,444,0.747,65,47,188.0,144.0,155.0,528.0,6,11,11,11,7,14,6,7,27,18,11,12,13,14,08/03/2020
1610612766,Charlotte Hornets,10,4,6,0.4,490.0,112.7,314,0.714,66,38,154.0,110.0,136.0,490.0,26,22,11,22,27,15,27,27,26,26,2,3,7,6,08/03/2020
1610612741,Chicago Bulls,9,3,6,0.333,432.0,113.3,247,0.683,95,43,178.0,122.0,116.0,462.0,28,27,11,25,28,18,29,29,13,22,7,8,2,5,08/03/2020
1610612739,Cleveland Cavaliers,11,5,6,0.455,538.0,113.1,360,0.733,77,37,212.0,145.0,127.0,554.0,17,19,11,19,17,17,22,14,24,28,22,13,6,17,08/03/2020
1610612742,Dallas Mavericks,14,7,7,0.5,682.0,108.9,540,0.761,104,85,194.0,181.0,243.0,682.0,1,7,23,11,1,9,1,4,4,2,14,30,30,29,08/03/2020
1610612743,Denver Nuggets,12,6,6,0.5,581.0,113.9,380,0.727,103,47,261.0,152.0,153.0,538.0,6,11,11,11,7,20,20,20,5,18,30,15,12,16,08/03/2020
1610612765,Detroit Pistons,8,1,7,0.125,384.0,117.4,221,0.71,65,26,120.0,102.0,112.0,424.0,30,30,23,30,30,29,30,28,27,30,1,1,1,1,08/03/2020
1610612744,Golden State Warriors,9,3,6,0.333,432.0,114.3,295,0.739,58,35,162.0,113.0,159.0,438.0,28,27,11,25,28,23,28,11,30,29,3,4,15,2,08/03/2020
1610612745,Houston Rockets,11,7,4,0.636,538.0,112.5,357,0.67,110,65,195.0,178.0,149.0,572.0,17,7,6,7,17,13,23,30,3,8,16,28,10,19,08/03/2020
1610612754,Indiana Pacers,12,9,3,0.75,576.0,106.1,415,0.72,100,75,167.0,138.0,219.0,582.0,6,2,1,2,14,5,10,23,9,3,4,11,28,20,08/03/2020
1610612746,LA Clippers,11,8,3,0.727,528.0,104.6,399,0.744,75,42,190.0,126.0,117.0,490.0,17,3,1,3,21,4,16,8,25,23,12,9,3,6,08/03/2020
1610612747,Los Angeles Lakers,13,10,3,0.769,624.0,101.7,456,0.739,116,87,244.0,158.0,234.0,586.0,3,1,1,1,4,1,4,12,2,1,27,20,29,22,08/03/2020
1610612763,Memphis Grizzlies,13,4,9,0.308,629.0,107.7,473,0.734,101,66,224.0,164.0,202.0,570.0,3,22,29,27,3,7,3,13,7,7,24,22,26,18,08/03/2020
1610612748,Miami Heat,12,7,5,0.583,581.0,110.3,407,0.733,95,70,209.0,157.0,136.0,494.0,6,7,8,8,7,10,13,16,13,5,21,19,7,8,08/03/2020
1610612749,Milwaukee Bucks,12,7,5,0.583,581.0,102.1,512,0.802,82,58,238.0,119.0,186.0,444.0,6,7,8,8,7,2,2,1,22,12,26,6,24,3,08/03/2020
1610612750,Minnesota Timberwolves,11,3,8,0.273,528.0,117.3,354,0.727,100,47,185.0,155.0,166.0,652.0,17,27,28,29,21,28,24,21,9,18,9,17,18,28,08/03/2020
1610612740,New Orleans Pelicans,12,6,6,0.5,581.0,107.5,448,0.743,102,42,248.0,171.0,196.0,604.0,6,11,11,11,7,6,5,9,6,23,28,25,25,24,08/03/2020
1610612752,New York Knicks,11,4,7,0.364,533.0,115.3,383,0.731,79,61,196.0,150.0,119.0,508.0,17,22,23,24,19,24,19,18,23,10,19,14,4,11,08/03/2020
1610612760,Oklahoma City Thunder,11,8,3,0.727,533.0,108.9,365,0.715,91,65,195.0,152.0,123.0,530.0,17,3,1,3,19,8,21,25,17,8,16,15,5,15,08/03/2020
1610612753,Orlando Magic,12,8,4,0.667,576.0,115.3,412,0.762,92,58,171.0,117.0,142.0,606.0,6,3,6,6,14,25,11,3,16,12,5,5,9,25,08/03/2020
1610612755,Philadelphia 76ers,11,5,6,0.455,528.0,118.8,344,0.742,84,49,183.0,120.0,169.0,590.0,17,19,11,19,21,30,25,10,21,17,8,7,20,23,08/03/2020
1610612756,Phoenix Suns,12,6,6,0.5,576.0,112.8,390,0.733,91,47,229.0,165.0,185.0,584.0,6,11,11,11,14,16,17,15,17,18,25,23,23,21,08/03/2020
1610612757,Portland Trail Blazers,12,5,7,0.417,581.0,116.6,402,0.719,90,74,204.0,174.0,216.0,502.0,6,19,23,21,7,26,15,24,20,4,20,26,27,9,08/03/2020
1610612758,Sacramento Kings,11,6,5,0.545,528.0,111.9,388,0.765,98,38,190.0,103.0,168.0,506.0,17,11,8,10,21,12,18,2,11,26,12,2,19,10,08/03/2020
1610612759,San Antonio Spurs,12,6,6,0.5,581.0,113.6,405,0.755,101,67,195.0,159.0,152.0,614.0,6,11,11,11,7,19,14,5,7,6,16,21,11,26,08/03/2020
1610612761,Toronto Raptors,11,8,3,0.727,528.0,102.5,408,0.754,91,56,185.0,133.0,163.0,454.0,17,3,1,3,21,3,12,6,17,15,9,10,16,4,08/03/2020
1610612762,Utah Jazz,13,6,7,0.462,624.0,113.9,423,0.715,93,58,219.0,174.0,163.0,636.0,3,11,23,18,4,21,7,26,15,12,23,26,16,27,08/03/2020
1610612764,Washington Wizards,14,4,10,0.286,677.0,114.2,420,0.732,131,51,253.0,180.0,173.0,710.0,1,22,30,28,2,22,9,17,1,16,29,29,22,30,08/03/2020
1610612737,Atlanta Hawks,10,4,6,0.4,495.0,117.0,339,0.728,65,42,171.0,155.0,171.0,524.0,21,21,11,21,21,27,23,21,28,23,5,22,21,16,08/04/2020
1610612738,Boston Celtics,12,5,7,0.417,586.0,111.2,410,0.718,99,59,201.0,182.0,143.0,514.0,6,17,25,20,6,11,12,23,8,11,19,28,12,12,08/04/2020
1610612751,Brooklyn Nets,13,7,6,0.538,629.0,112.0,479,0.747,70,53,195.0,153.0,176.0,576.0,2,6,11,11,2,14,3,10,26,14,17,20,23,21,08/04/2020
1610612766,Charlotte Hornets,10,4,6,0.4,490.0,112.7,314,0.714,66,38,154.0,110.0,136.0,490.0,21,21,11,21,22,15,27,25,27,26,2,2,8,9,08/04/2020
1610612741,Chicago Bulls,9,3,6,0.333,432.0,113.3,247,0.683,95,43,178.0,122.0,116.0,462.0,28,27,11,25,28,17,29,29,10,21,8,7,4,4,08/04/2020
1610612739,Cleveland Cavaliers,10,4,6,0.4,490.0,114.1,323,0.749,74,31,188.0,123.0,118.0,494.0,21,21,11,21,22,20,25,6,24,29,14,8,5,11,08/04/2020
1610612742,Dallas Mavericks,14,7,7,0.5,687.0,108.7,542,0.763,102,80,192.0,183.0,239.0,680.0,1,6,25,13,1,8,2,3,7,1,16,29,30,30,08/04/2020
1610612743,Denver Nuggets,11,6,5,0.545,533.0,113.7,349,0.73,96,44,236.0,141.0,141.0,492.0,17,13,7,10,17,18,20,19,9,19,28,17,11,10,08/04/2020
1610612765,Detroit Pistons,8,1,7,0.125,384.0,117.4,221,0.71,65,26,120.0,102.0,112.0,424.0,30,30,25,30,30,29,30,27,28,30,1,1,2,2,08/04/2020
1610612744,Golden State Warriors,9,3,6,0.333,432.0,114.3,295,0.739,58,35,162.0,113.0,159.0,438.0,28,27,11,25,28,21,28,14,30,28,3,4,16,3,08/04/2020
1610612745,Houston Rockets,12,7,5,0.583,586.0,112.0,391,0.67,117,68,206.0,191.0,165.0,616.0,6,6,7,8,6,13,15,30,2,6,23,30,17,28,08/04/2020
1610612754,Indiana Pacers,12,9,3,0.75,576.0,107.3,407,0.714,103,73,171.0,140.0,227.0,588.0,6,1,1,1,11,6,13,24,5,3,5,16,29,23,08/04/2020
1610612746,LA Clippers,12,8,4,0.667,576.0,105.7,439,0.749,77,45,201.0,136.0,125.0,520.0,6,3,5,5,11,4,4,7,23,18,19,13,6,14,08/04/2020
1610612747,Los Angeles Lakers,12,9,3,0.75,576.0,101.8,419,0.744,107,73,217.0,133.0,212.0,522.0,6,1,1,1,11,1,8,11,3,3,25,12,28,15,08/04/2020
1610612763,Memphis Grizzlies,12,4,8,0.333,581.0,107.4,439,0.738,92,65,203.0,152.0,179.0,518.0,6,21,29,25,8,7,4,15,12,7,22,19,24,13,08/04/2020
1610612748,Miami Heat,13,8,5,0.615,629.0,110.4,437,0.724,103,75,224.0,180.0,140.0,548.0,2,3,7,7,2,10,6,22,5,2,26,27,10,18,08/04/2020
1610612749,Milwaukee Bucks,13,7,6,0.538,629.0,102.9,559,0.805,85,63,265.0,128.0,203.0,476.0,2,6,11,11,2,2,1,1,17,8,30,10,26,6,08/04/2020
1610612750,Minnesota Timberwolves,10,3,7,0.3,480.0,117.0,319,0.737,92,37,179.0,139.0,155.0,596.0,21,27,25,29,26,28,26,16,12,27,9,14,15,25,08/04/2020
1610612740,New Orleans Pelicans,11,5,6,0.455,533.0,107.2,411,0.748,94,39,230.0,149.0,188.0,556.0,17,17,11,17,17,5,11,9,11,25,27,18,25,19,08/04/2020
1610612752,New York Knicks,10,4,6,0.4,485.0,116.3,348,0.733,72,54,183.0,130.0,106.0,464.0,21,21,11,21,24,26,21,18,25,13,10,11,1,5,08/04/2020
1610612760,Oklahoma City Thunder,10,7,3,0.7,485.0,109.4,335,0.712,79,62,174.0,139.0,113.0,478.0,21,6,1,3,24,9,24,26,22,9,7,14,3,7,08/04/2020
1610612753,Orlando Magic,12,8,4,0.667,576.0,115.5,412,0.768,84,58,186.0,112.0,138.0,608.0,6,3,5,5,11,25,10,2,18,12,13,3,9,26,08/04/2020
1610612755,Philadelphia 76ers,11,5,6,0.455,528.0,118.8,344,0.742,84,49,183.0,120.0,169.0,590.0,17,17,11,17,20,30,22,13,18,16,10,5,18,24,08/04/2020
1610612756,Phoenix Suns,12,7,5,0.583,576.0,113.1,399,0.743,84,44,214.0,162.0,169.0,586.0,6,6,7,8,11,16,14,12,18,19,24,23,18,22,08/04/2020
1610612757,Portland Trail Blazers,12,6,6,0.5,581.0,114.6,418,0.736,90,70,188.0,165.0,206.0,482.0,6,13,11,13,8,23,9,17,14,5,14,25,27,8,08/04/2020
1610612758,Sacramento Kings,12,6,6,0.5,581.0,111.5,427,0.753,106,41,199.0,123.0,173.0,546.0,6,13,11,13,8,12,7,4,4,24,18,8,22,17,08/04/2020
1610612759,San Antonio Spurs,11,5,6,0.455,533.0,114.7,364,0.749,89,60,184.0,153.0,134.0,572.0,17,17,11,17,17,24,19,8,15,10,12,20,7,20,08/04/2020
1610612761,Toronto Raptors,10,7,3,0.7,480.0,103.1,367,0.753,84,43,164.0,121.0,146.0,408.0,21,6,1,3,26,3,18,5,18,21,4,6,13,1,08/04/2020
1610612762,Utah Jazz,12,6,6,0.5,576.0,114.1,382,0.705,89,52,201.0,163.0,154.0,608.0,6,13,11,13,11,19,17,28,15,15,19,24,14,26,08/04/2020
1610612764,Washington Wizards,13,4,9,0.308,629.0,114.6,390,0.729,119,48,246.0,168.0,169.0,658.0,2,21,30,28,2,22,16,20,1,17,29,26,18,29,08/04/2020
1610612737,Atlanta Hawks,9,3,6,0.333,447.0,118.2,299,0.725,56,38,165.0,141.0,155.0,474.0,25,26,16,25,25,30,25,22,30,23,6,16,15,10,08/05/2020
1610612738,Boston Celtics,13,6,7,0.462,634.0,110.8,447,0.721,109,69,216.0,196.0,152.0,586.0,2,11,24,16,3,10,6,24,3,6,24,30,13,21,08/05/2020
1610612751,Brooklyn Nets,13,6,7,0.462,629.0,115.8,461,0.746,69,49,209.0,145.0,171.0,588.0,2,11,24,16,4,24,4,10,25,16,21,17,22,23,08/05/2020
1610612766,Charlotte Hornets,9,4,5,0.444,442.0,112.2,278,0.702,61,36,138.0,100.0,124.0,440.0,25,21,6,20,26,12,28,27,28,26,2,1,7,4,08/05/2020
1610612741,Chicago Bulls,8,3,5,0.375,384.0,113.9,220,0.693,84,36,148.0,100.0,98.0,408.0,29,26,6,24,29,17,30,29,20,26,3,1,1,1,08/05/2020
1610612739,Cleveland Cavaliers,9,4,5,0.444,442.0,112.8,294,0.739,66,29,151.0,118.0,103.0,450.0,25,21,6,20,26,15,27,14,26,29,4,8,2,7,08/05/2020
1610612742,Dallas Mavericks,13,7,6,0.538,639.0,108.6,504,0.771,97,70,166.0,162.0,216.0,614.0,2,7,16,13,2,9,2,3,9,4,7,22,28,26,08/05/2020
1610612743,Denver Nuggets,12,7,5,0.583,581.0,114.7,381,0.725,102,49,253.0,154.0,154.0,548.0,8,7,6,7,8,23,18,21,6,16,29,21,14,16,08/05/2020
1610612765,Detroit Pistons,8,1,7,0.125,384.0,117.4,221,0.71,65,26,120.0,102.0,112.0,424.0,29,30,24,30,29,29,29,26,27,30,1,3,5,2,08/05/2020
1610612744,Golden State Warriors,9,3,6,0.333,432.0,114.3,295,0.739,58,35,162.0,113.0,159.0,438.0,25,26,16,25,28,19,26,13,29,28,5,6,21,3,08/05/2020
1610612745,Houston Rockets,11,6,5,0.545,538.0,112.3,355,0.662,108,63,194.0,177.0,155.0,552.0,15,11,6,10,15,13,21,30,4,10,18,29,15,17,08/05/2020
1610612754,Indiana Pacers,12,9,3,0.75,576.0,107.3,407,0.714,103,73,171.0,140.0,227.0,588.0,8,1,1,1,13,7,13,25,5,2,8,15,29,23,08/05/2020
1610612746,LA Clippers,11,8,3,0.727,528.0,105.7,405,0.748,70,42,177.0,126.0,105.0,468.0,15,3,1,2,19,4,14,9,24,20,10,10,3,9,08/05/2020
1610612747,Los Angeles Lakers,13,9,4,0.692,624.0,101.9,455,0.75,114,76,229.0,139.0,230.0,568.0,2,1,5,5,6,1,5,6,2,1,26,13,30,20,08/05/2020
1610612763,Memphis Grizzlies,13,4,9,0.308,629.0,108.2,471,0.734,99,68,218.0,169.0,185.0,554.0,2,21,29,27,4,8,3,18,7,7,25,26,25,18,08/05/2020
1610612748,Miami Heat,12,7,5,0.583,581.0,111.0,412,0.732,87,71,213.0,166.0,122.0,504.0,8,7,6,7,8,11,10,20,18,3,23,25,6,12,08/05/2020
1610612749,Milwaukee Bucks,12,6,6,0.5,581.0,103.6,510,0.808,83,57,244.0,111.0,180.0,440.0,8,11,16,14,8,3,1,1,21,12,28,5,24,4,08/05/2020
1610612750,Minnesota Timberwolves,10,3,7,0.3,480.0,117.0,319,0.737,92,37,179.0,139.0,155.0,596.0,23,26,24,28,24,27,24,15,13,24,11,13,15,25,08/05/2020
1610612740,New Orleans Pelicans,11,5,6,0.455,533.0,107.2,411,0.748,94,39,230.0,149.0,188.0,556.0,15,18,16,18,16,6,11,8,11,22,27,19,26,19,08/05/2020
1610612752,New York Knicks,10,4,6,0.4,485.0,116.3,348,0.733,72,54,183.0,130.0,106.0,464.0,23,21,16,23,23,26,22,19,23,13,13,12,4,8,08/05/2020
1610612760,Oklahoma City Thunder,11,8,3,0.727,533.0,107.1,383,0.722,88,64,192.0,150.0,126.0,522.0,15,3,1,2,16,5,17,23,17,9,17,20,8,14,08/05/2020
1610612753,Orlando Magic,13,8,5,0.615,624.0,114.6,447,0.776,92,62,197.0,117.0,156.0,660.0,2,3,6,6,6,22,6,2,13,11,19,7,19,29,08/05/2020
1610612755,Philadelphia 76ers,11,6,5,0.545,528.0,117.2,347,0.744,85,49,182.0,123.0,147.0,586.0,15,11,6,10,19,28,23,11,19,16,12,9,12,21,08/05/2020
1610612756,Phoenix Suns,11,6,5,0.545,528.0,114.3,369,0.75,74,40,185.0,146.0,144.0,544.0,15,11,6,10,19,20,20,7,22,21,14,18,11,15,08/05/2020
1610612757,Portland Trail Blazers,12,6,6,0.5,581.0,114.6,418,0.736,90,70,188.0,165.0,206.0,482.0,8,11,16,14,8,21,9,16,15,4,16,23,27,11,08/05/2020
1610612758,Sacramento Kings,11,5,6,0.455,533.0,112.8,390,0.756,95,37,185.0,108.0,155.0,506.0,15,18,16,18,16,14,15,5,10,24,14,4,15,13,08/05/2020
1610612759,San Antonio Spurs,12,5,7,0.417,581.0,116.1,389,0.741,99,65,199.0,174.0,139.0,628.0,8,18,24,22,8,25,16,12,7,8,20,27,9,27,08/05/2020
1610612761,Toronto Raptors,11,8,3,0.727,528.0,102.5,408,0.759,90,45,174.0,129.0,157.0,446.0,15,3,1,2,19,2,12,4,15,19,9,11,20,6,08/05/2020
1610612762,Utah Jazz,12,7,5,0.583,576.0,113.3,377,0.698,93,54,209.0,165.0,140.0,628.0,8,7,6,7,13,16,19,28,12,13,21,23,10,27,08/05/2020
1610612764,Washington Wizards,14,4,10,0.286,677.0,113.9,429,0.734,127,53,257.0,174.0,176.0,698.0,1,21,30,29,1,18,8,17,1,15,30,27,23,30,08/05/2020
1610612737,Atlanta Hawks,9,3,6,0.333,447.0,118.2,299,0.725,56,38,165.0,141.0,155.0,474.0,24,26,15,25,24,30,24,21,29,22,8,16,18,9,08/06/2020
1610612738,Boston Celtics,12,6,6,0.5,586.0,110.9,411,0.72,102,66,196.0,178.0,136.0,532.0,9,13,15,13,9,11,12,23,5,8,17,28,11,15,08/06/2020
1610612751,Brooklyn Nets,13,6,7,0.462,629.0,115.8,461,0.746,69,49,209.0,145.0,171.0,588.0,2,13,26,18,2,24,4,10,24,16,21,19,23,23,08/06/2020
1610612766,Charlotte Hornets,9,4,5,0.444,442.0,112.2,278,0.702,61,36,138.0,100.0,124.0,440.0,24,20,5,20,25,13,27,26,27,24,3,3,7,5,08/06/2020
1610612741,Chicago Bulls,7,2,5,0.286,336.0,114.8,193,0.679,69,32,122.0,96.0,68.0,364.0,29,29,5,29,29,21,29,29,24,27,2,2,1,1,08/06/2020
1610612739,Cleveland Cavaliers,9,4,5,0.444,442.0,112.8,294,0.739,66,29,151.0,118.0,103.0,450.0,24,20,5,20,25,15,25,14,26,28,5,7,3,6,08/06/2020
1610612742,Dallas Mavericks,14,7,7,0.5,687.0,110.1,533,0.767,100,74,175.0,180.0,221.0,672.0,1,5,26,13,1,8,2,3,6,2,10,29,29,30,08/06/2020
1610612743,Denver Nuggets,12,6,6,0.5,581.0,116.3,381,0.722,98,46,250.0,144.0,141.0,530.0,9,13,15,13,11,26,17,22,8,18,29,17,14,14,08/06/2020
1610612765,Detroit Pistons,7,1,6,0.143,336.0,118.1,188,0.699,58,21,108.0,87.0,92.0,388.0,29,30,15,30,29,29,30,27,28,30,1,1,2,3,08/06/2020
1610612744,Golden State Warriors,8,3,5,0.375,384.0,114.2,258,0.747,49,28,147.0,100.0,132.0,386.0,28,26,5,23,28,19,28,9,30,29,4,3,8,2,08/06/2020
1610612745,Houston Rockets,12,7,5,0.583,586.0,110.6,385,0.665,119,68,211.0,191.0,165.0,610.0,9,5,5,7,9,10,16,30,1,6,23,30,22,26,08/06/2020
1610612754,Indiana Pacers,12,9,3,0.75,576.0,106.2,413,0.717,96,74,172.0,134.0,212.0,590.0,9,1,1,1,14,4,10,24,9,2,9,14,28,25,08/06/2020
1610612746,LA Clippers,12,9,3,0.75,576.0,106.6,441,0.752,73,45,181.0,140.0,105.0,504.0,9,1,1,1,14,5,8,7,22,19,12,15,4,12,08/06/2020
1610612747,Los Angeles Lakers,13,8,5,0.615,624.0,101.8,456,0.752,116,78,246.0,144.0,224.0,554.0,2,3,5,5,7,1,5,8,2,1,28,17,30,17,08/06/2020
1610612763,Memphis Grizzlies,13,4,9,0.308,629.0,108.2,471,0.734,99,68,218.0,169.0,185.0,554.0,2,20,29,27,2,6,3,17,7,6,24,26,25,17,08/06/2020
1610612748,Miami Heat,13,7,6,0.538,629.0,111.9,445,0.739,93,72,239.0,174.0,134.0,540.0,2,5,15,11,2,12,7,13,11,4,27,27,9,16,08/06/2020
1610612749,Milwaukee Bucks,13,7,6,0.538,629.0,104.1,549,0.809,90,60,271.0,121.0,199.0,462.0,2,5,15,11,2,2,1,1,16,11,30,8,27,7,08/06/2020
1610612750,Minnesota Timberwolves,9,3,6,0.333,432.0,116.4,290,0.733,85,35,157.0,130.0,136.0,520.0,24,26,15,25,27,27,26,19,17,25,7,12,11,13,08/06/2020
1610612740,New Orleans Pelicans,11,4,7,0.364,533.0,110.2,398,0.741,91,37,235.0,146.0,179.0,568.0,18,20,26,24,18,9,15,12,14,23,26,20,24,21,08/06/2020
1610612752,New York Knicks,10,4,6,0.4,485.0,116.3,348,0.733,72,54,183.0,130.0,106.0,464.0,21,20,15,22,21,25,21,18,23,13,15,12,5,8,08/06/2020
1610612760,Oklahoma City Thunder,10,7,3,0.7,485.0,108.2,335,0.716,81,57,180.0,129.0,114.0,480.0,21,5,1,3,21,7,23,25,19,12,11,11,6,10,08/06/2020
1610612753,Orlando Magic,13,8,5,0.615,624.0,114.6,447,0.776,92,62,197.0,117.0,156.0,660.0,2,3,5,5,7,20,6,2,13,10,18,5,19,29,08/06/2020
1610612755,Philadelphia 76ers,11,6,5,0.545,528.0,117.2,347,0.744,85,49,182.0,123.0,147.0,586.0,18,13,5,10,20,28,22,11,17,16,13,10,16,22,08/06/2020
1610612756,Phoenix Suns,12,7,5,0.583,576.0,112.8,410,0.761,80,44,203.0,150.0,149.0,588.0,9,5,5,7,14,14,13,5,21,20,20,21,17,23,08/06/2020
1610612757,Portland Trail Blazers,12,6,6,0.5,581.0,115.4,412,0.73,91,71,185.0,161.0,191.0,490.0,9,13,15,13,11,22,11,20,14,5,16,22,26,11,08/06/2020
1610612758,Sacramento Kings,12,6,6,0.5,581.0,113.7,416,0.758,106,40,198.0,121.0,157.0,558.0,9,13,15,13,11,18,9,6,4,21,19,8,20,20,08/06/2020
1610612759,San Antonio Spurs,11,5,6,0.455,533.0,115.5,360,0.736,94,64,182.0,164.0,135.0,554.0,18,19,15,19,18,23,20,16,10,9,13,24,10,17,08/06/2020
1610612761,Toronto Raptors,10,7,3,0.7,480.0,104.9,361,0.763,81,35,156.0,117.0,144.0,404.0,21,5,1,3,23,3,19,4,19,25,6,5,15,4,08/06/2020
1610612762,Utah Jazz,12,7,5,0.583,576.0,113.3,377,0.698,93,54,209.0,165.0,140.0,628.0,9,5,5,7,14,16,18,28,11,13,21,25,13,27,08/06/2020
1610612764,Washington Wizards,13,4,9,0.308,629.0,113.6,402,0.737,112,50,234.0,162.0,159.0,652.0,2,20,29,27,2,17,14,15,3,15,25,23,21,28,08/06/2020
1610612737,Atlanta Hawks,8,3,5,0.375,399.0,117.3,269,0.725,51,36,143.0,123.0,141.0,418.0,25,25,5,24,25,29,25,20,29,24,5,10,15,6,08/07/2020
1610612738,Boston Celtics,13,7,6,0.538,634.0,109.6,454,0.728,110,68,207.0,186.0,149.0,586.0,1,4,18,11,2,8,6,19,3,6,21,30,17,22,08/07/2020
1610612751,Brooklyn Nets,13,7,6,0.538,629.0,114.8,462,0.741,72,49,209.0,154.0,170.0,572.0,1,4,18,11,3,23,4,12,21,15,22,20,24,20,08/07/2020
1610612766,Charlotte Hornets,9,4,5,0.444,442.0,112.2,278,0.702,61,36,138.0,100.0,124.0,440.0,23,22,5,20,23,14,24,27,25,24,4,3,7,8,08/07/2020
1610612741,Chicago Bulls,7,2,5,0.286,336.0,114.8,193,0.679,69,32,122.0,96.0,68.0,364.0,29,29,5,29,29,22,29,29,23,26,2,2,1,1,08/07/2020
1610612739,Cleveland Cavaliers,8,3,5,0.375,389.0,113.2,254,0.733,58,23,135.0,103.0,97.0,410.0,25,25,5,24,26,16,28,17,27,29,3,5,5,4,08/07/2020
1610612742,Dallas Mavericks,13,6,7,0.462,639.0,110.0,493,0.764,93,71,163.0,163.0,199.0,628.0,1,11,26,18,1,10,2,3,11,3,9,25,27,27,08/07/2020
1610612743,Denver Nuggets,12,6,6,0.5,581.0,116.3,381,0.722,98,46,250.0,144.0,141.0,530.0,9,11,18,14,9,27,19,22,8,17,29,17,15,14,08/07/2020
1610612765,Detroit Pistons,7,1,6,0.143,336.0,118.1,188,0.699,58,21,108.0,87.0,92.0,388.0,29,30,18,30,29,30,30,28,27,30,1,1,4,3,08/07/2020
1610612744,Golden State Warriors,8,3,5,0.375,384.0,114.2,258,0.747,49,28,147.0,100.0,132.0,386.0,25,25,5,24,27,19,26,10,30,28,7,3,11,2,08/07/2020
1610612745,Houston Rockets,11,6,5,0.545,538.0,111.1,352,0.665,108,61,200.0,172.0,150.0,560.0,17,11,5,8,17,11,21,30,5,8,20,28,18,19,08/07/2020
1610612754,Indiana Pacers,12,9,3,0.75,576.0,106.2,413,0.717,96,74,172.0,134.0,212.0,590.0,9,1,1,1,13,5,10,24,10,2,11,15,29,24,08/07/2020
1610612746,LA Clippers,11,8,3,0.727,528.0,107.5,402,0.751,66,40,173.0,130.0,87.0,458.0,17,2,1,2,19,6,13,8,24,23,12,12,3,10,08/07/2020
1610612747,Los Angeles Lakers,13,8,5,0.615,624.0,101.8,456,0.752,116,78,246.0,144.0,224.0,554.0,1,2,5,5,6,1,5,7,1,1,28,17,30,18,08/07/2020
1610612763,Memphis Grizzlies,13,5,8,0.385,629.0,105.8,483,0.737,99,65,212.0,166.0,166.0,538.0,1,20,29,23,3,3,3,16,7,7,23,26,23,16,08/07/2020
1610612748,Miami Heat,12,7,5,0.583,576.0,111.5,405,0.745,87,61,215.0,156.0,124.0,486.0,9,4,5,6,13,12,12,11,17,8,24,22,7,12,08/07/2020
1610612749,Milwaukee Bucks,12,6,6,0.5,576.0,103.3,508,0.811,83,56,245.0,111.0,185.0,424.0,9,11,18,14,13,2,1,1,18,11,27,6,25,7,08/07/2020
1610612750,Minnesota Timberwolves,8,3,5,0.375,384.0,115.4,255,0.739,81,29,144.0,111.0,112.0,460.0,25,25,5,24,27,24,27,14,19,27,6,6,6,11,08/07/2020
1610612740,New Orleans Pelicans,12,5,7,0.417,581.0,109.7,432,0.74,98,45,253.0,155.0,204.0,608.0,9,20,26,22,9,9,9,13,8,19,30,21,28,26,08/07/2020
1610612752,New York Knicks,9,4,5,0.444,437.0,116.2,310,0.723,60,46,161.0,127.0,80.0,412.0,23,22,5,20,24,26,23,21,26,17,8,11,2,5,08/07/2020
1610612760,Oklahoma City Thunder,11,7,4,0.636,533.0,109.3,359,0.712,93,59,190.0,149.0,126.0,536.0,17,4,3,3,18,7,20,25,11,10,16,19,9,15,08/07/2020
1610612753,Orlando Magic,13,7,6,0.538,624.0,114.3,450,0.769,91,55,190.0,122.0,156.0,660.0,1,4,18,11,6,20,8,2,14,13,16,9,19,29,08/07/2020
1610612755,Philadelphia 76ers,11,6,5,0.545,528.0,116.8,344,0.751,80,48,169.0,116.0,129.0,576.0,17,11,5,8,19,28,22,9,20,16,10,8,10,21,08/07/2020
1610612756,Phoenix Suns,11,6,5,0.545,528.0,113.0,383,0.763,70,43,183.0,137.0,133.0,546.0,17,11,5,8,19,15,18,5,22,21,14,16,12,17,08/07/2020
1610612757,Portland Trail Blazers,12,6,6,0.5,581.0,115.4,412,0.73,91,71,185.0,161.0,191.0,490.0,9,11,18,14,9,25,11,18,14,3,15,24,26,13,08/07/2020
1610612758,Sacramento Kings,13,6,7,0.462,629.0,113.9,453,0.762,109,44,216.0,132.0,163.0,596.0,1,11,26,18,3,18,7,6,4,20,25,14,20,25,08/07/2020
1610612759,San Antonio Spurs,12,6,6,0.5,581.0,114.7,399,0.738,104,69,193.0,168.0,140.0,588.0,9,11,18,14,9,21,15,15,6,5,18,27,14,23,08/07/2020
1610612761,Toronto Raptors,11,7,4,0.636,528.0,106.1,400,0.763,89,42,182.0,130.0,163.0,454.0,17,4,3,3,19,4,14,4,16,22,13,12,20,9,08/07/2020
1610612762,Utah Jazz,12,7,5,0.583,576.0,111.8,391,0.712,93,56,197.0,160.0,139.0,628.0,9,4,5,6,13,13,17,26,11,11,19,23,13,27,08/07/2020
1610612764,Washington Wizards,13,4,9,0.308,624.0,113.5,397,0.72,113,54,235.0,172.0,163.0,662.0,1,22,30,28,6,17,16,23,2,14,26,28,20,30,08/07/2020
1610612737,Atlanta Hawks,8,3,5,0.375,399.0,117.3,269,0.725,51,36,143.0,123.0,141.0,418.0,24,25,8,25,24,30,24,19,27,24,6,11,14,7,08/08/2020
1610612738,Boston Celtics,12,6,6,0.5,586.0,110.1,417,0.722,104,65,191.0,177.0,123.0,544.0,9,11,16,13,10,9,11,22,4,7,17,29,10,18,08/08/2020
1610612751,Brooklyn Nets,13,7,6,0.538,629.0,114.8,462,0.741,72,49,209.0,154.0,170.0,572.0,2,3,16,8,3,22,4,12,22,15,22,21,25,22,08/08/2020
1610612766,Charlotte Hornets,8,4,4,0.5,394.0,111.0,252,0.697,51,35,124.0,90.0,103.0,378.0,24,22,4,13,25,11,27,28,27,25,3,3,6,4,08/08/2020
1610612741,Chicago Bulls,6,2,4,0.333,288.0,112.3,167,0.676,63,28,105.0,87.0,62.0,326.0,29,29,4,28,29,15,29,29,24,27,2,2,1,1,08/08/2020
1610612739,Cleveland Cavaliers,8,3,5,0.375,389.0,113.2,254,0.733,58,23,135.0,103.0,97.0,410.0,24,25,8,25,26,17,26,17,26,29,5,5,5,5,08/08/2020
1610612742,Dallas Mavericks,14,7,7,0.5,692.0,110.4,536,0.766,99,73,169.0,174.0,219.0,676.0,1,3,26,13,1,10,1,4,8,1,10,26,30,29,08/08/2020
1610612743,Denver Nuggets,12,6,6,0.5,591.0,116.5,389,0.722,96,48,250.0,142.0,148.0,532.0,9,11,16,13,9,27,18,21,11,16,29,16,15,14,08/08/2020
1610612765,Detroit Pistons,6,1,5,0.167,288.0,117.2,167,0.706,50,19,92.0,75.0,77.0,328.0,29,30,8,30,29,29,29,26,29,30,1,1,2,2,08/08/2020
1610612744,Golden State Warriors,7,3,4,0.429,336.0,114.5,229,0.736,42,26,128.0,91.0,122.0,334.0,28,25,4,21,28,20,28,16,30,28,4,4,9,3,08/08/2020
1610612745,Houston Rockets,11,6,5,0.545,538.0,111.1,352,0.665,108,61,200.0,172.0,150.0,560.0,18,11,8,6,18,12,20,30,3,9,20,24,17,21,08/08/2020
1610612754,Indiana Pacers,12,9,3,0.75,576.0,108.6,399,0.701,100,67,186.0,136.0,217.0,608.0,9,1,1,1,15,7,14,27,7,6,15,15,29,26,08/08/2020
1610612746,LA Clippers,12,9,3,0.75,576.0,108.2,438,0.754,71,42,184.0,145.0,96.0,504.0,9,1,1,1,15,6,8,7,23,21,13,17,4,13,08/08/2020
1610612747,Los Angeles Lakers,13,7,6,0.538,624.0,102.9,448,0.748,119,72,239.0,145.0,214.0,554.0,2,3,16,8,5,1,6,9,1,2,28,17,28,20,08/08/2020
1610612763,Memphis Grizzlies,13,5,8,0.385,629.0,105.8,483,0.737,99,65,212.0,166.0,166.0,538.0,2,18,29,24,3,3,3,15,8,7,23,22,23,15,08/08/2020
1610612748,Miami Heat,13,7,6,0.538,624.0,112.1,439,0.744,93,70,231.0,175.0,140.0,540.0,2,3,16,8,5,14,7,10,12,3,26,28,12,16,08/08/2020
1610612749,Milwaukee Bucks,12,5,7,0.417,581.0,105.3,509,0.804,76,55,259.0,122.0,185.0,456.0,9,18,26,22,11,2,2,1,20,11,30,9,27,9,08/08/2020
1610612750,Minnesota Timberwolves,8,3,5,0.375,384.0,115.4,255,0.739,81,29,144.0,111.0,112.0,460.0,24,25,8,25,27,23,25,13,18,26,7,6,8,10,08/08/2020
1610612740,New Orleans Pelicans,11,5,6,0.455,533.0,110.1,393,0.743,88,43,230.0,145.0,168.0,552.0,18,18,16,19,19,8,17,11,14,20,25,17,24,19,08/08/2020
1610612752,New York Knicks,9,4,5,0.444,437.0,116.2,310,0.723,60,46,161.0,127.0,80.0,412.0,23,22,8,20,23,26,23,20,25,19,8,14,3,6,08/08/2020
1610612760,Oklahoma City Thunder,10,6,4,0.6,485.0,107.6,329,0.718,85,52,173.0,126.0,111.0,478.0,21,11,4,4,21,5,22,24,16,14,12,12,7,11,08/08/2020
1610612753,Orlando Magic,13,7,6,0.538,624.0,114.3,450,0.769,91,55,190.0,122.0,156.0,660.0,2,3,16,8,5,19,5,3,13,11,16,9,20,27,08/08/2020
1610612755,Philadelphia 76ers,11,6,5,0.545,528.0,116.8,344,0.751,80,48,169.0,116.0,129.0,576.0,18,11,8,6,20,28,21,8,19,16,10,7,11,23,08/08/2020
1610612756,Phoenix Suns,12,7,5,0.583,576.0,112.8,423,0.771,75,47,192.0,145.0,151.0,598.0,9,3,8,5,15,16,10,2,21,18,18,17,18,25,08/08/2020
1610612757,Portland Trail Blazers,12,6,6,0.5,581.0,116.0,411,0.725,88,69,184.0,174.0,173.0,490.0,9,11,16,13,11,25,13,18,14,4,13,26,26,12,08/08/2020
1610612758,Sacramento Kings,12,5,7,0.417,581.0,115.4,415,0.758,102,40,208.0,126.0,149.0,542.0,9,18,26,22,11,24,12,6,6,22,21,12,16,17,08/08/2020
1610612759,San Antonio Spurs,12,6,6,0.5,581.0,114.7,399,0.738,104,69,193.0,168.0,140.0,588.0,9,11,16,13,11,21,14,14,4,4,19,23,12,24,08/08/2020
1610612761,Toronto Raptors,10,7,3,0.7,480.0,106.2,366,0.764,85,37,163.0,116.0,153.0,426.0,21,3,1,3,22,4,19,5,16,23,9,7,19,8,08/08/2020
1610612762,Utah Jazz,13,7,6,0.538,634.0,111.7,427,0.717,99,60,218.0,177.0,158.0,702.0,2,3,16,8,2,13,9,25,8,10,24,29,21,30,08/08/2020
1610612764,Washington Wizards,13,4,9,0.308,624.0,113.5,397,0.72,113,54,235.0,172.0,163.0,662.0,2,22,30,29,5,18,16,23,2,13,27,24,22,28,08/08/2020
1610612737,Atlanta Hawks,7,3,4,0.429,351.0,116.3,236,0.731,46,31,122.0,104.0,126.0,354.0,24,23,3,19,24,26,24,17,28,24,5,7,11,5,08/09/2020
1610612738,Boston Celtics,12,6,6,0.5,591.0,109.4,423,0.719,106,68,195.0,172.0,131.0,540.0,9,12,20,14,9,7,11,23,6,3,18,28,13,16,08/09/2020
1610612751,Brooklyn Nets,13,8,5,0.615,629.0,115.9,459,0.742,70,53,212.0,163.0,168.0,588.0,1,2,11,6,2,24,4,13,20,14,24,25,23,22,08/09/2020
1610612766,Charlotte Hornets,7,3,4,0.429,346.0,111.7,225,0.705,44,31,110.0,74.0,94.0,320.0,24,23,3,19,25,14,27,27,29,24,3,1,5,1,08/09/2020
1610612741,Chicago Bulls,6,2,4,0.333,288.0,112.3,167,0.676,63,28,105.0,87.0,62.0,326.0,29,27,3,26,29,15,29,30,24,26,2,3,1,2,08/09/2020
1610612739,Cleveland Cavaliers,7,2,5,0.286,341.0,115.0,215,0.728,53,19,120.0,99.0,93.0,374.0,24,27,11,27,26,21,28,19,26,29,4,6,4,7,08/09/2020
1610612742,Dallas Mavericks,13,6,7,0.462,644.0,111.3,498,0.77,88,64,147.0,163.0,200.0,630.0,1,12,24,17,1,12,2,3,16,7,9,25,28,27,08/09/2020
1610612743,Denver Nuggets,12,6,6,0.5,591.0,116.5,389,0.722,96,48,250.0,142.0,148.0,532.0,9,12,20,14,9,28,18,21,10,16,28,16,18,15,08/09/2020
1610612765,Detroit Pistons,6,1,5,0.167,288.0,117.2,167,0.706,50,19,92.0,75.0,77.0,328.0,29,30,11,30,29,29,29,26,27,29,1,2,3,3,08/09/2020
1610612744,Golden State Warriors,7,3,4,0.429,336.0,114.5,229,0.736,42,26,128.0,91.0,122.0,334.0,24,23,3,19,27,18,25,15,30,27,7,4,10,4,08/09/2020
1610612745,Houston Rockets,11,6,5,0.545,538.0,110.6,357,0.692,109,57,192.0,156.0,143.0,564.0,18,12,11,10,18,9,21,29,4,9,17,21,15,19,08/09/2020
1610612754,Indiana Pacers,12,9,3,0.75,576.0,108.6,399,0.701,100,67,186.0,136.0,217.0,608.0,9,1,1,1,15,6,14,28,9,5,15,15,30,25,08/09/2020
1610612746,LA Clippers,12,8,4,0.667,576.0,110.9,432,0.759,68,42,181.0,155.0,109.0,518.0,9,2,3,3,15,11,9,7,21,20,12,20,7,12,08/09/2020
1610612747,Los Angeles Lakers,13,7,6,0.538,624.0,102.9,448,0.748,119,72,239.0,145.0,214.0,554.0,1,5,20,12,7,1,7,9,1,2,26,17,29,18,08/09/2020
1610612763,Memphis Grizzlies,13,5,8,0.385,629.0,103.4,488,0.744,104,65,210.0,154.0,150.0,522.0,1,18,28,24,2,2,3,10,7,6,23,19,19,13,08/09/2020
1610612748,Miami Heat,12,7,5,0.583,576.0,111.4,404,0.743,84,62,200.0,168.0,111.0,484.0,9,5,11,7,15,13,12,11,17,8,20,27,8,11,08/09/2020
1610612749,Milwaukee Bucks,12,5,7,0.417,581.0,105.3,509,0.804,76,55,259.0,122.0,185.0,456.0,9,18,24,22,12,4,1,1,18,11,29,10,26,9,08/09/2020
1610612750,Minnesota Timberwolves,7,2,5,0.286,336.0,115.0,227,0.743,65,21,127.0,94.0,106.0,406.0,24,27,11,27,27,22,26,12,23,28,6,5,6,8,08/09/2020
1610612740,New Orleans Pelicans,12,5,7,0.417,581.0,110.2,425,0.736,93,48,260.0,160.0,185.0,588.0,9,18,24,22,12,8,10,14,13,16,30,24,26,22,08/09/2020
1610612752,New York Knicks,8,4,4,0.5,389.0,116.4,281,0.728,55,40,142.0,110.0,74.0,356.0,23,22,3,14,23,27,23,18,25,23,8,8,2,6,08/09/2020
1610612760,Oklahoma City Thunder,11,7,4,0.636,533.0,107.3,364,0.711,92,55,181.0,146.0,120.0,526.0,18,5,3,4,19,5,20,25,14,11,12,18,9,14,08/09/2020
1610612753,Orlando Magic,13,6,7,0.462,629.0,113.8,451,0.766,91,50,201.0,129.0,151.0,668.0,1,12,24,17,2,17,5,4,15,15,21,11,20,30,08/09/2020
1610612755,Philadelphia 76ers,11,6,5,0.545,528.0,117.3,355,0.757,73,42,168.0,112.0,127.0,580.0,18,12,11,10,20,30,22,8,19,20,10,9,12,21,08/09/2020
1610612756,Phoenix Suns,11,7,4,0.636,528.0,113.4,389,0.776,67,44,175.0,130.0,141.0,566.0,18,5,3,4,20,16,18,2,22,18,11,12,14,20,08/09/2020
1610612757,Portland Trail Blazers,13,7,6,0.538,629.0,116.2,445,0.72,96,75,196.0,198.0,182.0,540.0,1,5,20,12,2,25,8,22,10,1,19,30,25,16,08/09/2020
1610612758,Sacramento Kings,13,5,8,0.385,629.0,115.4,451,0.76,111,42,226.0,135.0,160.0,592.0,1,18,28,24,2,23,5,6,2,20,25,14,21,24,08/09/2020
1610612759,San Antonio Spurs,12,7,5,0.583,581.0,114.8,393,0.726,108,68,191.0,182.0,145.0,608.0,9,5,11,7,12,19,17,20,5,3,16,29,16,25,08/09/2020
1610612761,Toronto Raptors,11,8,3,0.727,528.0,104.9,401,0.761,102,44,182.0,132.0,165.0,468.0,18,2,1,2,20,3,13,5,8,18,14,13,22,10,08/09/2020
1610612762,Utah Jazz,12,7,5,0.583,586.0,110.6,399,0.718,94,57,205.0,156.0,147.0,646.0,9,5,11,7,11,10,14,24,12,9,22,21,17,28,08/09/2020
1610612764,Washington Wizards,13,3,10,0.231,624.0,114.9,398,0.734,110,55,239.0,159.0,173.0,662.0,1,23,30,29,7,20,16,16,3,11,26,23,24,29,08/09/2020
1610612737,Atlanta Hawks,7,3,4,0.429,351.0,116.3,236,0.731,46,31,122.0,104.0,126.0,354.0,23,23,4,20,23,26,24,18,28,24,6,9,11,6,08/10/2020
1610612738,Boston Celtics,12,6,6,0.5,591.0,109.4,423,0.719,106,68,195.0,172.0,131.0,540.0,11,12,20,14,11,7,13,23,6,4,17,26,12,17,08/10/2020
1610612751,Brooklyn Nets,13,8,5,0.615,629.0,115.9,459,0.742,70,53,212.0,163.0,168.0,588.0,2,2,10,5,4,25,4,12,20,13,24,24,24,21,08/10/2020
1610612766,Charlotte Hornets,7,3,4,0.429,346.0,111.7,225,0.705,44,31,110.0,74.0,94.0,320.0,23,23,4,20,24,13,26,27,29,24,4,1,5,3,08/10/2020
1610612741,Chicago Bulls,6,2,4,0.333,288.0,112.3,167,0.676,63,28,105.0,87.0,62.0,326.0,28,27,4,26,28,16,29,30,24,26,3,4,1,4,08/10/2020
1610612739,Cleveland Cavaliers,7,2,5,0.286,341.0,115.0,215,0.728,53,19,120.0,99.0,93.0,374.0,23,27,10,27,25,20,27,19,25,29,5,7,4,7,08/10/2020
1610612742,Dallas Mavericks,14,7,7,0.5,692.0,112.1,528,0.767,94,67,159.0,178.0,208.0,658.0,1,7,23,14,1,14,2,3,14,6,9,27,28,27,08/10/2020
1610612743,Denver Nuggets,13,6,7,0.462,639.0,118.0,414,0.715,102,50,275.0,162.0,160.0,588.0,2,12,23,18,2,30,15,24,9,16,29,23,21,21,08/10/2020
1610612765,Detroit Pistons,6,1,5,0.167,288.0,117.2,167,0.706,50,19,92.0,75.0,77.0,328.0,28,30,10,30,28,28,29,26,27,29,1,2,3,5,08/10/2020
1610612744,Golden State Warriors,6,3,3,0.5,288.0,115.4,197,0.734,35,23,104.0,85.0,99.0,274.0,28,23,1,14,28,22,28,14,30,27,2,3,6,1,08/10/2020
1610612745,Houston Rockets,11,6,5,0.545,538.0,110.6,357,0.692,109,57,192.0,156.0,143.0,564.0,20,12,10,10,20,10,21,29,4,11,15,20,14,19,08/10/2020
1610612754,Indiana Pacers,12,8,4,0.667,576.0,109.4,403,0.696,97,67,194.0,147.0,218.0,616.0,11,2,4,2,16,6,17,28,11,6,16,16,30,26,08/10/2020
1610612746,LA Clippers,12,8,4,0.667,576.0,110.9,432,0.759,68,42,181.0,155.0,109.0,518.0,11,2,4,2,16,11,8,7,21,20,12,18,8,13,08/10/2020
1610612747,Los Angeles Lakers,13,7,6,0.538,624.0,106.7,430,0.733,114,71,241.0,155.0,211.0,568.0,2,7,20,12,8,4,9,16,1,1,27,18,29,20,08/10/2020
1610612763,Memphis Grizzlies,13,5,8,0.385,629.0,103.4,488,0.744,104,65,210.0,154.0,150.0,522.0,2,17,28,24,4,1,3,10,8,8,22,17,16,15,08/10/2020
1610612748,Miami Heat,13,8,5,0.615,624.0,109.7,450,0.75,95,71,211.0,181.0,119.0,524.0,2,2,10,5,8,8,6,9,13,1,23,28,9,16,08/10/2020
1610612749,Milwaukee Bucks,13,5,8,0.385,629.0,105.5,547,0.795,80,61,279.0,143.0,201.0,502.0,2,17,28,24,4,3,1,1,18,10,30,13,27,11,08/10/2020
1610612750,Minnesota Timberwolves,7,2,5,0.286,336.0,115.0,227,0.743,65,21,127.0,94.0,106.0,406.0,23,27,10,27,27,21,25,11,23,28,7,5,7,8,08/10/2020
1610612740,New Orleans Pelicans,12,5,7,0.417,581.0,110.2,425,0.736,93,48,260.0,160.0,185.0,588.0,11,17,23,22,12,9,12,13,15,19,28,22,26,21,08/10/2020
1610612752,New York Knicks,7,4,3,0.571,341.0,115.5,251,0.732,53,37,132.0,97.0,68.0,312.0,23,22,1,9,25,24,23,17,25,22,8,6,2,2,08/10/2020
1610612760,Oklahoma City Thunder,11,6,5,0.545,533.0,107.9,369,0.714,96,53,188.0,144.0,138.0,512.0,20,12,10,10,21,5,20,25,12,13,13,15,13,12,08/10/2020
1610612753,Orlando Magic,13,6,7,0.462,629.0,113.8,451,0.766,91,50,201.0,129.0,151.0,668.0,2,12,23,18,4,17,5,4,16,16,19,11,17,29,08/10/2020
1610612755,Philadelphia 76ers,10,5,5,0.5,480.0,117.4,322,0.757,68,35,159.0,100.0,124.0,520.0,22,17,10,14,22,29,22,8,21,23,9,8,10,14,08/10/2020
1610612756,Phoenix Suns,12,8,4,0.667,576.0,111.5,430,0.777,78,51,199.0,143.0,154.0,598.0,11,2,4,2,16,12,9,2,19,15,18,13,18,24,08/10/2020
1610612757,Portland Trail Blazers,12,7,5,0.583,581.0,116.8,410,0.724,91,70,177.0,182.0,163.0,490.0,11,7,10,7,12,27,16,21,16,3,11,29,22,9,08/10/2020
1610612758,Sacramento Kings,12,5,7,0.417,581.0,115.4,418,0.76,105,40,209.0,126.0,157.0,542.0,11,17,23,22,12,23,14,5,7,21,21,10,20,18,08/10/2020
1610612759,San Antonio Spurs,12,7,5,0.583,581.0,114.8,393,0.726,108,68,191.0,182.0,145.0,608.0,11,7,10,7,12,18,19,20,5,4,14,29,15,25,08/10/2020
1610612761,Toronto Raptors,12,9,3,0.75,576.0,104.4,440,0.759,113,50,201.0,142.0,167.0,498.0,11,1,1,1,16,2,7,6,2,16,19,12,23,10,08/10/2020
1610612762,Utah Jazz,13,7,6,0.538,634.0,112.1,426,0.72,99,63,225.0,171.0,156.0,704.0,2,7,20,12,3,15,11,22,10,9,25,25,19,30,08/10/2020
1610612764,Washington Wizards,13,3,10,0.231,624.0,114.9,398,0.734,110,55,239.0,159.0,173.0,662.0,2,23,30,29,8,19,18,15,3,12,26,21,25,28,08/10/2020
1610612737,Atlanta Hawks,6,2,4,0.333,303.0,116.9,199,0.724,38,27,113.0,95.0,108.0,310.0,24,25,5,23,24,27,25,21,28,25,7,7,9,5,08/11/2020
1610612738,Boston Celtics,13,7,6,0.538,639.0,109.5,459,0.718,113,75,212.0,187.0,142.0,588.0,2,7,18,11,2,8,5,25,4,1,22,28,14,22,08/11/2020
1610612751,Brooklyn Nets,13,9,4,0.692,629.0,112.8,467,0.747,74,49,208.0,159.0,164.0,576.0,2,1,5,3,3,16,4,9,19,14,21,21,22,19,08/11/2020
1610612766,Charlotte Hornets,6,2,4,0.333,298.0,113.6,178,0.701,41,23,87.0,63.0,65.0,282.0,24,25,5,23,25,19,28,26,27,26,2,1,3,3,08/11/2020
1610612741,Chicago Bulls,6,2,4,0.333,288.0,112.3,167,0.676,63,28,105.0,87.0,62.0,326.0,24,25,5,23,27,15,29,30,22,24,4,6,2,7,08/11/2020
1610612739,Cleveland Cavaliers,6,2,4,0.333,293.0,114.8,191,0.742,46,17,108.0,82.0,70.0,302.0,24,25,5,23,26,22,27,12,26,28,5,4,5,4,08/11/2020
1610612742,Dallas Mavericks,14,7,7,0.5,692.0,111.8,529,0.763,98,69,170.0,179.0,204.0,670.0,1,7,24,13,1,13,2,5,9,5,10,27,28,30,08/11/2020
1610612743,Denver Nuggets,12,6,6,0.5,591.0,116.7,388,0.72,95,44,251.0,140.0,144.0,540.0,11,12,18,13,11,26,19,22,12,19,28,16,16,16,08/11/2020
1610612765,Detroit Pistons,5,0,5,0.0,240.0,117.2,146,0.696,36,16,72.0,71.0,58.0,266.0,30,30,14,30,30,28,30,29,29,29,1,2,1,1,08/11/2020
1610612744,Golden State Warriors,6,3,3,0.5,288.0,115.4,197,0.734,35,23,104.0,85.0,99.0,274.0,24,23,2,13,27,23,26,15,30,26,3,5,7,2,08/11/2020
1610612745,Houston Rockets,12,6,6,0.5,586.0,110.4,390,0.697,123,60,224.0,166.0,157.0,612.0,11,12,18,13,12,9,18,27,1,9,25,25,20,24,08/11/2020
1610612754,Indiana Pacers,12,8,4,0.667,576.0,109.4,403,0.696,97,67,194.0,147.0,218.0,616.0,11,4,5,4,16,7,15,28,11,7,15,17,30,25,08/11/2020
1610612746,LA Clippers,11,7,4,0.636,528.0,111.4,397,0.766,62,37,165.0,138.0,100.0,468.0,19,7,5,5,19,11,17,3,23,22,9,15,8,11,08/11/2020
1610612747,Los Angeles Lakers,13,7,6,0.538,624.0,106.7,430,0.733,114,71,241.0,155.0,211.0,568.0,2,7,18,11,9,4,9,17,3,4,27,20,29,18,08/11/2020
1610612763,Memphis Grizzlies,13,5,8,0.385,629.0,105.1,476,0.733,105,64,200.0,159.0,144.0,510.0,2,16,26,20,3,2,3,16,5,8,18,21,16,14,08/11/2020
1610612748,Miami Heat,12,7,5,0.583,576.0,108.8,416,0.741,89,69,201.0,176.0,114.0,492.0,11,7,14,9,16,6,12,14,15,5,19,26,10,12,08/11/2020
1610612749,Milwaukee Bucks,13,5,8,0.385,629.0,107.5,539,0.784,80,59,272.0,149.0,187.0,496.0,2,16,26,20,3,5,1,1,18,10,30,18,26,13,08/11/2020
1610612750,Minnesota Timberwolves,6,2,4,0.333,288.0,113.7,200,0.754,55,15,109.0,74.0,95.0,340.0,24,25,5,23,27,20,24,8,24,30,6,3,6,8,08/11/2020
1610612740,New Orleans Pelicans,12,4,8,0.333,581.0,110.6,417,0.73,89,46,255.0,159.0,177.0,586.0,11,21,26,23,14,10,11,20,15,17,29,21,25,20,08/11/2020
1610612752,New York Knicks,7,4,3,0.571,341.0,115.5,251,0.732,53,37,132.0,97.0,68.0,312.0,23,21,2,10,23,24,23,18,25,22,8,8,4,6,08/11/2020
1610612760,Oklahoma City Thunder,10,6,4,0.6,485.0,106.3,338,0.718,88,50,170.0,133.0,123.0,460.0,22,12,5,8,22,3,22,24,17,13,10,13,11,10,08/11/2020
1610612753,Orlando Magic,13,5,8,0.385,629.0,113.4,444,0.758,94,46,197.0,128.0,164.0,662.0,2,16,26,20,3,18,7,7,13,17,17,10,22,28,08/11/2020
1610612755,Philadelphia 76ers,11,5,6,0.455,528.0,119.3,345,0.746,73,39,180.0,119.0,139.0,586.0,19,16,18,18,19,30,21,10,20,21,12,9,12,20,08/11/2020
1610612756,Phoenix Suns,12,9,3,0.75,576.0,112.2,430,0.773,73,49,188.0,134.0,152.0,596.0,11,1,2,2,16,14,9,2,20,14,13,14,19,23,08/11/2020
1610612757,Portland Trail Blazers,13,8,5,0.615,629.0,117.4,446,0.731,100,73,190.0,191.0,171.0,526.0,2,4,14,6,3,29,6,19,7,2,14,29,24,15,08/11/2020
1610612758,Sacramento Kings,12,5,7,0.417,581.0,115.9,410,0.765,98,43,221.0,130.0,142.0,546.0,11,16,24,19,14,25,13,4,9,20,24,11,14,17,08/11/2020
1610612759,San Antonio Spurs,13,8,5,0.615,629.0,112.9,443,0.741,118,73,215.0,193.0,157.0,650.0,2,4,14,6,3,17,8,13,2,2,23,30,20,26,08/11/2020
1610612761,Toronto Raptors,11,9,2,0.818,528.0,104.4,409,0.763,102,47,195.0,131.0,150.0,456.0,19,1,1,1,19,1,14,6,6,16,16,12,18,9,08/11/2020
1610612762,Utah Jazz,12,6,6,0.5,586.0,111.8,387,0.72,92,58,206.0,160.0,141.0,656.0,11,12,18,13,12,12,20,23,14,11,20,24,13,27,08/11/2020
1610612764,Washington Wizards,13,3,10,0.231,624.0,114.4,403,0.743,100,54,240.0,149.0,187.0,662.0,2,23,30,29,9,21,15,11,7,12,26,18,26,28,08/11/2020
1610612737,Atlanta Hawks,5,1,4,0.2,255.0,117.7,168,0.734,31,22,90.0,71.0,87.0,258.0,26,29,8,29,26,28,26,17,29,26,4,4,7,4,08/12/2020
1610612738,Boston Celtics,12,7,5,0.583,586.0,110.1,419,0.717,102,69,198.0,173.0,126.0,542.0,5,7,15,8,5,10,8,25,5,1,17,25,11,18,08/12/2020
1610612751,Brooklyn Nets,12,9,3,0.75,581.0,112.3,431,0.746,71,46,200.0,141.0,158.0,532.0,5,2,3,3,7,16,5,9,21,17,18,14,23,17,08/12/2020
1610612766,Charlotte Hornets,6,2,4,0.333,298.0,113.6,178,0.701,41,23,87.0,63.0,65.0,282.0,23,24,8,24,23,19,25,28,26,25,2,2,5,7,08/12/2020
1610612741,Chicago Bulls,5,2,3,0.4,240.0,108.4,147,0.714,51,25,98.0,55.0,62.0,250.0,26,24,3,20,28,6,29,26,24,24,6,1,4,3,08/12/2020
1610612739,Cleveland Cavaliers,5,2,3,0.4,245.0,114.9,161,0.738,37,14,90.0,72.0,60.0,244.0,26,24,3,20,27,23,27,15,27,30,4,6,3,2,08/12/2020
1610612742,Dallas Mavericks,14,7,7,0.5,692.0,111.8,529,0.763,98,69,170.0,179.0,204.0,670.0,1,7,21,11,1,14,2,6,10,1,10,27,29,30,08/12/2020
1610612743,Denver Nuggets,13,6,7,0.462,639.0,117.6,421,0.727,99,47,273.0,149.0,155.0,582.0,2,12,21,15,2,27,7,22,8,16,30,17,21,21,08/12/2020
1610612765,Detroit Pistons,5,0,5,0.0,240.0,117.2,146,0.696,36,16,72.0,71.0,58.0,266.0,26,30,15,30,28,26,30,30,28,28,1,4,2,5,08/12/2020
1610612744,Golden State Warriors,5,2,3,0.4,240.0,118.2,161,0.74,26,17,89.0,68.0,86.0,236.0,26,24,3,20,28,29,27,13,30,27,3,3,6,1,08/12/2020
1610612745,Houston Rockets,12,5,7,0.417,581.0,110.0,392,0.698,121,58,234.0,179.0,154.0,610.0,5,15,21,16,7,9,19,29,1,10,26,27,20,25,08/12/2020
1610612754,Indiana Pacers,12,8,4,0.667,576.0,108.5,415,0.703,102,68,200.0,156.0,206.0,584.0,5,4,8,4,15,7,12,27,5,4,18,22,30,22,08/12/2020
1610612746,LA Clippers,12,8,4,0.667,576.0,111.7,431,0.766,73,38,172.0,155.0,110.0,520.0,5,4,8,4,15,12,5,3,20,22,12,21,9,16,08/12/2020
1610612747,Los Angeles Lakers,12,7,5,0.583,576.0,106.3,398,0.74,109,68,219.0,137.0,199.0,516.0,5,7,15,8,15,3,17,14,3,4,24,13,28,15,08/12/2020
1610612763,Memphis Grizzlies,12,4,8,0.333,581.0,106.0,440,0.733,95,60,184.0,149.0,131.0,472.0,5,20,27,24,7,2,4,18,12,8,14,17,12,9,08/12/2020
1610612748,Miami Heat,12,6,6,0.5,576.0,108.8,415,0.731,99,67,209.0,175.0,118.0,480.0,5,12,19,11,15,8,12,19,8,7,23,26,10,11,08/12/2020
1610612749,Milwaukee Bucks,13,5,8,0.385,629.0,107.5,539,0.784,80,59,272.0,149.0,187.0,496.0,2,15,27,23,3,5,1,1,19,9,29,17,26,13,08/12/2020
1610612750,Minnesota Timberwolves,6,2,4,0.333,288.0,113.7,200,0.754,55,15,109.0,74.0,95.0,340.0,23,24,8,24,25,20,24,8,23,29,8,7,8,8,08/12/2020
1610612740,New Orleans Pelicans,12,4,8,0.333,581.0,110.6,417,0.73,89,46,255.0,159.0,177.0,586.0,5,20,27,24,7,11,9,20,16,17,28,23,25,23,08/12/2020
1610612752,New York Knicks,6,3,3,0.5,293.0,114.8,218,0.737,47,33,103.0,78.0,57.0,272.0,23,22,3,11,24,22,23,16,25,23,7,8,1,6,08/12/2020
1610612760,Oklahoma City Thunder,11,7,4,0.636,533.0,107.0,374,0.727,95,54,188.0,141.0,134.0,502.0,21,7,8,7,21,4,22,21,12,12,15,14,14,14,08/12/2020
1610612753,Orlando Magic,12,5,7,0.417,581.0,113.5,413,0.755,85,41,182.0,126.0,156.0,618.0,5,15,21,16,7,18,14,7,17,21,13,10,22,26,08/12/2020
1610612755,Philadelphia 76ers,12,5,7,0.417,576.0,119.3,383,0.745,82,49,201.0,141.0,152.0,628.0,5,15,21,16,15,30,21,11,18,15,20,14,19,27,08/12/2020
1610612756,Phoenix Suns,11,9,2,0.818,528.0,111.9,398,0.779,70,44,171.0,115.0,145.0,542.0,21,2,1,2,22,15,17,2,22,19,11,9,17,18,08/12/2020
1610612757,Portland Trail Blazers,12,8,4,0.667,581.0,116.9,417,0.726,91,69,169.0,181.0,150.0,478.0,5,4,8,4,7,25,9,23,15,1,9,30,18,10,08/12/2020
1610612758,Sacramento Kings,12,5,7,0.417,581.0,115.9,410,0.765,98,43,221.0,130.0,142.0,546.0,5,15,21,16,7,24,15,5,10,20,25,11,16,20,08/12/2020
1610612759,San Antonio Spurs,12,7,5,0.583,581.0,113.0,416,0.745,107,68,191.0,180.0,132.0,604.0,5,7,15,8,7,17,11,10,4,4,16,29,13,24,08/12/2020
1610612761,Toronto Raptors,12,10,2,0.833,576.0,105.3,445,0.765,110,54,201.0,134.0,162.0,490.0,5,1,1,1,15,1,3,4,2,12,20,12,24,12,08/12/2020
1610612762,Utah Jazz,12,6,6,0.5,586.0,111.8,387,0.72,92,58,206.0,160.0,141.0,656.0,5,12,19,11,5,13,20,24,14,10,22,24,15,28,08/12/2020
1610612764,Washington Wizards,13,3,10,0.231,624.0,114.4,403,0.743,100,54,240.0,149.0,187.0,662.0,2,22,30,28,4,21,16,12,7,12,27,17,26,29,08/12/2020
1610612737,Atlanta Hawks,5,1,4,0.2,255.0,117.7,168,0.734,31,22,90.0,71.0,87.0,258.0,24,29,9,29,24,27,24,17,28,25,5,6,8,6,08/13/2020
1610612738,Boston Celtics,13,7,6,0.538,634.0,109.1,457,0.712,110,76,223.0,187.0,148.0,574.0,2,6,16,8,2,9,5,26,3,1,23,28,17,20,08/13/2020
1610612751,Brooklyn Nets,13,9,4,0.692,629.0,113.5,465,0.736,76,51,214.0,170.0,166.0,590.0,2,3,9,3,4,17,4,16,19,14,21,24,24,23,08/13/2020
1610612766,Charlotte Hornets,5,2,3,0.4,250.0,117.2,143,0.705,34,15,80.0,51.0,50.0,232.0,24,24,4,21,25,24,28,28,27,26,3,1,2,3,08/13/2020
1610612741,Chicago Bulls,5,2,3,0.4,240.0,108.4,147,0.714,51,25,98.0,55.0,62.0,250.0,24,24,4,21,27,5,27,24,23,24,7,3,5,5,08/13/2020
1610612739,Cleveland Cavaliers,5,2,3,0.4,245.0,114.9,161,0.738,37,14,90.0,72.0,60.0,244.0,24,24,4,21,26,20,25,14,26,27,5,7,4,4,08/13/2020
1610612742,Dallas Mavericks,14,6,8,0.429,692.0,115.1,511,0.763,91,66,176.0,181.0,209.0,690.0,1,11,26,17,1,21,2,5,15,6,11,27,30,28,08/13/2020
1610612743,Denver Nuggets,12,5,7,0.417,591.0,117.8,387,0.727,93,46,255.0,141.0,137.0,520.0,11,15,22,18,11,28,20,20,14,18,28,16,15,16,08/13/2020
1610612765,Detroit Pistons,4,0,4,0.0,192.0,119.0,111,0.712,30,12,59.0,53.0,41.0,214.0,29,30,9,30,29,30,30,27,29,28,1,2,1,2,08/13/2020
1610612744,Golden State Warriors,4,2,2,0.5,192.0,118.3,127,0.714,19,10,61.0,62.0,62.0,202.0,29,24,2,11,29,29,29,24,30,30,2,5,5,1,08/13/2020
1610612745,Houston Rockets,12,5,7,0.417,581.0,110.0,392,0.698,121,58,234.0,179.0,154.0,610.0,11,15,22,18,12,11,19,30,1,10,25,26,20,25,08/13/2020
1610612754,Indiana Pacers,12,8,4,0.667,576.0,108.5,415,0.703,102,68,200.0,156.0,206.0,584.0,11,5,9,5,15,6,12,29,5,4,17,21,29,22,08/13/2020
1610612746,LA Clippers,11,7,4,0.636,528.0,109.9,400,0.773,67,32,154.0,137.0,103.0,478.0,19,6,9,6,20,10,17,3,22,23,9,13,9,10,08/13/2020
1610612747,Los Angeles Lakers,12,6,6,0.5,576.0,108.2,400,0.752,106,59,234.0,136.0,198.0,510.0,11,11,16,11,15,4,17,7,4,9,25,12,28,15,08/13/2020
1610612763,Memphis Grizzlies,13,5,8,0.385,629.0,105.2,486,0.739,99,63,198.0,156.0,135.0,502.0,2,15,26,25,4,2,3,13,10,7,16,21,13,12,08/13/2020
1610612748,Miami Heat,12,6,6,0.5,576.0,108.8,415,0.731,99,67,209.0,175.0,118.0,480.0,11,11,16,11,15,7,12,18,10,5,19,25,10,11,08/13/2020
1610612749,Milwaukee Bucks,13,4,9,0.308,629.0,108.9,529,0.784,81,56,270.0,138.0,196.0,506.0,2,20,29,27,4,8,1,1,18,11,30,14,27,14,08/13/2020
1610612750,Minnesota Timberwolves,5,2,3,0.4,240.0,115.3,157,0.745,46,12,88.0,60.0,83.0,296.0,24,24,4,21,27,22,26,10,25,28,4,4,7,8,08/13/2020
1610612740,New Orleans Pelicans,12,4,8,0.333,581.0,111.8,411,0.725,88,47,264.0,154.0,165.0,576.0,11,20,26,26,12,13,15,21,17,17,29,20,23,21,08/13/2020
1610612752,New York Knicks,6,3,3,0.5,293.0,114.8,218,0.737,47,33,103.0,78.0,57.0,272.0,23,22,4,11,23,19,23,15,24,22,8,8,3,7,08/13/2020
1610612760,Oklahoma City Thunder,11,7,4,0.636,533.0,107.0,374,0.727,95,54,188.0,141.0,134.0,502.0,19,6,9,6,19,3,21,19,13,13,15,16,11,12,08/13/2020
1610612753,Orlando Magic,13,6,7,0.462,629.0,114.4,440,0.751,91,43,202.0,143.0,177.0,690.0,2,11,22,15,4,18,8,8,15,20,18,18,25,28,08/13/2020
1610612755,Philadelphia 76ers,11,5,6,0.455,528.0,117.6,356,0.741,75,45,183.0,130.0,134.0,568.0,19,15,16,16,20,25,22,11,21,19,14,10,11,18,08/13/2020
1610612756,Phoenix Suns,12,10,2,0.833,576.0,111.4,436,0.777,76,48,175.0,132.0,150.0,598.0,11,1,2,2,15,12,9,2,19,16,10,11,18,24,08/13/2020
1610612757,Portland Trail Blazers,13,9,4,0.692,629.0,117.7,445,0.722,101,73,181.0,198.0,163.0,536.0,2,3,9,3,4,26,7,23,7,3,13,29,22,17,08/13/2020
1610612758,Sacramento Kings,12,5,7,0.417,581.0,116.8,411,0.759,102,38,226.0,138.0,135.0,570.0,11,15,22,18,12,23,15,6,5,21,24,14,13,19,08/13/2020
1610612759,San Antonio Spurs,13,7,6,0.538,629.0,113.3,451,0.741,111,76,211.0,201.0,141.0,666.0,2,6,16,8,4,16,6,12,2,1,20,30,16,27,08/13/2020
1610612761,Toronto Raptors,11,10,1,0.909,528.0,103.2,417,0.766,101,50,180.0,120.0,155.0,436.0,19,1,1,1,20,1,11,4,7,15,12,9,21,9,08/13/2020
1610612762,Utah Jazz,13,7,6,0.538,634.0,111.8,418,0.723,99,63,220.0,169.0,150.0,700.0,2,6,16,8,2,14,10,22,10,7,22,23,18,30,08/13/2020
1610612764,Washington Wizards,13,3,10,0.231,624.0,113.2,412,0.75,101,55,240.0,145.0,188.0,652.0,2,22,30,28,10,15,14,9,7,12,27,19,26,26,08/13/2020
1610612737,Atlanta Hawks,4,1,3,0.25,207.0,117.2,141,0.758,25,14,71.0,52.0,69.0,202.0,26,28,5,27,26,26,26,8,29,26,3,3,7,3,08/14/2020
1610612738,Boston Celtics,13,7,6,0.538,634.0,109.1,457,0.712,110,76,223.0,187.0,148.0,574.0,1,7,17,9,3,9,4,26,2,1,23,29,15,19,08/14/2020
1610612751,Brooklyn Nets,13,9,4,0.692,629.0,113.5,465,0.736,76,51,214.0,170.0,166.0,590.0,1,3,10,3,4,19,3,16,21,15,20,25,24,22,08/14/2020
1610612766,Charlotte Hornets,5,2,3,0.4,250.0,117.2,143,0.705,34,15,80.0,51.0,50.0,232.0,23,23,5,20,23,25,25,29,26,25,4,2,3,6,08/14/2020
1610612741,Chicago Bulls,4,1,3,0.25,192.0,108.5,117,0.727,44,20,85.0,44.0,56.0,200.0,26,28,5,27,28,7,29,18,24,24,7,1,5,2,08/14/2020
1610612739,Cleveland Cavaliers,4,2,2,0.5,197.0,111.1,136,0.741,27,13,82.0,61.0,53.0,196.0,26,23,2,10,27,12,27,14,28,27,5,6,4,1,08/14/2020
1610612742,Dallas Mavericks,13,6,7,0.462,644.0,115.3,476,0.77,82,61,158.0,159.0,200.0,630.0,1,10,22,16,1,22,2,3,18,7,9,23,30,27,08/14/2020
1610612743,Denver Nuggets,13,5,8,0.385,639.0,117.7,419,0.721,102,57,282.0,156.0,158.0,568.0,1,15,26,23,2,27,11,21,7,10,30,21,21,17,08/14/2020
1610612765,Detroit Pistons,4,0,4,0.0,192.0,119.0,111,0.712,30,12,59.0,53.0,41.0,214.0,26,30,10,30,28,30,30,27,27,28,1,4,1,5,08/14/2020
1610612744,Golden State Warriors,4,2,2,0.5,192.0,118.3,127,0.714,19,10,61.0,62.0,62.0,202.0,26,23,2,10,28,28,28,25,30,30,2,7,6,3,08/14/2020
1610612745,Houston Rockets,12,5,7,0.417,581.0,111.0,392,0.711,120,62,244.0,175.0,154.0,600.0,6,15,22,17,8,11,21,28,1,6,27,26,19,24,08/14/2020
1610612754,Indiana Pacers,12,8,4,0.667,576.0,106.4,420,0.693,104,66,205.0,163.0,192.0,578.0,6,4,10,4,17,3,10,30,6,5,18,24,28,21,08/14/2020
1610612746,LA Clippers,12,8,4,0.667,581.0,108.0,449,0.767,77,34,184.0,147.0,113.0,520.0,6,4,10,4,8,5,6,4,19,22,12,18,9,15,08/14/2020
1610612747,Los Angeles Lakers,12,6,6,0.5,576.0,108.2,400,0.752,106,59,234.0,136.0,198.0,510.0,6,10,17,10,17,6,19,9,4,9,25,15,29,13,08/14/2020
1610612763,Memphis Grizzlies,12,4,8,0.333,581.0,106.9,440,0.741,87,55,186.0,135.0,132.0,462.0,6,19,26,24,8,4,7,13,16,12,13,13,11,9,08/14/2020
1610612748,Miami Heat,12,5,7,0.417,576.0,110.1,409,0.726,101,68,219.0,175.0,124.0,480.0,6,15,22,17,17,10,17,19,9,4,22,26,10,12,08/14/2020
1610612749,Milwaukee Bucks,12,4,8,0.333,581.0,109.0,489,0.78,77,51,258.0,135.0,190.0,476.0,6,19,26,24,8,8,1,1,19,15,28,13,27,11,08/14/2020
1610612750,Minnesota Timberwolves,5,2,3,0.4,240.0,115.3,157,0.745,46,12,88.0,60.0,83.0,296.0,23,23,5,20,25,21,24,12,23,28,8,5,8,8,08/14/2020
1610612740,New Orleans Pelicans,12,4,8,0.333,581.0,111.8,411,0.725,88,47,264.0,154.0,165.0,576.0,6,19,26,24,8,15,14,20,14,19,29,20,23,20,08/14/2020
1610612752,New York Knicks,5,2,3,0.4,245.0,114.8,173,0.721,41,26,82.0,66.0,47.0,236.0,23,23,5,20,24,20,23,22,25,23,5,8,2,7,08/14/2020
1610612760,Oklahoma City Thunder,12,7,5,0.583,586.0,105.9,411,0.729,100,60,215.0,150.0,154.0,544.0,6,7,15,7,6,2,14,17,11,8,21,19,19,16,08/14/2020
1610612753,Orlando Magic,12,6,6,0.5,581.0,113.1,412,0.75,88,41,193.0,132.0,161.0,644.0,6,10,17,10,8,17,12,10,14,20,15,9,22,28,08/14/2020
1610612755,Philadelphia 76ers,12,6,6,0.5,576.0,115.5,399,0.759,83,49,207.0,132.0,152.0,610.0,6,10,17,10,17,23,20,6,17,17,19,9,18,25,08/14/2020
1610612756,Phoenix Suns,12,10,2,0.833,576.0,111.4,436,0.777,76,48,175.0,132.0,150.0,598.0,6,2,2,2,17,14,8,2,21,18,11,9,16,23,08/14/2020
1610612757,Portland Trail Blazers,12,8,4,0.667,581.0,118.6,402,0.719,95,69,173.0,181.0,150.0,510.0,6,4,10,4,8,29,18,24,13,3,10,28,16,13,08/14/2020
1610612758,Sacramento Kings,12,5,7,0.417,581.0,116.8,411,0.759,102,38,226.0,138.0,135.0,570.0,6,15,22,17,8,24,14,7,7,21,24,16,14,18,08/14/2020
1610612759,San Antonio Spurs,12,7,5,0.583,581.0,112.6,421,0.739,105,71,187.0,193.0,133.0,624.0,6,7,15,7,8,16,9,15,5,2,14,30,13,26,08/14/2020
1610612761,Toronto Raptors,12,11,1,0.917,576.0,103.6,455,0.765,109,55,202.0,133.0,180.0,468.0,6,1,1,1,17,1,5,5,3,12,17,12,25,10,08/14/2020
1610612762,Utah Jazz,12,6,6,0.5,586.0,111.3,379,0.719,96,56,199.0,156.0,132.0,656.0,6,10,17,10,6,13,22,23,12,11,16,21,11,30,08/14/2020
1610612764,Washington Wizards,13,3,10,0.231,624.0,113.2,412,0.75,101,55,240.0,145.0,188.0,652.0,1,22,30,29,5,18,12,10,9,12,26,17,26,29,08/14/2020
