TEAM_ID,TEAM_NAME,GP,W,L,W_PCT,MIN,EFG_PCT,FTA_RATE,TM_TOV_PCT,OREB_PCT,OPP_EFG_PCT,OPP_FTA_RATE,OPP_TOV_PCT,OPP_OREB_PCT,GP_RANK,W_RANK,L_RANK,W_PCT_RANK,MIN_RANK,EFG_PCT_RANK,FTA_RATE_RANK,TM_TOV_PCT_RANK,OREB_PCT_RANK,OPP_EFG_PCT_RANK,OPP_FTA_RATE_RANK,OPP_TOV_PCT_RANK,OPP_OREB_PCT_RANK,Date
1610612737,Atlanta Hawks,11,5,6,0.455,543.0,0.529,0.264,0.137,0.278,0.553,0.306,0.128,0.28,2,13,18,17,2,20,14,9,11,20,27,27,24,07/30/2020
1610612738,Boston Celtics,10,5,5,0.5,490.0,0.512,0.25,0.126,0.301,0.515,0.274,0.147,0.278,14,13,10,13,14,29,20,5,5,7,14,9,22,07/30/2020
1610612751,Brooklyn Nets,11,5,6,0.455,538.0,0.514,0.287,0.145,0.3,0.518,0.239,0.107,0.25,2,13,18,17,3,28,7,17,6,9,9,30,5,07/30/2020
1610612766,Charlotte Hornets,11,5,6,0.455,538.0,0.51,0.263,0.143,0.276,0.54,0.223,0.142,0.29,2,13,18,17,3,30,16,12,12,16,6,14,28,07/30/2020
1610612741,Chicago Bulls,10,3,7,0.3,480.0,0.537,0.204,0.157,0.302,0.569,0.393,0.198,0.315,14,27,24,27,18,15,30,25,4,26,30,1,29,07/30/2020
1610612739,Cleveland Cavaliers,11,5,6,0.455,538.0,0.548,0.262,0.168,0.288,0.557,0.209,0.141,0.267,2,13,18,17,3,10,17,30,7,21,3,16,13,07/30/2020
1610612742,Dallas Mavericks,12,7,5,0.583,581.0,0.552,0.24,0.136,0.247,0.517,0.206,0.127,0.248,1,2,10,10,1,6,26,7,22,8,2,28,4,07/30/2020
1610612743,Denver Nuggets,10,5,5,0.5,480.0,0.567,0.214,0.162,0.265,0.549,0.268,0.145,0.28,14,13,10,13,18,1,29,27,15,19,13,11,25,07/30/2020
1610612765,Detroit Pistons,9,1,8,0.111,432.0,0.522,0.239,0.146,0.274,0.575,0.289,0.137,0.276,27,30,29,30,28,25,27,19,14,28,21,20,20,07/30/2020
1610612744,Golden State Warriors,10,3,7,0.3,480.0,0.526,0.256,0.159,0.255,0.568,0.284,0.138,0.262,14,27,24,27,18,23,18,26,20,25,18,19,11,07/30/2020
1610612745,Houston Rockets,10,6,4,0.6,485.0,0.56,0.263,0.149,0.246,0.525,0.288,0.164,0.325,14,8,7,8,15,3,15,22,23,12,19,4,30,07/30/2020
1610612754,Indiana Pacers,10,7,3,0.7,480.0,0.523,0.227,0.144,0.248,0.512,0.222,0.143,0.267,14,2,3,3,18,24,28,16,21,6,5,13,14,07/30/2020
1610612746,LA Clippers,10,7,3,0.7,480.0,0.552,0.319,0.144,0.275,0.49,0.292,0.133,0.258,14,2,3,3,18,8,2,15,13,2,24,25,9,07/30/2020
1610612747,Los Angeles Lakers,11,9,2,0.818,528.0,0.521,0.286,0.144,0.26,0.494,0.289,0.168,0.265,2,1,1,1,10,26,8,14,17,3,20,3,12,07/30/2020
1610612763,Memphis Grizzlies,11,4,7,0.364,528.0,0.517,0.266,0.155,0.328,0.509,0.24,0.136,0.257,2,21,24,24,10,27,13,24,1,5,10,22,8,07/30/2020
1610612748,Miami Heat,11,6,5,0.545,533.0,0.565,0.303,0.148,0.236,0.543,0.278,0.147,0.26,2,8,10,11,6,2,5,20,26,18,16,8,10,07/30/2020
1610612749,Milwaukee Bucks,11,7,4,0.636,533.0,0.535,0.242,0.149,0.227,0.49,0.226,0.14,0.198,2,2,7,7,6,17,25,21,28,1,7,17,1,07/30/2020
1610612750,Minnesota Timberwolves,11,3,8,0.273,528.0,0.536,0.278,0.136,0.238,0.581,0.291,0.144,0.273,2,27,29,29,10,16,11,8,25,29,23,12,19,07/30/2020
1610612740,New Orleans Pelicans,10,5,5,0.5,485.0,0.537,0.254,0.167,0.323,0.523,0.232,0.149,0.269,14,13,10,13,15,14,19,29,2,11,8,7,17,07/30/2020
1610612752,New York Knicks,11,4,7,0.364,533.0,0.533,0.303,0.145,0.313,0.534,0.305,0.12,0.269,2,21,24,24,6,18,4,18,3,14,26,29,16,07/30/2020
1610612760,Oklahoma City Thunder,9,7,2,0.778,432.0,0.546,0.313,0.129,0.216,0.523,0.196,0.137,0.286,27,2,1,2,28,11,3,6,29,10,1,21,26,07/30/2020
1610612753,Orlando Magic,10,6,4,0.6,480.0,0.552,0.245,0.12,0.285,0.573,0.241,0.14,0.239,14,8,7,8,18,7,23,3,9,27,11,18,2,07/30/2020
1610612755,Philadelphia 76ers,10,5,5,0.5,485.0,0.54,0.247,0.118,0.286,0.557,0.279,0.133,0.269,14,13,10,13,15,13,21,2,8,22,17,24,15,07/30/2020
1610612756,Phoenix Suns,10,4,6,0.4,480.0,0.542,0.275,0.166,0.285,0.561,0.29,0.157,0.272,14,21,18,22,18,12,12,28,10,23,22,5,18,07/30/2020
1610612757,Portland Trail Blazers,10,4,6,0.4,480.0,0.559,0.247,0.138,0.259,0.54,0.248,0.135,0.28,14,21,18,22,18,4,22,10,18,17,12,23,23,07/30/2020
1610612758,Sacramento Kings,10,7,3,0.7,480.0,0.553,0.284,0.125,0.23,0.534,0.307,0.142,0.242,14,2,3,3,18,5,10,4,27,15,28,15,3,07/30/2020
1610612759,San Antonio Spurs,9,4,5,0.444,437.0,0.527,0.244,0.109,0.183,0.562,0.3,0.145,0.251,27,21,10,21,27,22,24,1,30,24,25,10,7,07/30/2020
1610612761,Toronto Raptors,9,6,3,0.667,432.0,0.529,0.294,0.143,0.256,0.497,0.277,0.151,0.251,27,8,3,6,28,19,6,13,19,4,15,6,6,07/30/2020
1610612762,Utah Jazz,11,6,5,0.545,528.0,0.549,0.286,0.152,0.261,0.533,0.216,0.128,0.289,2,8,10,11,10,9,9,23,16,13,4,26,27,07/30/2020
1610612764,Washington Wizards,11,4,7,0.364,533.0,0.528,0.324,0.142,0.244,0.592,0.323,0.19,0.276,2,21,24,24,6,21,1,11,24,30,29,2,21,07/30/2020
1610612737,Atlanta Hawks,11,5,6,0.455,543.0,0.529,0.264,0.137,0.278,0.553,0.306,0.128,0.28,6,13,16,17,6,21,15,8,10,20,27,27,23,07/31/2020
1610612738,Boston Celtics,11,5,6,0.455,538.0,0.508,0.261,0.128,0.299,0.517,0.285,0.146,0.273,6,13,16,17,7,30,18,4,5,6,18,10,20,07/31/2020
1610612751,Brooklyn Nets,12,5,7,0.417,586.0,0.517,0.284,0.144,0.294,0.523,0.245,0.109,0.249,2,13,23,23,2,28,11,14,6,10,10,30,5,07/31/2020
1610612766,Charlotte Hornets,11,5,6,0.455,538.0,0.51,0.263,0.143,0.276,0.54,0.223,0.142,0.29,6,13,16,17,7,29,16,12,12,16,6,14,28,07/31/2020
1610612741,Chicago Bulls,10,3,7,0.3,480.0,0.537,0.204,0.157,0.302,0.569,0.393,0.198,0.315,20,27,23,27,23,15,30,25,4,26,30,1,29,07/31/2020
1610612739,Cleveland Cavaliers,11,5,6,0.455,538.0,0.548,0.262,0.168,0.288,0.557,0.209,0.141,0.267,6,13,16,17,7,10,17,30,7,22,2,16,13,07/31/2020
1610612742,Dallas Mavericks,13,7,6,0.538,634.0,0.555,0.251,0.139,0.257,0.525,0.221,0.123,0.242,1,3,16,12,1,6,24,9,19,11,4,28,4,07/31/2020
1610612743,Denver Nuggets,10,5,5,0.5,480.0,0.567,0.214,0.162,0.265,0.549,0.268,0.145,0.28,20,13,10,13,23,1,29,27,15,19,12,11,24,07/31/2020
1610612765,Detroit Pistons,9,1,8,0.111,432.0,0.522,0.239,0.146,0.274,0.575,0.289,0.137,0.276,28,30,27,30,28,25,27,20,14,28,21,21,22,07/31/2020
1610612744,Golden State Warriors,10,3,7,0.3,480.0,0.526,0.256,0.159,0.255,0.568,0.284,0.138,0.262,20,27,23,27,23,23,20,26,21,25,17,19,11,07/31/2020
1610612745,Houston Rockets,11,7,4,0.636,538.0,0.565,0.276,0.142,0.238,0.53,0.296,0.164,0.328,6,3,6,7,7,2,14,11,24,12,25,4,30,07/31/2020
1610612754,Indiana Pacers,10,7,3,0.7,480.0,0.523,0.227,0.144,0.248,0.512,0.222,0.143,0.267,20,3,3,3,23,24,28,18,22,5,5,13,14,07/31/2020
1610612746,LA Clippers,10,7,3,0.7,480.0,0.552,0.319,0.144,0.275,0.49,0.292,0.133,0.258,20,3,3,3,23,8,1,17,13,2,24,25,9,07/31/2020
1610612747,Los Angeles Lakers,11,9,2,0.818,528.0,0.521,0.286,0.144,0.26,0.494,0.289,0.168,0.265,6,1,1,1,14,26,8,16,17,3,20,3,12,07/31/2020
1610612763,Memphis Grizzlies,12,4,8,0.333,581.0,0.517,0.289,0.151,0.328,0.518,0.251,0.138,0.257,2,24,27,25,3,27,7,23,1,7,11,20,7,07/31/2020
1610612748,Miami Heat,11,6,5,0.545,533.0,0.565,0.303,0.148,0.236,0.543,0.278,0.147,0.26,6,10,10,10,11,3,5,22,27,18,15,9,10,07/31/2020
1610612749,Milwaukee Bucks,12,8,4,0.667,581.0,0.536,0.255,0.148,0.226,0.488,0.238,0.141,0.205,2,2,6,5,3,16,21,21,28,1,8,17,1,07/31/2020
1610612750,Minnesota Timberwolves,11,3,8,0.273,528.0,0.536,0.278,0.136,0.238,0.581,0.291,0.144,0.273,6,27,27,29,14,17,12,7,25,29,23,12,21,07/31/2020
1610612740,New Orleans Pelicans,10,5,5,0.5,485.0,0.537,0.254,0.167,0.323,0.523,0.232,0.149,0.269,20,13,10,13,20,14,22,29,2,9,7,7,18,07/31/2020
1610612752,New York Knicks,11,4,7,0.364,533.0,0.533,0.303,0.145,0.313,0.534,0.305,0.12,0.269,6,24,23,24,11,19,4,19,3,14,26,29,16,07/31/2020
1610612760,Oklahoma City Thunder,9,7,2,0.778,432.0,0.546,0.313,0.129,0.216,0.523,0.196,0.137,0.286,28,3,1,2,28,12,3,5,29,8,1,22,26,07/31/2020
1610612753,Orlando Magic,11,7,4,0.636,528.0,0.556,0.252,0.121,0.281,0.571,0.243,0.139,0.237,6,3,6,7,14,5,23,3,9,27,9,18,2,07/31/2020
1610612755,Philadelphia 76ers,10,5,5,0.5,485.0,0.54,0.247,0.118,0.286,0.557,0.279,0.133,0.269,20,13,10,13,20,13,26,2,8,23,16,23,15,07/31/2020
1610612756,Phoenix Suns,11,5,6,0.455,528.0,0.546,0.286,0.166,0.278,0.556,0.286,0.158,0.269,6,13,16,17,14,11,10,28,11,21,19,5,17,07/31/2020
1610612757,Portland Trail Blazers,11,5,6,0.455,533.0,0.564,0.258,0.139,0.259,0.538,0.275,0.133,0.283,6,13,16,17,11,4,19,10,18,15,13,24,25,07/31/2020
1610612758,Sacramento Kings,11,7,4,0.636,528.0,0.552,0.276,0.129,0.238,0.54,0.306,0.142,0.24,6,3,6,7,14,7,13,6,26,17,28,15,3,07/31/2020
1610612759,San Antonio Spurs,10,5,5,0.5,485.0,0.534,0.25,0.113,0.186,0.561,0.29,0.148,0.257,20,13,10,13,20,18,25,1,30,24,22,8,8,07/31/2020
1610612761,Toronto Raptors,9,6,3,0.667,432.0,0.529,0.294,0.143,0.256,0.497,0.277,0.151,0.251,28,10,3,5,28,20,6,13,20,4,14,6,6,07/31/2020
1610612762,Utah Jazz,11,6,5,0.545,528.0,0.549,0.286,0.152,0.261,0.533,0.216,0.128,0.289,6,10,10,10,14,9,9,24,16,13,3,26,27,07/31/2020
1610612764,Washington Wizards,12,4,8,0.333,581.0,0.526,0.318,0.144,0.244,0.592,0.329,0.188,0.269,2,24,27,25,3,22,2,15,23,30,29,2,19,07/31/2020
1610612737,Atlanta Hawks,11,5,6,0.455,543.0,0.529,0.264,0.137,0.278,0.553,0.306,0.128,0.28,9,13,12,14,9,20,15,7,10,19,27,27,23,08/01/2020
1610612738,Boston Celtics,11,5,6,0.455,538.0,0.508,0.261,0.128,0.299,0.517,0.285,0.146,0.273,9,13,12,14,10,30,18,4,6,7,16,10,19,08/01/2020
1610612751,Brooklyn Nets,12,5,7,0.417,586.0,0.517,0.284,0.144,0.294,0.523,0.245,0.109,0.249,2,13,23,23,2,27,10,15,7,9,9,30,6,08/01/2020
1610612766,Charlotte Hornets,11,5,6,0.455,538.0,0.51,0.263,0.143,0.276,0.54,0.223,0.142,0.29,9,13,12,14,10,29,16,14,12,17,4,14,27,08/01/2020
1610612741,Chicago Bulls,10,3,7,0.3,480.0,0.537,0.204,0.157,0.302,0.569,0.393,0.198,0.315,25,27,23,27,26,14,30,25,4,26,30,1,29,08/01/2020
1610612739,Cleveland Cavaliers,11,5,6,0.455,538.0,0.548,0.262,0.168,0.288,0.557,0.209,0.141,0.267,9,13,12,14,10,10,17,30,8,22,2,16,13,08/01/2020
1610612742,Dallas Mavericks,13,7,6,0.538,634.0,0.555,0.251,0.139,0.257,0.525,0.221,0.123,0.242,1,6,12,11,1,6,24,9,18,10,3,28,4,08/01/2020
1610612743,Denver Nuggets,11,5,6,0.455,528.0,0.559,0.22,0.165,0.273,0.556,0.288,0.146,0.276,9,13,12,14,18,4,29,27,14,21,18,11,21,08/01/2020
1610612765,Detroit Pistons,9,1,8,0.111,432.0,0.522,0.239,0.146,0.274,0.575,0.289,0.137,0.276,30,30,27,30,30,25,27,18,13,28,20,22,22,08/01/2020
1610612744,Golden State Warriors,10,3,7,0.3,480.0,0.526,0.256,0.159,0.255,0.568,0.284,0.138,0.262,25,27,23,27,26,24,21,26,20,25,15,20,10,08/01/2020
1610612745,Houston Rockets,11,7,4,0.636,538.0,0.565,0.276,0.142,0.238,0.53,0.296,0.164,0.328,9,6,6,7,10,2,14,13,24,12,25,4,30,08/01/2020
1610612754,Indiana Pacers,11,8,3,0.727,528.0,0.528,0.228,0.14,0.249,0.515,0.226,0.148,0.281,9,2,2,3,18,21,28,12,22,6,6,8,24,08/01/2020
1610612746,LA Clippers,11,8,3,0.727,528.0,0.553,0.327,0.14,0.268,0.491,0.295,0.136,0.256,9,2,2,3,18,7,1,11,15,3,24,24,7,08/01/2020
1610612747,Los Angeles Lakers,12,9,3,0.75,576.0,0.513,0.295,0.147,0.256,0.495,0.291,0.169,0.263,2,1,2,2,7,28,7,20,19,4,22,3,11,08/01/2020
1610612763,Memphis Grizzlies,12,4,8,0.333,581.0,0.517,0.289,0.151,0.328,0.518,0.251,0.138,0.257,2,24,27,25,3,26,8,23,1,8,11,21,8,08/01/2020
1610612748,Miami Heat,12,7,5,0.583,581.0,0.57,0.318,0.149,0.235,0.538,0.277,0.151,0.267,2,6,10,10,3,1,2,22,27,15,14,7,14,08/01/2020
1610612749,Milwaukee Bucks,12,8,4,0.667,581.0,0.536,0.255,0.148,0.226,0.488,0.238,0.141,0.205,2,2,6,6,3,15,22,21,29,1,7,17,1,08/01/2020
1610612750,Minnesota Timberwolves,11,3,8,0.273,528.0,0.536,0.278,0.136,0.238,0.581,0.291,0.144,0.273,9,27,27,29,18,16,12,6,25,29,23,13,20,08/01/2020
1610612740,New Orleans Pelicans,11,5,6,0.455,533.0,0.534,0.26,0.167,0.315,0.527,0.246,0.144,0.264,9,13,12,14,14,17,19,29,2,11,10,12,12,08/01/2020
1610612752,New York Knicks,11,4,7,0.364,533.0,0.533,0.303,0.145,0.313,0.534,0.305,0.12,0.269,9,24,23,24,14,19,5,17,3,13,26,29,16,08/01/2020
1610612760,Oklahoma City Thunder,10,8,2,0.8,480.0,0.55,0.313,0.138,0.227,0.514,0.202,0.139,0.287,25,2,1,1,26,9,4,8,28,5,1,19,26,08/01/2020
1610612753,Orlando Magic,11,7,4,0.636,528.0,0.556,0.252,0.121,0.281,0.571,0.243,0.139,0.237,9,6,6,7,18,5,23,2,9,27,8,18,2,08/01/2020
1610612755,Philadelphia 76ers,11,5,6,0.455,533.0,0.54,0.249,0.126,0.299,0.559,0.275,0.13,0.267,9,13,12,14,14,12,26,3,5,23,13,26,15,08/01/2020
1610612756,Phoenix Suns,11,5,6,0.455,528.0,0.546,0.286,0.166,0.278,0.556,0.286,0.158,0.269,9,13,12,14,18,11,9,28,11,20,17,5,17,08/01/2020
1610612757,Portland Trail Blazers,11,5,6,0.455,533.0,0.564,0.258,0.139,0.259,0.538,0.275,0.133,0.283,9,13,12,14,14,3,20,10,17,16,12,25,25,08/01/2020
1610612758,Sacramento Kings,11,7,4,0.636,528.0,0.552,0.276,0.129,0.238,0.54,0.306,0.142,0.24,9,6,6,7,18,8,13,5,26,18,28,15,3,08/01/2020
1610612759,San Antonio Spurs,10,5,5,0.5,485.0,0.534,0.25,0.113,0.186,0.561,0.29,0.148,0.257,25,13,10,12,25,18,25,1,30,24,21,9,9,08/01/2020
1610612761,Toronto Raptors,10,7,3,0.7,480.0,0.527,0.296,0.146,0.255,0.49,0.289,0.154,0.247,25,6,2,5,26,22,6,19,21,2,19,6,5,08/01/2020
1610612762,Utah Jazz,12,6,6,0.5,576.0,0.539,0.283,0.153,0.264,0.538,0.223,0.136,0.293,2,12,12,12,7,13,11,24,16,14,5,23,28,08/01/2020
1610612764,Washington Wizards,12,4,8,0.333,581.0,0.526,0.318,0.144,0.244,0.592,0.329,0.188,0.269,2,24,27,25,3,23,3,16,23,30,29,2,18,08/01/2020
1610612737,Atlanta Hawks,11,5,6,0.455,543.0,0.529,0.264,0.137,0.278,0.553,0.306,0.128,0.28,15,17,12,17,15,20,17,9,10,20,27,27,23,08/02/2020
1610612738,Boston Celtics,12,6,6,0.5,586.0,0.519,0.274,0.129,0.296,0.525,0.276,0.144,0.275,6,12,12,12,6,26,14,4,6,10,13,12,20,08/02/2020
1610612751,Brooklyn Nets,13,6,7,0.462,634.0,0.515,0.294,0.141,0.296,0.522,0.25,0.111,0.251,2,12,21,16,2,28,8,14,7,8,10,30,7,08/02/2020
1610612766,Charlotte Hornets,11,5,6,0.455,538.0,0.51,0.263,0.143,0.276,0.54,0.223,0.142,0.29,15,17,12,17,16,30,18,16,11,16,3,15,27,08/02/2020
1610612741,Chicago Bulls,10,3,7,0.3,480.0,0.537,0.204,0.157,0.302,0.569,0.393,0.198,0.315,26,27,21,27,26,14,30,25,4,27,30,1,29,08/02/2020
1610612739,Cleveland Cavaliers,11,5,6,0.455,538.0,0.548,0.262,0.168,0.288,0.557,0.209,0.141,0.267,15,17,12,17,16,9,19,30,8,23,2,16,13,08/02/2020
1610612742,Dallas Mavericks,14,7,7,0.5,682.0,0.546,0.261,0.134,0.256,0.524,0.223,0.121,0.239,1,8,21,12,1,10,21,6,18,9,4,28,3,08/02/2020
1610612743,Denver Nuggets,11,5,6,0.455,528.0,0.559,0.22,0.165,0.273,0.556,0.288,0.146,0.276,15,17,12,17,22,5,29,28,13,22,18,9,21,08/02/2020
1610612765,Detroit Pistons,9,1,8,0.111,432.0,0.522,0.239,0.146,0.274,0.575,0.289,0.137,0.276,30,30,27,30,30,25,27,18,12,28,20,21,22,08/02/2020
1610612744,Golden State Warriors,10,3,7,0.3,480.0,0.526,0.256,0.159,0.255,0.568,0.284,0.138,0.262,26,27,21,27,26,23,23,26,20,25,16,20,10,08/02/2020
1610612745,Houston Rockets,12,8,4,0.667,586.0,0.56,0.281,0.137,0.23,0.531,0.292,0.169,0.331,6,2,6,6,6,4,12,8,28,12,23,3,30,08/02/2020
1610612754,Indiana Pacers,11,8,3,0.727,528.0,0.528,0.228,0.14,0.249,0.515,0.226,0.148,0.281,15,2,2,3,22,21,28,13,22,6,6,8,25,08/02/2020
1610612746,LA Clippers,11,8,3,0.727,528.0,0.553,0.327,0.14,0.268,0.491,0.295,0.136,0.256,15,2,2,3,22,6,1,12,15,3,24,24,8,08/02/2020
1610612747,Los Angeles Lakers,12,9,3,0.75,576.0,0.513,0.295,0.147,0.256,0.495,0.291,0.169,0.263,6,1,2,2,10,29,7,20,19,4,21,4,11,08/02/2020
1610612763,Memphis Grizzlies,13,4,9,0.308,629.0,0.516,0.282,0.148,0.313,0.516,0.261,0.14,0.258,2,24,29,25,3,27,10,21,3,7,11,17,9,08/02/2020
1610612748,Miami Heat,12,7,5,0.583,581.0,0.57,0.318,0.149,0.235,0.538,0.277,0.151,0.267,6,8,8,9,8,1,2,22,27,15,14,7,15,08/02/2020
1610612749,Milwaukee Bucks,13,8,5,0.615,629.0,0.536,0.254,0.154,0.237,0.49,0.246,0.137,0.201,2,2,8,8,3,15,24,24,26,2,8,22,1,08/02/2020
1610612750,Minnesota Timberwolves,11,3,8,0.273,528.0,0.536,0.278,0.136,0.238,0.581,0.291,0.144,0.273,15,27,27,29,22,16,13,7,25,29,22,14,18,08/02/2020
1610612740,New Orleans Pelicans,11,5,6,0.455,533.0,0.534,0.26,0.167,0.315,0.527,0.246,0.144,0.264,15,17,12,17,18,17,22,29,1,11,9,13,12,08/02/2020
1610612752,New York Knicks,11,4,7,0.364,533.0,0.533,0.303,0.145,0.313,0.534,0.305,0.12,0.269,15,24,21,24,18,18,5,17,2,13,26,29,17,08/02/2020
1610612760,Oklahoma City Thunder,10,8,2,0.8,480.0,0.55,0.313,0.138,0.227,0.514,0.202,0.139,0.287,26,2,1,1,26,8,4,11,29,5,1,19,26,08/02/2020
1610612753,Orlando Magic,12,8,4,0.667,576.0,0.561,0.265,0.126,0.281,0.569,0.242,0.14,0.238,6,2,6,6,10,3,16,2,9,26,7,18,2,08/02/2020
1610612755,Philadelphia 76ers,11,5,6,0.455,533.0,0.54,0.249,0.126,0.299,0.559,0.275,0.13,0.267,15,17,12,17,18,12,26,3,5,24,12,26,16,08/02/2020
1610612756,Phoenix Suns,12,6,6,0.5,576.0,0.544,0.282,0.161,0.27,0.545,0.296,0.151,0.267,6,12,12,12,10,11,11,27,14,17,25,6,14,08/02/2020
1610612757,Portland Trail Blazers,12,5,7,0.417,581.0,0.567,0.252,0.138,0.263,0.547,0.287,0.134,0.281,6,17,21,23,8,2,25,10,17,19,17,25,24,08/02/2020
1610612758,Sacramento Kings,12,7,5,0.583,576.0,0.551,0.273,0.131,0.239,0.547,0.316,0.144,0.243,6,8,8,9,10,7,15,5,24,18,28,11,4,08/02/2020
1610612759,San Antonio Spurs,11,6,5,0.545,533.0,0.53,0.262,0.117,0.195,0.555,0.281,0.145,0.245,15,12,8,11,18,19,20,1,30,21,15,10,5,08/02/2020
1610612761,Toronto Raptors,10,7,3,0.7,480.0,0.527,0.296,0.146,0.255,0.49,0.289,0.154,0.247,26,8,2,5,26,22,6,19,21,1,19,5,6,08/02/2020
1610612762,Utah Jazz,12,6,6,0.5,576.0,0.539,0.283,0.153,0.264,0.538,0.223,0.136,0.293,6,12,12,12,10,13,9,23,16,14,5,23,28,08/02/2020
1610612764,Washington Wizards,13,4,9,0.308,629.0,0.524,0.317,0.143,0.247,0.583,0.336,0.182,0.274,2,24,29,25,3,24,3,15,23,30,29,2,19,08/02/2020
1610612737,Atlanta Hawks,10,4,6,0.4,495.0,0.525,0.251,0.136,0.288,0.563,0.297,0.127,0.272,26,22,11,22,26,24,25,9,8,24,25,27,19,08/03/2020
1610612738,Boston Celtics,12,6,6,0.5,586.0,0.519,0.274,0.129,0.296,0.525,0.276,0.144,0.275,6,11,11,11,6,26,14,4,6,10,12,11,22,08/03/2020
1610612751,Brooklyn Nets,12,6,6,0.5,581.0,0.525,0.296,0.14,0.285,0.527,0.238,0.109,0.253,6,11,11,11,7,22,8,16,9,11,7,30,7,08/03/2020
1610612766,Charlotte Hornets,10,4,6,0.4,490.0,0.508,0.252,0.138,0.274,0.547,0.224,0.142,0.286,26,22,11,22,27,29,22,13,12,18,5,16,27,08/03/2020
1610612741,Chicago Bulls,9,3,6,0.333,432.0,0.544,0.202,0.158,0.299,0.574,0.393,0.199,0.317,28,27,11,25,28,12,30,25,5,26,30,1,29,08/03/2020
1610612739,Cleveland Cavaliers,11,5,6,0.455,538.0,0.548,0.262,0.168,0.288,0.557,0.209,0.141,0.267,17,19,11,19,17,8,19,30,7,22,1,17,14,08/03/2020
1610612742,Dallas Mavericks,14,7,7,0.5,682.0,0.546,0.261,0.134,0.256,0.524,0.223,0.121,0.239,1,7,23,11,1,10,20,6,18,9,4,28,4,08/03/2020
1610612743,Denver Nuggets,12,6,6,0.5,581.0,0.556,0.239,0.161,0.272,0.552,0.293,0.146,0.273,6,11,11,11,7,4,28,28,13,20,22,9,20,08/03/2020
1610612765,Detroit Pistons,8,1,7,0.125,384.0,0.517,0.245,0.137,0.276,0.577,0.289,0.145,0.29,30,30,23,30,30,27,26,11,11,28,19,10,28,08/03/2020
1610612744,Golden State Warriors,9,3,6,0.333,432.0,0.525,0.27,0.151,0.245,0.556,0.287,0.136,0.261,28,27,11,25,28,23,15,22,24,21,17,23,11,08/03/2020
1610612745,Houston Rockets,11,7,4,0.636,538.0,0.55,0.283,0.135,0.227,0.531,0.306,0.164,0.33,17,7,6,7,17,7,10,7,28,12,27,4,30,08/03/2020
1610612754,Indiana Pacers,12,9,3,0.75,576.0,0.527,0.224,0.137,0.246,0.513,0.219,0.147,0.28,6,2,1,2,14,21,29,10,23,6,2,8,23,08/03/2020
1610612746,LA Clippers,11,8,3,0.727,528.0,0.553,0.327,0.14,0.268,0.491,0.295,0.136,0.256,17,3,1,3,21,5,1,15,15,3,23,22,8,08/03/2020
1610612747,Los Angeles Lakers,13,10,3,0.769,624.0,0.516,0.301,0.146,0.251,0.496,0.291,0.172,0.261,3,1,1,1,4,28,6,20,20,4,21,3,12,08/03/2020
1610612763,Memphis Grizzlies,13,4,9,0.308,629.0,0.508,0.266,0.144,0.301,0.508,0.263,0.144,0.266,3,22,29,27,3,30,16,18,4,5,11,13,13,08/03/2020
1610612748,Miami Heat,12,7,5,0.583,581.0,0.575,0.299,0.151,0.223,0.536,0.283,0.156,0.267,6,7,8,8,7,1,7,21,29,14,15,5,16,08/03/2020
1610612749,Milwaukee Bucks,12,7,5,0.583,581.0,0.534,0.251,0.16,0.241,0.485,0.25,0.131,0.198,6,7,8,8,7,16,24,26,25,1,10,25,1,08/03/2020
1610612750,Minnesota Timberwolves,11,3,8,0.273,528.0,0.536,0.278,0.136,0.238,0.581,0.291,0.144,0.273,17,27,28,29,21,15,12,8,26,30,20,12,21,08/03/2020
1610612740,New Orleans Pelicans,12,6,6,0.5,581.0,0.533,0.276,0.165,0.306,0.522,0.239,0.143,0.257,6,11,11,11,7,18,13,29,2,8,8,14,9,08/03/2020
1610612752,New York Knicks,11,4,7,0.364,533.0,0.533,0.303,0.145,0.313,0.534,0.305,0.12,0.269,17,22,23,24,19,17,5,19,1,13,26,29,18,08/03/2020
1610612760,Oklahoma City Thunder,11,8,3,0.727,533.0,0.547,0.317,0.139,0.23,0.515,0.223,0.137,0.285,17,3,1,3,19,9,2,14,27,7,3,20,25,08/03/2020
1610612753,Orlando Magic,12,8,4,0.667,576.0,0.561,0.265,0.126,0.281,0.569,0.242,0.14,0.238,6,3,6,6,14,3,18,3,10,25,9,19,3,08/03/2020
1610612755,Philadelphia 76ers,11,5,6,0.455,528.0,0.553,0.243,0.125,0.302,0.576,0.279,0.128,0.258,17,19,11,19,21,6,27,2,3,27,14,26,10,08/03/2020
1610612756,Phoenix Suns,12,6,6,0.5,576.0,0.544,0.282,0.161,0.27,0.545,0.296,0.151,0.267,6,11,11,11,14,13,11,27,14,17,24,7,15,08/03/2020
1610612757,Portland Trail Blazers,12,5,7,0.417,581.0,0.567,0.252,0.138,0.263,0.547,0.287,0.134,0.281,6,19,23,21,7,2,23,12,16,19,18,24,24,08/03/2020
1610612758,Sacramento Kings,11,6,5,0.545,528.0,0.545,0.26,0.134,0.252,0.545,0.311,0.14,0.235,17,11,8,10,21,11,21,5,19,16,28,18,2,08/03/2020
1610612759,San Antonio Spurs,12,6,6,0.5,581.0,0.533,0.266,0.119,0.208,0.559,0.287,0.143,0.245,6,11,11,11,7,19,17,1,30,23,16,15,5,08/03/2020
1610612761,Toronto Raptors,11,8,3,0.727,528.0,0.528,0.313,0.152,0.247,0.491,0.279,0.153,0.246,17,3,1,3,21,20,3,23,22,2,13,6,6,08/03/2020
1610612762,Utah Jazz,13,6,7,0.462,624.0,0.538,0.284,0.157,0.262,0.539,0.234,0.136,0.285,3,11,23,18,4,14,9,24,17,15,6,21,26,08/03/2020
1610612764,Washington Wizards,14,4,10,0.286,677.0,0.522,0.303,0.142,0.248,0.578,0.323,0.177,0.268,1,22,30,28,2,25,4,17,21,29,29,2,17,08/03/2020
1610612737,Atlanta Hawks,10,4,6,0.4,495.0,0.525,0.251,0.136,0.288,0.563,0.297,0.127,0.272,21,21,11,21,21,23,24,12,8,22,24,25,21,08/04/2020
1610612738,Boston Celtics,12,5,7,0.417,586.0,0.517,0.267,0.135,0.297,0.529,0.283,0.148,0.282,6,17,25,20,6,26,15,9,6,11,17,9,23,08/04/2020
1610612751,Brooklyn Nets,13,7,6,0.538,629.0,0.525,0.283,0.134,0.274,0.53,0.24,0.114,0.253,2,6,11,11,2,22,8,6,13,12,9,30,10,08/04/2020
1610612766,Charlotte Hornets,10,4,6,0.4,490.0,0.508,0.252,0.138,0.274,0.547,0.224,0.142,0.286,21,21,11,21,22,30,23,14,12,19,5,17,25,08/04/2020
1610612741,Chicago Bulls,9,3,6,0.333,432.0,0.544,0.202,0.158,0.299,0.574,0.393,0.199,0.317,28,27,11,25,28,10,30,27,5,26,30,1,29,08/04/2020
1610612739,Cleveland Cavaliers,10,4,6,0.4,490.0,0.543,0.258,0.164,0.293,0.572,0.208,0.144,0.251,21,21,11,21,22,11,20,29,7,25,1,13,6,08/04/2020
1610612742,Dallas Mavericks,14,7,7,0.5,687.0,0.534,0.279,0.135,0.266,0.529,0.218,0.123,0.237,1,6,25,13,1,19,11,8,16,10,4,28,3,08/04/2020
1610612743,Denver Nuggets,11,6,5,0.545,533.0,0.559,0.234,0.158,0.274,0.556,0.292,0.148,0.27,17,13,7,10,17,4,28,26,11,21,23,8,19,08/04/2020
1610612765,Detroit Pistons,8,1,7,0.125,384.0,0.517,0.245,0.137,0.276,0.577,0.289,0.145,0.29,30,30,25,30,30,27,26,13,10,29,22,11,27,08/04/2020
1610612744,Golden State Warriors,9,3,6,0.333,432.0,0.525,0.27,0.151,0.245,0.556,0.287,0.136,0.261,28,27,11,25,28,21,14,23,20,20,20,20,14,08/04/2020
1610612745,Houston Rockets,12,7,5,0.583,586.0,0.546,0.283,0.132,0.218,0.526,0.306,0.16,0.33,6,6,7,8,6,9,9,4,29,9,27,4,30,08/04/2020
1610612754,Indiana Pacers,12,9,3,0.75,576.0,0.541,0.211,0.133,0.233,0.517,0.217,0.15,0.286,6,1,1,1,11,12,29,5,26,7,2,7,24,08/04/2020
1610612746,LA Clippers,12,8,4,0.667,576.0,0.552,0.326,0.136,0.263,0.497,0.282,0.132,0.251,6,3,5,5,11,7,1,11,18,3,15,22,7,08/04/2020
1610612747,Los Angeles Lakers,12,9,3,0.75,576.0,0.515,0.288,0.146,0.245,0.498,0.287,0.172,0.256,6,1,1,1,11,28,7,21,21,4,21,3,11,08/04/2020
1610612763,Memphis Grizzlies,12,4,8,0.333,581.0,0.51,0.26,0.142,0.3,0.507,0.247,0.144,0.262,6,21,29,25,8,29,19,17,4,5,11,12,15,08/04/2020
1610612748,Miami Heat,13,8,5,0.615,629.0,0.573,0.314,0.15,0.228,0.533,0.286,0.157,0.276,2,3,7,7,2,1,4,22,27,13,19,5,22,08/04/2020
1610612749,Milwaukee Bucks,13,7,6,0.538,629.0,0.537,0.252,0.161,0.242,0.488,0.242,0.126,0.195,2,6,11,11,2,16,22,28,22,1,10,27,1,08/04/2020
1610612750,Minnesota Timberwolves,10,3,7,0.3,480.0,0.54,0.267,0.14,0.24,0.588,0.281,0.148,0.263,21,27,25,29,26,14,17,15,24,30,14,10,16,08/04/2020
1610612740,New Orleans Pelicans,11,5,6,0.455,533.0,0.524,0.267,0.164,0.306,0.523,0.237,0.144,0.252,17,17,11,17,17,24,16,30,2,8,8,13,9,08/04/2020
1610612752,New York Knicks,10,4,6,0.4,485.0,0.536,0.302,0.144,0.326,0.541,0.298,0.12,0.267,21,21,11,21,24,18,6,20,1,17,25,29,18,08/04/2020
1610612760,Oklahoma City Thunder,10,7,3,0.7,485.0,0.55,0.318,0.141,0.221,0.515,0.217,0.132,0.288,21,6,1,3,24,8,2,16,28,6,3,23,26,08/04/2020
1610612753,Orlando Magic,12,8,4,0.667,576.0,0.572,0.274,0.134,0.279,0.57,0.236,0.133,0.232,6,3,5,5,11,2,12,7,9,24,7,21,2,08/04/2020
1610612755,Philadelphia 76ers,11,5,6,0.455,528.0,0.553,0.243,0.125,0.302,0.576,0.279,0.128,0.258,17,17,11,17,20,6,27,2,3,27,13,24,13,08/04/2020
1610612756,Phoenix Suns,12,7,5,0.583,576.0,0.554,0.272,0.154,0.268,0.54,0.3,0.139,0.257,6,6,7,8,11,5,13,24,15,16,26,19,12,08/04/2020
1610612757,Portland Trail Blazers,12,6,6,0.5,581.0,0.564,0.255,0.136,0.265,0.536,0.278,0.126,0.264,6,13,11,13,8,3,21,10,17,15,12,26,17,08/04/2020
1610612758,Sacramento Kings,12,6,6,0.5,581.0,0.54,0.246,0.131,0.254,0.533,0.332,0.142,0.247,6,13,11,13,8,15,25,3,19,14,29,16,4,08/04/2020
1610612759,San Antonio Spurs,11,5,6,0.455,533.0,0.536,0.264,0.123,0.212,0.564,0.284,0.141,0.251,17,17,11,17,17,17,18,1,30,23,18,18,8,08/04/2020
1610612761,Toronto Raptors,10,7,3,0.7,480.0,0.521,0.317,0.144,0.24,0.496,0.282,0.153,0.247,21,6,1,3,26,25,3,18,23,2,16,6,5,08/04/2020
1610612762,Utah Jazz,12,6,6,0.5,576.0,0.541,0.282,0.156,0.269,0.543,0.23,0.142,0.295,6,13,11,13,11,13,10,25,14,18,6,15,28,08/04/2020
1610612764,Washington Wizards,13,4,9,0.308,629.0,0.531,0.311,0.144,0.235,0.577,0.325,0.174,0.271,2,21,30,28,2,20,5,19,25,28,28,2,20,08/04/2020
1610612737,Atlanta Hawks,9,3,6,0.333,447.0,0.53,0.249,0.14,0.282,0.567,0.306,0.123,0.275,25,26,16,25,25,20,25,15,8,24,26,28,22,08/05/2020
1610612738,Boston Celtics,13,6,7,0.462,634.0,0.53,0.277,0.134,0.294,0.528,0.278,0.149,0.279,2,11,24,16,3,21,12,8,6,10,12,8,24,08/05/2020
1610612751,Brooklyn Nets,13,6,7,0.462,629.0,0.52,0.283,0.139,0.278,0.549,0.251,0.114,0.254,2,11,24,16,4,26,11,13,11,19,10,30,10,08/05/2020
1610612766,Charlotte Hornets,9,4,5,0.444,442.0,0.518,0.254,0.139,0.279,0.543,0.224,0.146,0.298,25,21,6,20,26,27,24,12,10,18,4,10,27,08/05/2020
1610612741,Chicago Bulls,8,3,5,0.375,384.0,0.547,0.196,0.146,0.295,0.584,0.398,0.198,0.307,29,26,6,24,29,8,30,22,5,29,30,1,29,08/05/2020
1610612739,Cleveland Cavaliers,9,4,5,0.444,442.0,0.541,0.256,0.154,0.283,0.56,0.204,0.142,0.261,25,21,6,20,26,12,22,26,7,22,1,16,14,08/05/2020
1610612742,Dallas Mavericks,13,7,6,0.538,639.0,0.534,0.284,0.133,0.268,0.533,0.214,0.125,0.229,2,7,16,13,2,18,10,5,15,12,2,27,3,08/05/2020
1610612743,Denver Nuggets,12,7,5,0.583,581.0,0.565,0.234,0.156,0.28,0.556,0.292,0.143,0.275,8,7,6,7,8,1,28,27,9,20,21,15,21,08/05/2020
1610612765,Detroit Pistons,8,1,7,0.125,384.0,0.517,0.245,0.137,0.276,0.577,0.289,0.145,0.29,29,30,24,30,29,28,26,11,12,28,20,13,26,08/05/2020
1610612744,Golden State Warriors,9,3,6,0.333,432.0,0.525,0.27,0.151,0.245,0.556,0.287,0.136,0.261,25,26,16,25,28,23,14,25,20,21,19,19,13,08/05/2020
1610612745,Houston Rockets,11,6,5,0.545,538.0,0.541,0.295,0.135,0.221,0.528,0.309,0.162,0.338,15,11,6,10,15,13,7,9,28,9,27,4,30,08/05/2020
1610612754,Indiana Pacers,12,9,3,0.75,576.0,0.541,0.211,0.133,0.233,0.517,0.217,0.15,0.286,8,1,1,1,13,14,29,6,26,7,3,6,25,08/05/2020
1610612746,LA Clippers,11,8,3,0.727,528.0,0.562,0.325,0.132,0.261,0.495,0.281,0.133,0.252,15,3,1,2,19,6,2,4,17,4,16,21,9,08/05/2020
1610612747,Los Angeles Lakers,13,9,4,0.692,624.0,0.504,0.291,0.143,0.24,0.495,0.299,0.17,0.25,2,1,5,5,6,30,9,18,22,3,24,3,6,08/05/2020
1610612763,Memphis Grizzlies,13,4,9,0.308,629.0,0.511,0.261,0.142,0.296,0.511,0.258,0.146,0.266,2,21,29,27,4,29,20,17,4,6,11,11,18,08/05/2020
1610612748,Miami Heat,12,7,5,0.583,581.0,0.563,0.319,0.149,0.235,0.53,0.286,0.15,0.268,8,7,6,7,8,5,4,23,24,11,18,7,20,08/05/2020
1610612749,Milwaukee Bucks,12,6,6,0.5,581.0,0.531,0.261,0.161,0.242,0.494,0.247,0.126,0.192,8,11,16,14,8,19,19,29,21,2,9,25,1,08/05/2020
1610612750,Minnesota Timberwolves,10,3,7,0.3,480.0,0.54,0.267,0.14,0.24,0.588,0.281,0.148,0.263,23,26,24,28,24,15,16,14,23,30,15,9,15,08/05/2020
1610612740,New Orleans Pelicans,11,5,6,0.455,533.0,0.524,0.267,0.164,0.306,0.523,0.237,0.144,0.252,15,18,16,18,16,25,15,30,2,8,6,14,8,08/05/2020
1610612752,New York Knicks,10,4,6,0.4,485.0,0.536,0.302,0.144,0.326,0.541,0.298,0.12,0.267,23,21,16,23,23,17,6,20,1,16,23,29,19,08/05/2020
1610612760,Oklahoma City Thunder,11,8,3,0.727,533.0,0.543,0.33,0.141,0.216,0.503,0.227,0.13,0.278,15,3,1,2,16,10,1,16,30,5,5,22,23,08/05/2020
1610612753,Orlando Magic,13,8,5,0.615,624.0,0.564,0.276,0.134,0.27,0.57,0.246,0.133,0.224,2,3,6,6,6,3,13,7,14,26,8,20,2,08/05/2020
1610612755,Philadelphia 76ers,11,6,5,0.545,528.0,0.565,0.259,0.127,0.302,0.564,0.293,0.127,0.256,15,11,6,10,19,2,21,2,3,23,22,24,11,08/05/2020
1610612756,Phoenix Suns,11,6,5,0.545,528.0,0.558,0.264,0.149,0.256,0.542,0.304,0.129,0.25,15,11,6,10,19,7,18,24,18,17,25,23,7,08/05/2020
1610612757,Portland Trail Blazers,12,6,6,0.5,581.0,0.564,0.255,0.136,0.265,0.536,0.278,0.126,0.264,8,11,16,14,8,4,23,10,16,13,13,26,16,08/05/2020
1610612758,Sacramento Kings,11,5,6,0.455,533.0,0.542,0.241,0.132,0.255,0.541,0.332,0.139,0.244,15,18,16,18,16,11,27,3,19,15,29,18,5,08/05/2020
1610612759,San Antonio Spurs,12,5,7,0.417,581.0,0.538,0.266,0.12,0.221,0.57,0.279,0.141,0.259,8,18,24,22,8,16,17,1,29,25,14,17,12,08/05/2020
1610612761,Toronto Raptors,11,8,3,0.727,528.0,0.524,0.322,0.144,0.231,0.493,0.284,0.15,0.241,15,3,1,2,19,24,3,19,27,1,17,5,4,08/05/2020
1610612762,Utah Jazz,12,7,5,0.583,576.0,0.546,0.293,0.16,0.276,0.537,0.24,0.145,0.302,8,7,6,7,13,9,8,28,13,14,7,12,28,08/05/2020
1610612764,Washington Wizards,14,4,10,0.286,677.0,0.526,0.309,0.144,0.234,0.573,0.327,0.171,0.266,1,21,30,29,1,22,5,21,25,27,28,2,17,08/05/2020
1610612737,Atlanta Hawks,9,3,6,0.333,447.0,0.53,0.249,0.14,0.282,0.567,0.306,0.123,0.275,24,26,15,25,24,21,26,17,9,26,25,27,21,08/06/2020
1610612738,Boston Celtics,12,6,6,0.5,586.0,0.529,0.271,0.132,0.298,0.529,0.265,0.151,0.28,9,13,15,13,9,22,17,8,4,9,12,5,23,08/06/2020
1610612751,Brooklyn Nets,13,6,7,0.462,629.0,0.52,0.283,0.139,0.278,0.549,0.251,0.114,0.254,2,13,26,18,2,26,11,13,12,18,8,30,10,08/06/2020
1610612766,Charlotte Hornets,9,4,5,0.444,442.0,0.518,0.254,0.139,0.279,0.543,0.224,0.146,0.298,24,20,5,20,25,27,24,12,11,16,4,11,26,08/06/2020
1610612741,Chicago Bulls,7,2,5,0.286,336.0,0.532,0.178,0.127,0.294,0.583,0.385,0.194,0.321,29,29,5,29,29,19,30,2,6,30,30,1,29,08/06/2020
1610612739,Cleveland Cavaliers,9,4,5,0.444,442.0,0.541,0.256,0.154,0.283,0.56,0.204,0.142,0.261,24,20,5,20,25,14,22,26,8,21,1,15,14,08/06/2020
1610612742,Dallas Mavericks,14,7,7,0.5,687.0,0.535,0.281,0.13,0.263,0.539,0.21,0.122,0.233,1,5,26,13,1,17,13,6,18,14,2,28,3,08/06/2020
1610612743,Denver Nuggets,12,6,6,0.5,581.0,0.561,0.235,0.159,0.288,0.562,0.282,0.139,0.278,9,13,15,13,11,6,28,28,7,22,16,17,22,08/06/2020
1610612765,Detroit Pistons,7,1,6,0.143,336.0,0.52,0.247,0.14,0.281,0.579,0.299,0.15,0.301,29,30,15,30,29,25,27,16,10,28,23,6,27,08/06/2020
1610612744,Golden State Warriors,8,3,5,0.375,384.0,0.529,0.285,0.151,0.241,0.556,0.309,0.137,0.253,28,26,5,23,28,23,10,23,21,20,26,19,9,08/06/2020
1610612745,Houston Rockets,12,7,5,0.583,586.0,0.542,0.293,0.139,0.222,0.523,0.32,0.169,0.335,9,5,5,7,9,12,7,14,26,8,27,3,30,08/06/2020
1610612754,Indiana Pacers,12,9,3,0.75,576.0,0.553,0.215,0.131,0.218,0.509,0.219,0.149,0.283,9,1,1,1,14,8,29,7,30,5,3,8,24,08/06/2020
1610612746,LA Clippers,12,9,3,0.75,576.0,0.567,0.311,0.128,0.264,0.5,0.277,0.129,0.248,9,1,1,1,14,1,4,5,16,3,14,25,7,08/06/2020
1610612747,Los Angeles Lakers,13,8,5,0.615,624.0,0.501,0.292,0.152,0.242,0.496,0.293,0.172,0.248,2,3,5,5,7,30,9,25,20,1,19,2,8,08/06/2020
1610612763,Memphis Grizzlies,13,4,9,0.308,629.0,0.511,0.261,0.142,0.296,0.511,0.258,0.146,0.266,2,20,29,27,2,29,18,19,5,6,11,12,17,08/06/2020
1610612748,Miami Heat,13,7,6,0.538,629.0,0.562,0.32,0.151,0.23,0.537,0.301,0.148,0.261,2,5,15,11,2,5,3,24,25,11,24,9,13,08/06/2020
1610612749,Milwaukee Bucks,13,7,6,0.538,629.0,0.537,0.277,0.158,0.237,0.497,0.252,0.13,0.191,2,5,15,11,2,15,14,27,22,2,9,23,1,08/06/2020
1610612750,Minnesota Timberwolves,9,3,6,0.333,432.0,0.542,0.261,0.14,0.234,0.581,0.291,0.149,0.267,24,26,15,25,27,13,19,15,24,29,17,7,19,08/06/2020
1610612740,New Orleans Pelicans,11,4,7,0.364,533.0,0.532,0.281,0.167,0.299,0.534,0.254,0.137,0.259,18,20,26,24,18,20,12,30,3,10,10,18,12,08/06/2020
1610612752,New York Knicks,10,4,6,0.4,485.0,0.536,0.302,0.144,0.326,0.541,0.298,0.12,0.267,21,20,15,22,21,16,5,21,1,15,22,29,18,08/06/2020
1610612760,Oklahoma City Thunder,10,7,3,0.7,485.0,0.533,0.336,0.143,0.219,0.512,0.231,0.134,0.284,21,5,1,3,21,18,2,20,29,7,5,20,25,08/06/2020
1610612753,Orlando Magic,13,8,5,0.615,624.0,0.564,0.276,0.134,0.27,0.57,0.246,0.133,0.224,2,3,5,5,7,4,15,9,15,27,7,21,2,08/06/2020
1610612755,Philadelphia 76ers,11,6,5,0.545,528.0,0.565,0.259,0.127,0.302,0.564,0.293,0.127,0.256,18,13,5,10,20,3,21,3,2,23,18,26,11,08/06/2020
1610612756,Phoenix Suns,12,7,5,0.583,576.0,0.555,0.26,0.15,0.262,0.538,0.297,0.131,0.239,9,5,5,7,14,7,20,22,19,13,21,22,5,08/06/2020
1610612757,Portland Trail Blazers,12,6,6,0.5,581.0,0.566,0.254,0.135,0.274,0.545,0.276,0.13,0.27,9,13,15,13,11,2,23,10,14,17,13,24,20,08/06/2020
1610612758,Sacramento Kings,12,6,6,0.5,581.0,0.549,0.251,0.127,0.264,0.551,0.328,0.141,0.242,9,13,15,13,11,10,25,4,17,19,29,16,6,08/06/2020
1610612759,San Antonio Spurs,11,5,6,0.455,533.0,0.55,0.275,0.123,0.221,0.564,0.28,0.143,0.264,18,19,15,19,18,9,16,1,27,24,15,14,16,08/06/2020
1610612761,Toronto Raptors,10,7,3,0.7,480.0,0.515,0.336,0.141,0.219,0.507,0.295,0.148,0.237,21,5,1,3,23,28,1,18,28,4,20,10,4,08/06/2020
1610612762,Utah Jazz,12,7,5,0.583,576.0,0.546,0.293,0.16,0.276,0.537,0.24,0.145,0.302,9,5,5,7,14,11,8,29,13,12,6,13,28,08/06/2020
1610612764,Washington Wizards,13,4,9,0.308,629.0,0.522,0.297,0.138,0.236,0.566,0.325,0.164,0.263,2,20,29,27,2,24,6,11,23,25,28,4,15,08/06/2020
1610612737,Atlanta Hawks,8,3,5,0.375,399.0,0.54,0.246,0.142,0.277,0.565,0.302,0.124,0.275,25,25,5,24,25,15,26,17,11,26,25,27,20,08/07/2020
1610612738,Boston Celtics,13,7,6,0.538,634.0,0.533,0.262,0.133,0.293,0.525,0.26,0.153,0.272,1,4,18,11,2,18,17,8,6,8,11,6,19,08/07/2020
1610612751,Brooklyn Nets,13,7,6,0.538,629.0,0.521,0.303,0.138,0.27,0.544,0.257,0.118,0.259,1,4,18,11,3,24,5,11,15,17,10,30,12,08/07/2020
1610612766,Charlotte Hornets,9,4,5,0.444,442.0,0.518,0.254,0.139,0.279,0.543,0.224,0.146,0.298,23,22,5,20,23,27,22,13,9,16,4,11,27,08/07/2020
1610612741,Chicago Bulls,7,2,5,0.286,336.0,0.532,0.178,0.127,0.294,0.583,0.385,0.194,0.321,29,29,5,29,29,19,30,3,5,30,30,1,29,08/07/2020
1610612739,Cleveland Cavaliers,8,3,5,0.375,389.0,0.545,0.243,0.16,0.277,0.563,0.203,0.142,0.267,25,25,5,24,26,10,27,29,10,25,2,15,17,08/07/2020
1610612742,Dallas Mavericks,13,6,7,0.462,639.0,0.531,0.281,0.131,0.259,0.54,0.199,0.123,0.236,1,11,26,18,1,20,13,6,18,15,1,28,3,08/07/2020
1610612743,Denver Nuggets,12,6,6,0.5,581.0,0.561,0.235,0.159,0.288,0.562,0.282,0.139,0.278,9,11,18,14,9,4,28,28,7,24,18,17,22,08/07/2020
1610612765,Detroit Pistons,7,1,6,0.143,336.0,0.52,0.247,0.14,0.281,0.579,0.299,0.15,0.301,29,30,18,30,29,26,25,15,8,28,24,8,28,08/07/2020
1610612744,Golden State Warriors,8,3,5,0.375,384.0,0.529,0.285,0.151,0.241,0.556,0.309,0.137,0.253,25,25,5,24,27,21,10,23,22,20,26,20,10,08/07/2020
1610612745,Houston Rockets,11,6,5,0.545,538.0,0.538,0.287,0.141,0.226,0.525,0.319,0.17,0.335,17,11,5,8,17,16,9,16,26,9,27,3,30,08/07/2020
1610612754,Indiana Pacers,12,9,3,0.75,576.0,0.553,0.215,0.131,0.218,0.509,0.219,0.149,0.283,9,1,1,1,13,6,29,7,29,5,3,9,24,08/07/2020
1610612746,LA Clippers,11,8,3,0.727,528.0,0.565,0.324,0.129,0.262,0.504,0.28,0.129,0.249,17,2,1,2,19,2,2,4,17,4,16,24,8,08/07/2020
1610612747,Los Angeles Lakers,13,8,5,0.615,624.0,0.501,0.292,0.152,0.242,0.496,0.293,0.172,0.248,1,2,5,5,6,30,7,24,21,2,21,2,7,08/07/2020
1610612763,Memphis Grizzlies,13,5,8,0.385,629.0,0.523,0.261,0.147,0.304,0.497,0.255,0.144,0.263,1,20,29,23,3,23,18,21,3,3,9,12,16,08/07/2020
1610612748,Miami Heat,12,7,5,0.583,576.0,0.564,0.331,0.152,0.231,0.539,0.296,0.151,0.255,9,4,5,6,13,3,1,25,25,14,23,7,11,08/07/2020
1610612749,Milwaukee Bucks,12,6,6,0.5,576.0,0.527,0.274,0.157,0.246,0.492,0.245,0.129,0.189,9,11,18,14,13,22,15,27,20,1,7,23,1,08/07/2020
1610612750,Minnesota Timberwolves,8,3,5,0.375,384.0,0.545,0.248,0.144,0.24,0.581,0.292,0.154,0.261,25,25,5,24,27,11,24,19,24,29,20,5,14,08/07/2020
1610612740,New Orleans Pelicans,12,5,7,0.417,581.0,0.533,0.282,0.169,0.303,0.53,0.254,0.139,0.26,9,20,26,22,9,17,12,30,4,10,8,18,13,08/07/2020
1610612752,New York Knicks,9,4,5,0.444,437.0,0.54,0.299,0.142,0.324,0.536,0.291,0.12,0.277,23,22,5,20,24,14,6,18,1,12,19,29,21,08/07/2020
1610612760,Oklahoma City Thunder,11,7,4,0.636,533.0,0.521,0.317,0.139,0.223,0.521,0.232,0.14,0.288,17,4,3,3,18,25,4,12,27,7,5,16,25,08/07/2020
1610612753,Orlando Magic,13,7,6,0.538,624.0,0.557,0.283,0.135,0.274,0.561,0.269,0.131,0.231,1,4,18,11,6,5,11,9,12,23,12,21,2,08/07/2020
1610612755,Philadelphia 76ers,11,6,5,0.545,528.0,0.553,0.261,0.125,0.31,0.566,0.293,0.125,0.249,17,11,5,8,19,7,19,2,2,27,22,25,9,08/07/2020
1610612756,Phoenix Suns,11,6,5,0.545,528.0,0.548,0.259,0.15,0.253,0.538,0.274,0.124,0.237,17,11,5,8,19,9,20,22,19,13,13,26,5,08/07/2020
1610612757,Portland Trail Blazers,12,6,6,0.5,581.0,0.566,0.254,0.135,0.274,0.545,0.276,0.13,0.27,9,11,18,14,9,1,21,10,13,18,14,22,18,08/07/2020
1610612758,Sacramento Kings,13,6,7,0.462,629.0,0.545,0.253,0.129,0.265,0.554,0.328,0.138,0.238,1,11,26,18,3,12,23,5,16,19,29,19,6,08/07/2020
1610612759,San Antonio Spurs,12,6,6,0.5,581.0,0.55,0.277,0.123,0.219,0.559,0.278,0.144,0.262,9,11,18,14,9,8,14,1,28,22,15,13,15,08/07/2020
1610612761,Toronto Raptors,11,7,4,0.636,528.0,0.512,0.322,0.144,0.216,0.514,0.282,0.147,0.237,17,4,3,3,19,29,3,20,30,6,17,10,4,08/07/2020
1610612762,Utah Jazz,12,7,5,0.583,576.0,0.542,0.267,0.156,0.273,0.531,0.242,0.143,0.288,9,4,5,6,13,13,16,26,14,11,6,14,26,08/07/2020
1610612764,Washington Wizards,13,4,9,0.308,624.0,0.516,0.291,0.139,0.24,0.557,0.324,0.165,0.28,1,22,30,28,6,28,8,14,23,21,28,4,23,08/07/2020
1610612737,Atlanta Hawks,8,3,5,0.375,399.0,0.54,0.246,0.142,0.277,0.565,0.302,0.124,0.275,24,25,8,25,24,15,24,17,10,25,26,25,19,08/08/2020
1610612738,Boston Celtics,12,6,6,0.5,586.0,0.528,0.271,0.132,0.3,0.525,0.259,0.152,0.278,9,11,16,13,10,21,15,8,5,8,10,7,22,08/08/2020
1610612751,Brooklyn Nets,13,7,6,0.538,629.0,0.521,0.303,0.138,0.27,0.544,0.257,0.118,0.259,2,3,16,8,3,25,5,12,16,17,9,30,12,08/08/2020
1610612766,Charlotte Hornets,8,4,4,0.5,394.0,0.536,0.262,0.143,0.286,0.533,0.233,0.145,0.303,24,22,4,13,25,18,17,19,6,12,4,10,28,08/08/2020
1610612741,Chicago Bulls,6,2,4,0.333,288.0,0.521,0.193,0.129,0.284,0.574,0.373,0.205,0.324,29,29,4,28,29,26,30,4,7,29,30,1,29,08/08/2020
1610612739,Cleveland Cavaliers,8,3,5,0.375,389.0,0.545,0.243,0.16,0.277,0.563,0.203,0.142,0.267,24,25,8,25,26,10,26,29,9,24,1,16,17,08/08/2020
1610612742,Dallas Mavericks,14,7,7,0.5,692.0,0.527,0.276,0.125,0.263,0.541,0.21,0.122,0.234,1,3,26,13,1,22,14,3,18,16,2,27,4,08/08/2020
1610612743,Denver Nuggets,12,6,6,0.5,591.0,0.551,0.236,0.15,0.279,0.566,0.277,0.142,0.278,9,11,16,13,9,7,28,25,8,27,16,17,21,08/08/2020
1610612765,Detroit Pistons,6,1,5,0.167,288.0,0.524,0.245,0.135,0.275,0.569,0.3,0.143,0.294,29,30,8,30,29,23,25,9,13,28,25,13,26,08/08/2020
1610612744,Golden State Warriors,7,3,4,0.429,336.0,0.537,0.282,0.148,0.249,0.549,0.292,0.142,0.264,28,25,4,21,28,17,11,23,21,19,22,15,16,08/08/2020
1610612745,Houston Rockets,11,6,5,0.545,538.0,0.538,0.287,0.141,0.226,0.525,0.319,0.17,0.335,18,11,8,6,18,16,9,15,25,9,27,3,30,08/08/2020
1610612754,Indiana Pacers,12,9,3,0.75,576.0,0.552,0.217,0.135,0.218,0.517,0.218,0.152,0.299,9,1,1,1,15,6,29,11,28,6,3,6,27,08/08/2020
1610612746,LA Clippers,12,9,3,0.75,576.0,0.567,0.324,0.13,0.264,0.51,0.272,0.127,0.246,9,1,1,1,15,2,3,5,17,4,14,23,7,08/08/2020
1610612747,Los Angeles Lakers,13,7,6,0.538,624.0,0.499,0.291,0.152,0.25,0.505,0.279,0.173,0.252,2,3,16,8,5,30,7,26,20,3,18,2,9,08/08/2020
1610612763,Memphis Grizzlies,13,5,8,0.385,629.0,0.523,0.261,0.147,0.304,0.497,0.255,0.144,0.263,2,18,29,24,3,24,19,22,4,2,8,11,15,08/08/2020
1610612748,Miami Heat,13,7,6,0.538,624.0,0.563,0.325,0.15,0.223,0.539,0.289,0.148,0.256,2,3,16,8,5,3,2,24,26,15,19,9,10,08/08/2020
1610612749,Milwaukee Bucks,12,5,7,0.417,581.0,0.534,0.268,0.154,0.242,0.496,0.243,0.12,0.196,9,18,26,22,11,20,16,27,22,1,5,28,1,08/08/2020
1610612750,Minnesota Timberwolves,8,3,5,0.375,384.0,0.545,0.248,0.144,0.24,0.581,0.292,0.154,0.261,24,25,8,25,27,11,22,20,24,30,23,5,13,08/08/2020
1610612740,New Orleans Pelicans,11,5,6,0.455,533.0,0.536,0.277,0.168,0.311,0.532,0.259,0.138,0.257,18,18,16,19,19,19,13,30,2,11,11,18,11,08/08/2020
1610612752,New York Knicks,9,4,5,0.444,437.0,0.54,0.299,0.142,0.324,0.536,0.291,0.12,0.277,23,22,8,20,23,13,6,18,1,13,21,29,20,08/08/2020
1610612760,Oklahoma City Thunder,10,6,4,0.6,485.0,0.51,0.304,0.14,0.217,0.513,0.247,0.143,0.282,21,11,4,4,21,29,4,14,29,5,7,14,24,08/08/2020
1610612753,Orlando Magic,13,7,6,0.538,624.0,0.557,0.283,0.135,0.274,0.561,0.269,0.131,0.231,2,3,16,8,5,4,10,10,14,23,13,21,3,08/08/2020
1610612755,Philadelphia 76ers,11,6,5,0.545,528.0,0.553,0.261,0.125,0.31,0.566,0.293,0.125,0.249,18,11,8,6,20,5,20,2,3,26,24,24,8,08/08/2020
1610612756,Phoenix Suns,12,7,5,0.583,576.0,0.547,0.255,0.147,0.255,0.539,0.273,0.124,0.229,9,3,8,5,15,9,21,21,19,14,15,26,2,08/08/2020
1610612757,Portland Trail Blazers,12,6,6,0.5,581.0,0.571,0.247,0.13,0.275,0.545,0.29,0.131,0.275,9,11,16,13,11,1,23,6,12,18,20,22,18,08/08/2020
1610612758,Sacramento Kings,12,5,7,0.417,581.0,0.54,0.239,0.131,0.272,0.56,0.329,0.136,0.242,9,18,26,22,11,14,27,7,15,22,29,20,6,08/08/2020
1610612759,San Antonio Spurs,12,6,6,0.5,581.0,0.55,0.277,0.123,0.219,0.559,0.278,0.144,0.262,9,11,16,13,11,8,12,1,27,21,17,12,14,08/08/2020
1610612761,Toronto Raptors,10,7,3,0.7,480.0,0.519,0.332,0.142,0.214,0.518,0.268,0.148,0.236,21,3,1,3,22,27,1,16,30,7,12,8,5,08/08/2020
1610612762,Utah Jazz,13,7,6,0.538,634.0,0.543,0.262,0.159,0.277,0.529,0.245,0.138,0.283,2,3,16,8,2,12,18,28,11,10,6,19,25,08/08/2020
1610612764,Washington Wizards,13,4,9,0.308,624.0,0.516,0.291,0.139,0.24,0.557,0.324,0.165,0.28,2,22,30,29,5,28,8,13,23,20,28,4,23,08/08/2020
1610612737,Atlanta Hawks,7,3,4,0.429,351.0,0.543,0.243,0.15,0.283,0.566,0.31,0.129,0.269,24,23,3,19,24,11,26,23,7,24,26,23,17,08/09/2020
1610612738,Boston Celtics,12,6,6,0.5,591.0,0.52,0.274,0.134,0.297,0.521,0.266,0.152,0.281,9,12,20,14,9,27,13,7,4,7,11,6,23,08/09/2020
1610612751,Brooklyn Nets,13,8,5,0.615,629.0,0.536,0.289,0.137,0.261,0.548,0.261,0.117,0.258,1,2,11,6,2,17,10,12,17,18,10,28,13,08/09/2020
1610612766,Charlotte Hornets,7,3,4,0.429,346.0,0.537,0.256,0.142,0.282,0.533,0.238,0.143,0.295,24,23,3,19,25,15,21,16,8,13,4,14,27,08/09/2020
1610612741,Chicago Bulls,6,2,4,0.333,288.0,0.521,0.193,0.129,0.284,0.574,0.373,0.205,0.324,29,27,3,26,29,26,30,5,6,28,30,1,30,08/09/2020
1610612739,Cleveland Cavaliers,7,2,5,0.286,341.0,0.539,0.246,0.154,0.272,0.575,0.209,0.148,0.272,24,27,11,27,26,14,23,27,14,29,1,9,19,08/09/2020
1610612742,Dallas Mavericks,13,6,7,0.462,644.0,0.528,0.27,0.123,0.266,0.545,0.21,0.12,0.23,1,12,24,17,1,21,15,1,15,16,2,26,3,08/09/2020
1610612743,Denver Nuggets,12,6,6,0.5,591.0,0.551,0.236,0.15,0.279,0.566,0.277,0.142,0.278,9,12,20,14,9,8,28,22,9,25,17,17,21,08/09/2020
1610612765,Detroit Pistons,6,1,5,0.167,288.0,0.524,0.245,0.135,0.275,0.569,0.3,0.143,0.294,29,30,11,30,29,25,24,9,11,27,24,15,26,08/09/2020
1610612744,Golden State Warriors,7,3,4,0.429,336.0,0.537,0.282,0.148,0.249,0.549,0.292,0.142,0.264,24,23,3,19,27,16,12,21,22,19,23,16,15,08/09/2020
1610612745,Houston Rockets,11,6,5,0.545,538.0,0.527,0.303,0.137,0.222,0.533,0.328,0.171,0.308,18,12,11,10,18,22,5,11,26,12,28,3,29,08/09/2020
1610612754,Indiana Pacers,12,9,3,0.75,576.0,0.552,0.217,0.135,0.218,0.517,0.218,0.152,0.299,9,1,1,1,15,7,29,10,27,6,3,7,28,08/09/2020
1610612746,LA Clippers,12,8,4,0.667,576.0,0.569,0.326,0.125,0.259,0.529,0.274,0.127,0.241,9,2,3,3,15,1,2,3,18,9,15,24,7,08/09/2020
1610612747,Los Angeles Lakers,13,7,6,0.538,624.0,0.499,0.291,0.152,0.25,0.505,0.279,0.173,0.252,1,5,20,12,7,30,8,26,20,3,18,2,9,08/09/2020
1610612763,Memphis Grizzlies,13,5,8,0.385,629.0,0.526,0.26,0.151,0.288,0.488,0.276,0.15,0.256,1,18,28,24,2,23,19,24,5,1,16,8,10,08/09/2020
1610612748,Miami Heat,12,7,5,0.583,576.0,0.561,0.307,0.144,0.218,0.533,0.29,0.148,0.257,9,5,11,7,15,3,4,19,28,11,22,10,11,08/09/2020
1610612749,Milwaukee Bucks,12,5,7,0.417,581.0,0.534,0.268,0.154,0.242,0.496,0.243,0.12,0.196,9,18,24,22,12,19,17,28,23,2,5,27,1,08/09/2020
1610612750,Minnesota Timberwolves,7,2,5,0.286,336.0,0.536,0.244,0.143,0.239,0.579,0.261,0.146,0.257,24,27,11,27,27,18,25,18,24,30,9,12,12,08/09/2020
1610612740,New Orleans Pelicans,12,5,7,0.417,581.0,0.533,0.272,0.17,0.314,0.53,0.267,0.14,0.264,9,18,24,22,12,20,14,30,3,10,13,19,14,08/09/2020
1610612752,New York Knicks,8,4,4,0.5,389.0,0.542,0.311,0.14,0.319,0.537,0.29,0.117,0.272,23,22,3,14,23,12,3,15,2,14,21,29,18,08/09/2020
1610612760,Oklahoma City Thunder,11,7,4,0.636,533.0,0.52,0.3,0.138,0.217,0.508,0.247,0.144,0.289,18,5,3,4,19,28,6,14,29,4,6,13,25,08/09/2020
1610612753,Orlando Magic,13,6,7,0.462,629.0,0.549,0.283,0.137,0.275,0.559,0.266,0.134,0.234,1,12,24,17,2,9,11,13,12,21,12,21,4,08/09/2020
1610612755,Philadelphia 76ers,11,6,5,0.545,528.0,0.56,0.262,0.13,0.32,0.56,0.302,0.116,0.243,18,12,11,10,20,4,18,6,1,22,25,30,8,08/09/2020
1610612756,Phoenix Suns,11,7,4,0.636,528.0,0.557,0.26,0.145,0.249,0.54,0.281,0.12,0.224,18,5,3,4,20,5,20,20,21,15,20,25,2,08/09/2020
1610612757,Portland Trail Blazers,13,7,6,0.538,629.0,0.568,0.253,0.128,0.273,0.546,0.28,0.132,0.28,1,5,20,12,2,2,22,4,13,17,19,22,22,08/09/2020
1610612758,Sacramento Kings,13,5,8,0.385,629.0,0.539,0.241,0.134,0.262,0.561,0.329,0.136,0.24,1,18,28,24,2,13,27,8,16,23,29,20,6,08/09/2020
1610612759,San Antonio Spurs,12,7,5,0.583,581.0,0.553,0.29,0.124,0.225,0.557,0.268,0.147,0.274,9,5,11,7,12,6,9,2,25,20,14,11,20,08/09/2020
1610612761,Toronto Raptors,11,8,3,0.727,528.0,0.524,0.343,0.152,0.209,0.515,0.259,0.154,0.239,18,2,1,2,20,24,1,25,30,5,8,5,5,08/09/2020
1610612762,Utah Jazz,12,7,5,0.583,586.0,0.545,0.27,0.162,0.276,0.524,0.25,0.141,0.282,9,5,11,7,11,10,16,29,10,8,7,18,24,08/09/2020
1610612764,Washington Wizards,13,3,10,0.231,624.0,0.512,0.297,0.143,0.251,0.568,0.313,0.161,0.266,1,23,30,29,7,29,7,17,19,26,27,4,16,08/09/2020
1610612737,Atlanta Hawks,7,3,4,0.429,351.0,0.543,0.243,0.15,0.283,0.566,0.31,0.129,0.269,23,23,4,20,23,12,27,23,8,24,25,23,18,08/10/2020
1610612738,Boston Celtics,12,6,6,0.5,591.0,0.52,0.274,0.134,0.297,0.521,0.266,0.152,0.281,11,12,20,14,11,27,15,8,4,7,10,6,23,08/10/2020
1610612751,Brooklyn Nets,13,8,5,0.615,629.0,0.536,0.289,0.137,0.261,0.548,0.261,0.117,0.258,2,2,10,5,4,17,11,13,17,16,8,30,12,08/10/2020
1610612766,Charlotte Hornets,7,3,4,0.429,346.0,0.537,0.256,0.142,0.282,0.533,0.238,0.143,0.295,23,23,4,20,24,16,22,15,9,14,4,14,27,08/10/2020
1610612741,Chicago Bulls,6,2,4,0.333,288.0,0.521,0.193,0.129,0.284,0.574,0.373,0.205,0.324,28,27,4,26,28,26,30,6,7,28,30,1,30,08/10/2020
1610612739,Cleveland Cavaliers,7,2,5,0.286,341.0,0.539,0.246,0.154,0.272,0.575,0.209,0.148,0.272,23,27,10,27,25,15,24,27,14,29,1,10,19,08/10/2020
1610612742,Dallas Mavericks,14,7,7,0.5,692.0,0.535,0.265,0.121,0.265,0.549,0.212,0.121,0.233,1,7,23,14,1,19,19,1,15,18,2,28,3,08/10/2020
1610612743,Denver Nuggets,13,6,7,0.462,639.0,0.559,0.24,0.15,0.285,0.571,0.285,0.14,0.285,2,12,23,18,2,3,28,24,6,27,19,16,24,08/10/2020
1610612765,Detroit Pistons,6,1,5,0.167,288.0,0.524,0.245,0.135,0.275,0.569,0.3,0.143,0.294,28,30,10,30,28,24,25,9,11,26,23,15,26,08/10/2020
1610612744,Golden State Warriors,6,3,3,0.5,288.0,0.546,0.307,0.128,0.264,0.548,0.289,0.139,0.266,28,23,1,14,28,11,4,5,16,17,20,18,14,08/10/2020
1610612745,Houston Rockets,11,6,5,0.545,538.0,0.527,0.303,0.137,0.222,0.533,0.328,0.171,0.308,20,12,10,10,20,22,5,12,27,13,29,2,29,08/10/2020
1610612754,Indiana Pacers,12,8,4,0.667,576.0,0.549,0.22,0.137,0.205,0.518,0.221,0.152,0.304,11,2,4,2,16,10,29,11,30,5,3,7,28,08/10/2020
1610612746,LA Clippers,12,8,4,0.667,576.0,0.569,0.326,0.125,0.259,0.529,0.274,0.127,0.241,11,2,4,2,16,2,2,3,18,9,15,24,7,08/10/2020
1610612747,Los Angeles Lakers,13,7,6,0.538,624.0,0.504,0.297,0.149,0.258,0.518,0.291,0.165,0.267,2,7,20,12,8,30,6,22,19,6,22,3,16,08/10/2020
1610612763,Memphis Grizzlies,13,5,8,0.385,629.0,0.526,0.26,0.151,0.288,0.488,0.276,0.15,0.256,2,17,28,24,4,23,21,26,5,1,16,9,10,08/10/2020
1610612748,Miami Heat,13,8,5,0.615,624.0,0.556,0.297,0.144,0.229,0.527,0.291,0.15,0.25,2,2,10,5,8,6,8,18,25,8,21,8,9,08/10/2020
1610612749,Milwaukee Bucks,13,5,8,0.385,629.0,0.53,0.279,0.156,0.244,0.495,0.245,0.121,0.205,2,17,28,24,4,21,13,28,23,2,6,27,1,08/10/2020
1610612750,Minnesota Timberwolves,7,2,5,0.286,336.0,0.536,0.244,0.143,0.239,0.579,0.261,0.146,0.257,23,27,10,27,27,18,26,17,24,30,7,13,11,08/10/2020
1610612740,New Orleans Pelicans,12,5,7,0.417,581.0,0.533,0.272,0.17,0.314,0.53,0.267,0.14,0.264,11,17,23,22,12,20,16,30,3,10,12,17,13,08/10/2020
1610612752,New York Knicks,7,4,3,0.571,341.0,0.54,0.314,0.147,0.33,0.531,0.311,0.124,0.268,23,22,1,9,25,14,3,20,1,11,26,26,17,08/10/2020
1610612760,Oklahoma City Thunder,11,6,5,0.545,533.0,0.512,0.29,0.144,0.214,0.513,0.263,0.147,0.286,20,12,10,10,21,29,10,19,29,4,9,11,25,08/10/2020
1610612753,Orlando Magic,13,6,7,0.462,629.0,0.549,0.283,0.137,0.275,0.559,0.266,0.134,0.234,2,12,23,18,4,9,12,14,12,21,11,21,4,08/10/2020
1610612755,Philadelphia 76ers,10,5,5,0.5,480.0,0.558,0.274,0.136,0.322,0.561,0.303,0.119,0.243,22,17,10,14,22,4,14,10,2,22,24,29,8,08/10/2020
1610612756,Phoenix Suns,12,8,4,0.667,576.0,0.558,0.265,0.148,0.252,0.533,0.277,0.125,0.223,11,2,4,2,16,5,18,21,21,15,17,25,2,08/10/2020
1610612757,Portland Trail Blazers,12,7,5,0.583,581.0,0.573,0.261,0.127,0.273,0.551,0.283,0.131,0.276,11,7,10,7,12,1,20,4,13,19,18,22,21,08/10/2020
1610612758,Sacramento Kings,12,5,7,0.417,581.0,0.541,0.248,0.132,0.257,0.563,0.328,0.137,0.24,11,17,23,22,12,13,23,7,20,23,28,19,5,08/10/2020
1610612759,San Antonio Spurs,12,7,5,0.583,581.0,0.553,0.29,0.124,0.225,0.557,0.268,0.147,0.274,11,7,10,7,12,7,9,2,26,20,13,12,20,08/10/2020
1610612761,Toronto Raptors,12,9,3,0.75,576.0,0.521,0.335,0.15,0.219,0.512,0.272,0.156,0.241,11,1,1,1,16,25,1,25,28,3,14,5,6,08/10/2020
1610612762,Utah Jazz,13,7,6,0.538,634.0,0.55,0.268,0.16,0.275,0.532,0.245,0.137,0.28,2,7,20,12,3,8,17,29,10,12,5,20,22,08/10/2020
1610612764,Washington Wizards,13,3,10,0.231,624.0,0.512,0.297,0.143,0.251,0.568,0.313,0.161,0.266,2,23,30,29,8,28,7,16,22,25,27,4,15,08/10/2020
1610612737,Atlanta Hawks,6,2,4,0.333,303.0,0.531,0.231,0.159,0.276,0.568,0.324,0.13,0.276,24,25,5,23,24,19,28,28,9,25,28,23,21,08/11/2020
1610612738,Boston Celtics,13,7,6,0.538,639.0,0.526,0.273,0.135,0.297,0.515,0.278,0.147,0.282,2,7,18,11,2,23,17,9,4,5,15,11,25,08/11/2020
1610612751,Brooklyn Nets,13,9,4,0.692,629.0,0.532,0.293,0.139,0.263,0.534,0.263,0.123,0.253,2,1,5,3,3,18,11,12,18,13,7,27,9,08/11/2020
1610612766,Charlotte Hornets,6,2,4,0.333,298.0,0.54,0.247,0.134,0.28,0.558,0.225,0.159,0.299,24,25,5,23,25,13,24,8,8,22,4,5,26,08/11/2020
1610612741,Chicago Bulls,6,2,4,0.333,288.0,0.521,0.193,0.129,0.284,0.574,0.373,0.205,0.324,24,25,5,23,27,27,30,5,6,29,30,1,30,08/11/2020
1610612739,Cleveland Cavaliers,6,2,4,0.333,293.0,0.544,0.268,0.156,0.275,0.572,0.216,0.145,0.258,24,25,5,23,26,12,18,26,10,28,2,15,12,08/11/2020
1610612742,Dallas Mavericks,14,7,7,0.5,692.0,0.537,0.276,0.124,0.267,0.544,0.204,0.118,0.237,1,7,24,13,1,15,16,2,16,16,1,29,5,08/11/2020
1610612743,Denver Nuggets,12,6,6,0.5,591.0,0.564,0.245,0.15,0.283,0.565,0.291,0.141,0.28,11,12,18,13,11,2,25,24,7,23,19,17,22,08/11/2020
1610612765,Detroit Pistons,5,0,5,0.0,240.0,0.516,0.26,0.14,0.273,0.553,0.314,0.134,0.304,30,30,14,30,30,28,23,15,13,19,26,21,29,08/11/2020
1610612744,Golden State Warriors,6,3,3,0.5,288.0,0.546,0.307,0.128,0.264,0.548,0.289,0.139,0.266,24,23,2,13,27,10,4,4,17,17,18,19,15,08/11/2020
1610612745,Houston Rockets,12,6,6,0.5,586.0,0.524,0.297,0.139,0.211,0.536,0.318,0.173,0.303,11,12,18,13,12,25,6,11,28,15,27,2,27,08/11/2020
1610612754,Indiana Pacers,12,8,4,0.667,576.0,0.549,0.22,0.137,0.205,0.518,0.221,0.152,0.304,11,4,5,4,16,8,29,10,30,6,3,9,28,08/11/2020
1610612746,LA Clippers,11,7,4,0.636,528.0,0.562,0.336,0.125,0.251,0.532,0.283,0.124,0.234,19,7,5,5,19,3,2,3,22,10,17,25,3,08/11/2020
1610612747,Los Angeles Lakers,13,7,6,0.538,624.0,0.504,0.297,0.149,0.258,0.518,0.291,0.165,0.267,2,7,18,11,9,30,7,23,20,7,21,3,17,08/11/2020
1610612763,Memphis Grizzlies,13,5,8,0.385,629.0,0.523,0.276,0.147,0.29,0.497,0.279,0.155,0.267,2,16,26,20,3,26,15,22,5,1,16,6,16,08/11/2020
1610612748,Miami Heat,12,7,5,0.583,576.0,0.551,0.284,0.146,0.228,0.52,0.296,0.153,0.259,11,7,14,9,16,7,12,20,25,8,22,8,14,08/11/2020
1610612749,Milwaukee Bucks,13,5,8,0.385,629.0,0.529,0.294,0.155,0.238,0.501,0.252,0.119,0.216,2,16,26,20,3,21,9,25,24,2,6,28,1,08/11/2020
1610612750,Minnesota Timberwolves,6,2,4,0.333,288.0,0.529,0.243,0.145,0.253,0.575,0.268,0.146,0.246,24,25,5,23,27,22,27,18,21,30,10,12,8,08/11/2020
1610612740,New Orleans Pelicans,12,4,8,0.333,581.0,0.529,0.278,0.171,0.304,0.534,0.273,0.145,0.27,11,21,26,23,14,20,14,30,3,12,12,14,20,08/11/2020
1610612752,New York Knicks,7,4,3,0.571,341.0,0.54,0.314,0.147,0.33,0.531,0.311,0.124,0.268,23,21,2,10,23,14,3,21,1,9,24,26,18,08/11/2020
1610612760,Oklahoma City Thunder,10,6,4,0.6,485.0,0.525,0.297,0.145,0.227,0.502,0.276,0.146,0.282,22,12,5,8,22,24,8,19,26,3,14,13,24,08/11/2020
1610612753,Orlando Magic,13,5,8,0.385,629.0,0.536,0.293,0.139,0.27,0.553,0.267,0.135,0.242,2,16,26,20,3,16,10,13,14,20,9,20,7,08/11/2020
1610612755,Philadelphia 76ers,11,5,6,0.455,528.0,0.56,0.262,0.133,0.323,0.566,0.297,0.115,0.254,19,16,18,18,19,4,21,7,2,24,23,30,10,08/11/2020
1610612756,Phoenix Suns,12,9,3,0.75,576.0,0.556,0.266,0.14,0.262,0.535,0.274,0.125,0.227,11,1,2,2,16,5,19,14,19,14,13,24,2,08/11/2020
1610612757,Portland Trail Blazers,13,8,5,0.615,629.0,0.571,0.264,0.123,0.274,0.557,0.291,0.133,0.269,2,4,14,6,3,1,20,1,11,21,20,22,19,08/11/2020
1610612758,Sacramento Kings,12,5,7,0.417,581.0,0.547,0.244,0.142,0.273,0.57,0.33,0.141,0.235,11,16,24,19,14,9,26,16,12,27,29,16,4,08/11/2020
1610612759,San Antonio Spurs,13,8,5,0.615,629.0,0.554,0.284,0.13,0.227,0.551,0.266,0.147,0.259,2,4,14,6,3,6,13,6,27,18,8,10,13,08/11/2020
1610612761,Toronto Raptors,11,9,2,0.818,528.0,0.534,0.338,0.158,0.211,0.511,0.268,0.153,0.237,19,1,1,1,19,17,1,27,29,4,11,7,6,08/11/2020
1610612762,Utah Jazz,12,6,6,0.5,586.0,0.545,0.262,0.161,0.268,0.532,0.248,0.14,0.28,11,12,18,13,12,11,22,29,15,11,5,18,23,08/11/2020
1610612764,Washington Wizards,13,3,10,0.231,624.0,0.508,0.306,0.143,0.248,0.569,0.311,0.16,0.257,2,23,30,29,9,29,5,17,23,26,25,4,11,08/11/2020
1610612737,Atlanta Hawks,5,1,4,0.2,255.0,0.509,0.226,0.154,0.287,0.573,0.344,0.124,0.266,26,29,8,29,26,28,28,25,5,29,29,27,17,08/12/2020
1610612738,Boston Celtics,12,7,5,0.583,586.0,0.533,0.275,0.136,0.297,0.516,0.287,0.147,0.283,5,7,15,8,5,16,17,10,4,6,16,11,25,08/12/2020
1610612751,Brooklyn Nets,12,9,3,0.75,581.0,0.53,0.295,0.142,0.266,0.534,0.263,0.127,0.254,5,2,3,3,7,19,9,15,17,12,7,24,9,08/12/2020
1610612766,Charlotte Hornets,6,2,4,0.333,298.0,0.54,0.247,0.134,0.28,0.558,0.225,0.159,0.299,23,24,8,24,23,12,24,6,8,21,2,5,28,08/12/2020
1610612741,Chicago Bulls,5,2,3,0.4,240.0,0.514,0.18,0.137,0.282,0.568,0.37,0.21,0.286,26,24,3,20,28,27,30,12,7,24,30,1,26,08/12/2020
1610612739,Cleveland Cavaliers,5,2,3,0.4,245.0,0.55,0.274,0.155,0.275,0.569,0.227,0.147,0.262,26,24,3,20,27,8,18,28,10,25,3,10,15,08/12/2020
1610612742,Dallas Mavericks,14,7,7,0.5,692.0,0.537,0.276,0.124,0.267,0.544,0.204,0.118,0.237,1,7,21,11,1,13,16,3,16,16,1,29,6,08/12/2020
1610612743,Denver Nuggets,13,6,7,0.462,639.0,0.564,0.243,0.148,0.279,0.569,0.289,0.137,0.273,2,12,21,15,2,3,26,22,9,27,17,18,22,08/12/2020
1610612765,Detroit Pistons,5,0,5,0.0,240.0,0.516,0.26,0.14,0.273,0.553,0.314,0.134,0.304,26,30,15,30,28,26,23,13,12,20,25,19,30,08/12/2020
1610612744,Golden State Warriors,5,2,3,0.4,240.0,0.55,0.294,0.134,0.257,0.561,0.291,0.126,0.26,26,24,3,20,28,7,10,5,19,22,19,25,13,08/12/2020
1610612745,Houston Rockets,12,5,7,0.417,581.0,0.522,0.31,0.142,0.205,0.536,0.316,0.173,0.302,5,15,21,16,7,25,4,14,30,15,26,2,29,08/12/2020
1610612754,Indiana Pacers,12,8,4,0.667,576.0,0.537,0.225,0.137,0.212,0.514,0.228,0.154,0.297,5,4,8,4,15,14,29,11,29,4,4,8,27,08/12/2020
1610612746,LA Clippers,12,8,4,0.667,576.0,0.567,0.33,0.121,0.245,0.535,0.278,0.124,0.234,5,4,8,4,15,2,2,2,23,13,14,26,3,08/12/2020
1610612747,Los Angeles Lakers,12,7,5,0.583,576.0,0.507,0.311,0.147,0.257,0.519,0.308,0.169,0.26,5,7,15,8,15,30,3,21,20,8,22,3,14,08/12/2020
1610612763,Memphis Grizzlies,12,4,8,0.333,581.0,0.525,0.291,0.151,0.285,0.5,0.29,0.153,0.267,5,20,27,24,7,24,13,24,6,1,18,9,18,08/12/2020
1610612748,Miami Heat,12,6,6,0.5,576.0,0.555,0.281,0.15,0.223,0.518,0.3,0.157,0.269,5,12,19,11,15,6,14,23,27,7,21,6,19,08/12/2020
1610612749,Milwaukee Bucks,13,5,8,0.385,629.0,0.529,0.294,0.155,0.238,0.501,0.252,0.119,0.216,2,15,27,23,3,21,11,27,25,2,6,28,1,08/12/2020
1610612750,Minnesota Timberwolves,6,2,4,0.333,288.0,0.529,0.243,0.145,0.253,0.575,0.268,0.146,0.246,23,24,8,24,25,22,27,19,21,30,10,12,8,08/12/2020
1610612740,New Orleans Pelicans,12,4,8,0.333,581.0,0.529,0.278,0.171,0.304,0.534,0.273,0.145,0.27,5,20,27,24,7,20,15,30,3,11,12,13,20,08/12/2020
1610612752,New York Knicks,6,3,3,0.5,293.0,0.53,0.302,0.142,0.304,0.526,0.32,0.13,0.263,23,22,3,11,24,18,6,16,2,9,27,21,16,08/12/2020
1610612760,Oklahoma City Thunder,11,7,4,0.636,533.0,0.525,0.298,0.147,0.238,0.508,0.273,0.144,0.273,21,7,8,7,21,23,7,20,24,3,11,15,21,08/12/2020
1610612753,Orlando Magic,12,5,7,0.417,581.0,0.533,0.295,0.135,0.268,0.549,0.273,0.132,0.245,5,15,21,16,7,17,8,8,15,17,13,20,7,08/12/2020
1610612755,Philadelphia 76ers,12,5,7,0.417,576.0,0.56,0.272,0.135,0.314,0.564,0.31,0.115,0.255,5,15,21,16,15,5,19,9,1,23,23,30,11,08/12/2020
1610612756,Phoenix Suns,11,9,2,0.818,528.0,0.562,0.265,0.134,0.259,0.536,0.266,0.127,0.221,21,2,1,2,22,4,21,7,18,14,9,23,2,08/12/2020
1610612757,Portland Trail Blazers,12,8,4,0.667,581.0,0.573,0.267,0.119,0.27,0.549,0.294,0.129,0.274,5,4,8,4,7,1,20,1,13,18,20,22,23,08/12/2020
1610612758,Sacramento Kings,12,5,7,0.417,581.0,0.547,0.244,0.142,0.273,0.57,0.33,0.141,0.235,5,15,21,16,7,10,25,17,11,28,28,16,5,08/12/2020
1610612759,San Antonio Spurs,12,7,5,0.583,581.0,0.55,0.291,0.127,0.229,0.549,0.265,0.144,0.255,5,7,15,8,7,9,12,4,26,19,8,14,10,08/12/2020
1610612761,Toronto Raptors,12,10,2,0.833,576.0,0.535,0.348,0.155,0.217,0.516,0.278,0.154,0.235,5,1,1,1,15,15,1,26,28,5,15,7,4,08/12/2020
1610612762,Utah Jazz,12,6,6,0.5,586.0,0.545,0.262,0.161,0.268,0.532,0.248,0.14,0.28,5,12,19,11,5,11,22,29,14,10,5,17,24,08/12/2020
1610612764,Washington Wizards,13,3,10,0.231,624.0,0.508,0.306,0.143,0.248,0.569,0.311,0.16,0.257,2,22,30,28,4,29,5,18,22,26,24,4,12,08/12/2020
1610612737,Atlanta Hawks,5,1,4,0.2,255.0,0.509,0.226,0.154,0.287,0.573,0.344,0.124,0.266,24,29,9,29,24,28,28,26,6,25,29,26,17,08/13/2020
1610612738,Boston Celtics,13,7,6,0.538,634.0,0.526,0.267,0.14,0.295,0.511,0.286,0.15,0.288,2,6,16,8,2,23,20,12,5,4,17,10,26,08/13/2020
1610612751,Brooklyn Nets,13,9,4,0.692,629.0,0.537,0.287,0.141,0.271,0.535,0.26,0.124,0.264,2,3,9,3,4,16,13,14,14,12,6,28,16,08/13/2020
1610612766,Charlotte Hornets,5,2,3,0.4,250.0,0.573,0.28,0.14,0.296,0.582,0.222,0.155,0.295,24,24,4,21,25,1,15,13,4,29,2,6,28,08/13/2020
1610612741,Chicago Bulls,5,2,3,0.4,240.0,0.514,0.18,0.137,0.282,0.568,0.37,0.21,0.286,24,24,4,21,27,26,30,10,7,23,30,1,24,08/13/2020
1610612739,Cleveland Cavaliers,5,2,3,0.4,245.0,0.55,0.274,0.155,0.275,0.569,0.227,0.147,0.262,24,24,4,21,26,12,18,27,12,24,3,12,14,08/13/2020
1610612742,Dallas Mavericks,14,6,8,0.429,692.0,0.534,0.277,0.123,0.271,0.558,0.21,0.113,0.237,1,11,26,17,1,19,17,4,13,21,1,30,5,08/13/2020
1610612743,Denver Nuggets,12,5,7,0.417,591.0,0.555,0.234,0.147,0.281,0.574,0.286,0.139,0.273,11,15,22,18,11,7,26,19,8,27,19,19,20,08/13/2020
1610612765,Detroit Pistons,4,0,4,0.0,192.0,0.513,0.25,0.134,0.276,0.58,0.322,0.139,0.288,29,30,9,30,29,27,24,7,11,28,28,18,27,08/13/2020
1610612744,Golden State Warriors,4,2,2,0.5,192.0,0.558,0.301,0.113,0.23,0.549,0.282,0.127,0.286,29,24,2,11,29,6,8,1,24,17,14,23,24,08/13/2020
1610612745,Houston Rockets,12,5,7,0.417,581.0,0.522,0.31,0.142,0.205,0.536,0.316,0.173,0.302,11,15,22,18,12,25,4,15,30,13,25,2,30,08/13/2020
1610612754,Indiana Pacers,12,8,4,0.667,576.0,0.537,0.225,0.137,0.212,0.514,0.228,0.154,0.297,11,5,9,5,15,17,29,9,28,5,4,8,29,08/13/2020
1610612746,LA Clippers,11,7,4,0.636,528.0,0.559,0.314,0.122,0.248,0.527,0.285,0.126,0.227,19,6,9,6,20,5,3,3,22,9,15,24,3,08/13/2020
1610612747,Los Angeles Lakers,12,6,6,0.5,576.0,0.506,0.315,0.15,0.268,0.54,0.287,0.168,0.248,11,11,16,11,15,29,2,23,16,15,20,3,7,08/13/2020
1610612763,Memphis Grizzlies,13,5,8,0.385,629.0,0.528,0.288,0.152,0.281,0.497,0.286,0.152,0.261,2,15,26,25,4,22,12,24,9,1,16,9,13,08/13/2020
1610612748,Miami Heat,12,6,6,0.5,576.0,0.555,0.281,0.15,0.223,0.518,0.3,0.157,0.269,11,11,16,11,15,9,14,22,27,7,23,5,18,08/13/2020
1610612749,Milwaukee Bucks,13,4,9,0.308,629.0,0.53,0.293,0.152,0.229,0.515,0.264,0.124,0.216,2,20,29,27,4,21,11,25,26,6,9,27,1,08/13/2020
1610612750,Minnesota Timberwolves,5,2,3,0.4,240.0,0.551,0.263,0.147,0.259,0.585,0.281,0.149,0.255,24,24,4,21,27,10,22,21,20,30,13,11,10,08/13/2020
1610612740,New Orleans Pelicans,12,4,8,0.333,581.0,0.542,0.274,0.169,0.297,0.539,0.294,0.145,0.275,11,20,26,26,12,15,19,30,3,14,22,13,21,08/13/2020
1610612752,New York Knicks,6,3,3,0.5,293.0,0.53,0.302,0.142,0.304,0.526,0.32,0.13,0.263,23,22,4,11,23,20,6,16,2,8,27,21,15,08/13/2020
1610612760,Oklahoma City Thunder,11,7,4,0.636,533.0,0.525,0.298,0.147,0.238,0.508,0.273,0.144,0.273,19,6,9,6,19,24,10,18,23,3,11,14,19,08/13/2020
1610612753,Orlando Magic,13,6,7,0.462,629.0,0.542,0.299,0.134,0.266,0.554,0.276,0.132,0.249,2,11,22,15,4,14,9,8,17,18,12,20,8,08/13/2020
1610612755,Philadelphia 76ers,11,5,6,0.455,528.0,0.555,0.278,0.138,0.314,0.555,0.292,0.115,0.259,19,15,16,16,20,8,16,11,1,19,21,29,11,08/13/2020
1610612756,Phoenix Suns,12,10,2,0.833,576.0,0.567,0.262,0.128,0.257,0.531,0.261,0.126,0.223,11,1,2,2,15,3,23,5,21,10,7,25,2,08/13/2020
1610612757,Portland Trail Blazers,13,9,4,0.692,629.0,0.57,0.264,0.116,0.279,0.556,0.286,0.13,0.278,2,3,9,3,4,2,21,2,10,20,17,22,23,08/13/2020
1610612758,Sacramento Kings,12,5,7,0.417,581.0,0.566,0.23,0.144,0.264,0.573,0.316,0.141,0.241,11,15,22,18,12,4,27,17,18,26,26,15,6,08/13/2020
1610612759,San Antonio Spurs,13,7,6,0.538,629.0,0.55,0.302,0.128,0.229,0.549,0.251,0.14,0.259,2,6,16,8,4,11,5,6,25,16,5,17,12,08/13/2020
1610612761,Toronto Raptors,11,10,1,0.909,528.0,0.537,0.35,0.158,0.212,0.502,0.271,0.154,0.234,19,1,1,1,20,18,1,29,29,2,10,7,4,08/13/2020
1610612762,Utah Jazz,13,7,6,0.538,634.0,0.545,0.247,0.156,0.271,0.534,0.262,0.14,0.277,2,6,16,8,2,13,25,28,15,11,8,16,22,08/13/2020
1610612764,Washington Wizards,13,3,10,0.231,624.0,0.495,0.302,0.147,0.262,0.563,0.303,0.158,0.25,2,22,30,28,10,30,7,20,19,22,24,4,9,08/13/2020
1610612737,Atlanta Hawks,4,1,3,0.25,207.0,0.546,0.243,0.152,0.288,0.572,0.346,0.12,0.242,26,28,5,27,26,12,26,23,5,24,29,28,8,08/14/2020
1610612738,Boston Celtics,13,7,6,0.538,634.0,0.526,0.267,0.14,0.295,0.511,0.286,0.15,0.288,1,7,17,9,3,23,21,11,4,5,17,10,26,08/14/2020
1610612751,Brooklyn Nets,13,9,4,0.692,629.0,0.537,0.287,0.141,0.271,0.535,0.26,0.124,0.264,1,3,10,3,4,17,14,14,12,12,6,27,16,08/14/2020
1610612766,Charlotte Hornets,5,2,3,0.4,250.0,0.573,0.28,0.14,0.296,0.582,0.222,0.155,0.295,23,23,5,20,23,1,17,13,3,29,2,7,29,08/14/2020
1610612741,Chicago Bulls,4,1,3,0.25,192.0,0.512,0.18,0.136,0.273,0.573,0.407,0.216,0.273,26,28,5,27,28,28,30,9,11,26,30,1,18,08/14/2020
1610612739,Cleveland Cavaliers,4,2,2,0.5,197.0,0.549,0.295,0.174,0.287,0.541,0.241,0.145,0.259,26,23,2,10,27,11,11,30,6,15,4,14,14,08/14/2020
1610612742,Dallas Mavericks,13,6,7,0.462,644.0,0.533,0.28,0.119,0.267,0.561,0.212,0.111,0.23,1,10,22,16,1,20,16,3,17,21,1,30,3,08/14/2020
1610612743,Denver Nuggets,13,5,8,0.385,639.0,0.552,0.236,0.148,0.278,0.576,0.275,0.143,0.279,1,15,26,23,2,7,27,21,8,27,11,16,21,08/14/2020
1610612765,Detroit Pistons,4,0,4,0.0,192.0,0.513,0.25,0.134,0.276,0.58,0.322,0.139,0.288,26,30,10,30,28,27,25,7,9,28,27,19,27,08/14/2020
1610612744,Golden State Warriors,4,2,2,0.5,192.0,0.558,0.301,0.113,0.23,0.549,0.282,0.127,0.286,26,23,2,10,28,6,8,1,26,19,14,24,25,08/14/2020
1610612745,Houston Rockets,12,5,7,0.417,581.0,0.521,0.304,0.146,0.194,0.546,0.311,0.171,0.289,6,15,22,17,8,25,6,17,30,17,25,2,28,08/14/2020
1610612754,Indiana Pacers,12,8,4,0.667,576.0,0.535,0.208,0.142,0.217,0.499,0.233,0.156,0.307,6,4,10,4,17,19,29,15,29,1,3,6,30,08/14/2020
1610612746,LA Clippers,12,8,4,0.667,581.0,0.551,0.326,0.13,0.249,0.516,0.277,0.128,0.233,6,4,10,4,8,8,2,6,22,7,12,23,4,08/14/2020
1610612747,Los Angeles Lakers,12,6,6,0.5,576.0,0.506,0.315,0.15,0.268,0.54,0.287,0.168,0.248,6,10,17,10,17,29,3,22,15,14,18,3,9,08/14/2020
1610612763,Memphis Grizzlies,12,4,8,0.333,581.0,0.524,0.284,0.152,0.274,0.508,0.297,0.151,0.259,6,19,26,24,8,24,15,25,10,4,23,9,13,08/14/2020
1610612748,Miami Heat,12,5,7,0.417,576.0,0.544,0.29,0.157,0.236,0.528,0.291,0.161,0.274,6,15,22,17,17,14,12,27,24,9,20,4,19,08/14/2020
1610612749,Milwaukee Bucks,12,4,8,0.333,581.0,0.537,0.299,0.152,0.228,0.513,0.269,0.125,0.22,6,19,26,24,8,18,10,24,27,6,9,26,1,08/14/2020
1610612750,Minnesota Timberwolves,5,2,3,0.4,240.0,0.551,0.263,0.147,0.259,0.585,0.281,0.149,0.255,23,23,5,20,25,9,22,20,20,30,13,12,12,08/14/2020
1610612740,New Orleans Pelicans,12,4,8,0.333,581.0,0.542,0.274,0.169,0.297,0.539,0.294,0.145,0.275,6,19,26,24,8,16,19,29,2,13,22,15,20,08/14/2020
1610612752,New York Knicks,5,2,3,0.4,245.0,0.527,0.3,0.134,0.27,0.527,0.327,0.134,0.279,23,23,5,20,24,22,9,8,14,8,28,21,22,08/14/2020
1610612760,Oklahoma City Thunder,12,7,5,0.583,586.0,0.515,0.288,0.146,0.243,0.505,0.288,0.149,0.271,6,7,15,7,6,26,13,18,23,3,19,11,17,08/14/2020
1610612753,Orlando Magic,12,6,6,0.5,581.0,0.55,0.306,0.14,0.267,0.546,0.284,0.132,0.25,6,10,17,10,8,10,5,12,16,18,15,22,10,08/14/2020
1610612755,Philadelphia 76ers,12,6,6,0.5,576.0,0.564,0.276,0.14,0.313,0.552,0.285,0.119,0.241,6,10,17,10,17,5,18,10,1,20,16,29,6,08/14/2020
1610612756,Phoenix Suns,12,10,2,0.833,576.0,0.567,0.262,0.128,0.257,0.531,0.261,0.126,0.223,6,2,2,2,17,2,23,5,21,10,7,25,2,08/14/2020
1610612757,Portland Trail Blazers,12,8,4,0.667,581.0,0.564,0.271,0.116,0.283,0.564,0.291,0.135,0.281,6,4,10,4,8,4,20,2,7,23,21,20,24,08/14/2020
1610612758,Sacramento Kings,12,5,7,0.417,581.0,0.566,0.23,0.144,0.264,0.573,0.316,0.141,0.241,6,15,22,17,8,3,28,16,18,25,26,17,7,08/14/2020
1610612759,San Antonio Spurs,12,7,5,0.583,581.0,0.545,0.306,0.126,0.236,0.545,0.245,0.14,0.261,6,7,15,7,8,13,4,4,25,16,5,18,15,08/14/2020
1610612761,Toronto Raptors,12,11,1,0.917,576.0,0.542,0.333,0.161,0.223,0.502,0.27,0.154,0.235,6,1,1,1,17,15,1,28,28,2,10,8,5,08/14/2020
1610612762,Utah Jazz,12,6,6,0.5,586.0,0.533,0.253,0.156,0.27,0.532,0.268,0.146,0.281,6,10,17,10,6,21,24,26,13,11,8,13,23,08/14/2020
1610612764,Washington Wizards,13,3,10,0.231,624.0,0.495,0.302,0.147,0.262,0.563,0.303,0.158,0.25,1,22,30,29,5,30,7,19,19,22,24,5,10,08/14/2020
