TEAM_ID,TEAM_NAME,GP,W,L,W_PCT,MIN,PTS_OFF_TOV,PTS_2ND_CHANCE,PTS_FB,PTS_PAINT,OPP_PTS_OFF_TOV,OPP_PTS_2ND_CHANCE,OPP_PTS_FB,OPP_PTS_PAINT,GP_RANK,W_RANK,L_RANK,W_PCT_RANK,MIN_RANK,PTS_OFF_TOV_RANK,PTS_2ND_CHANCE_RANK,PTS_FB_RANK,PTS_PAINT_RANK,OPP_PTS_OFF_TOV_RANK,OPP_PTS_2ND_CHANCE_RANK,OPP_PTS_FB_RANK,OPP_PTS_PAINT_RANK,Date
1610612737,Atlanta Hawks,11,5,6,0.455,543.0,190.0,164.0,178.0,558.0,191.0,176.0,187.0,572.0,2,13,18,17,2,9,4,6,6,20,30,28,29,07/30/2020
1610612738,Boston Celtics,10,5,5,0.5,490.0,157.0,137.0,155.0,458.0,150.0,156.0,136.0,436.0,14,13,10,1,14,23,14,12,20,6,28,14,5,07/30/2020
1610612751,Brooklyn Nets,11,5,6,0.455,538.0,137.0,174.0,135.0,518.0,175.0,138.0,157.0,490.0,2,13,18,17,3,29,3,19,11,14,16,18,16,07/30/2020
1610612766,Charlotte Hornets,11,5,6,0.455,538.0,163.0,161.0,129.0,486.0,173.0,125.0,142.0,542.0,2,13,18,17,3,21,6,21,18,13,10,15,24,07/30/2020
1610612741,Chicago Bulls,10,3,7,0.3,480.0,223.0,154.0,125.0,502.0,186.0,137.0,130.0,514.0,14,27,24,17,18,2,8,25,16,18,14,9,20,07/30/2020
1610612739,Cleveland Cavaliers,11,5,6,0.455,538.0,182.0,137.0,142.0,576.0,212.0,145.0,127.0,554.0,2,13,18,17,3,14,14,17,3,29,22,8,27,07/30/2020
1610612742,Dallas Mavericks,12,7,5,0.583,581.0,187.0,156.0,153.0,546.0,168.0,159.0,212.0,570.0,1,2,10,1,1,11,7,14,8,10,29,30,28,07/30/2020
1610612743,Denver Nuggets,10,5,5,0.5,480.0,174.0,130.0,128.0,522.0,213.0,137.0,133.0,460.0,14,13,10,1,18,16,16,22,9,30,14,11,8,07/30/2020
1610612765,Detroit Pistons,9,1,8,0.111,432.0,136.0,119.0,89.0,384.0,145.0,113.0,122.0,476.0,27,30,29,17,28,30,22,28,29,3,7,5,13,07/30/2020
1610612744,Golden State Warriors,10,3,7,0.3,480.0,153.0,112.0,127.0,494.0,193.0,123.0,179.0,474.0,14,27,24,17,18,25,24,24,17,21,9,23,11,07/30/2020
1610612745,Houston Rockets,10,6,4,0.6,485.0,204.0,110.0,165.0,450.0,185.0,143.0,155.0,528.0,14,8,7,1,15,5,25,10,23,16,20,17,21,07/30/2020
1610612754,Indiana Pacers,10,7,3,0.7,480.0,183.0,123.0,154.0,520.0,138.0,103.0,185.0,470.0,14,2,3,1,18,13,18,13,10,2,3,26,10,07/30/2020
1610612746,LA Clippers,10,7,3,0.7,480.0,197.0,138.0,152.0,418.0,169.0,114.0,113.0,444.0,14,2,3,1,18,7,13,15,27,12,8,3,7,07/30/2020
1610612747,Los Angeles Lakers,11,9,2,0.818,528.0,215.0,118.0,226.0,552.0,210.0,142.0,207.0,502.0,2,1,1,1,10,3,23,1,7,28,19,29,18,07/30/2020
1610612763,Memphis Grizzlies,11,4,7,0.364,528.0,195.0,179.0,210.0,582.0,205.0,143.0,179.0,486.0,2,21,24,17,10,8,2,3,2,27,20,23,15,07/30/2020
1610612748,Miami Heat,11,6,5,0.545,533.0,178.0,123.0,139.0,464.0,197.0,138.0,125.0,468.0,2,8,10,1,6,15,18,18,19,24,16,7,9,07/30/2020
1610612749,Milwaukee Bucks,11,7,4,0.636,533.0,187.0,128.0,183.0,508.0,196.0,109.0,168.0,428.0,2,2,7,1,6,11,17,5,15,22,4,22,3,07/30/2020
1610612750,Minnesota Timberwolves,11,3,8,0.273,528.0,209.0,123.0,176.0,564.0,185.0,155.0,166.0,652.0,2,27,29,17,10,4,18,8,4,16,27,21,30,07/30/2020
1610612740,New Orleans Pelicans,10,5,5,0.5,485.0,166.0,164.0,198.0,562.0,199.0,141.0,185.0,536.0,14,13,10,1,15,20,4,4,5,26,18,26,23,07/30/2020
1610612752,New York Knicks,11,4,7,0.364,533.0,142.0,180.0,88.0,642.0,196.0,150.0,119.0,508.0,2,21,24,17,6,27,1,29,1,22,25,4,19,07/30/2020
1610612760,Oklahoma City Thunder,9,7,2,0.778,432.0,173.0,88.0,83.0,426.0,148.0,132.0,95.0,434.0,27,2,1,1,28,17,28,30,26,5,12,1,4,07/30/2020
1610612753,Orlando Magic,10,6,4,0.6,480.0,188.0,147.0,135.0,518.0,136.0,96.0,123.0,500.0,14,8,7,1,18,10,10,19,11,1,1,6,17,07/30/2020
1610612755,Philadelphia 76ers,10,5,5,0.5,485.0,169.0,152.0,128.0,450.0,155.0,111.0,161.0,542.0,14,13,10,1,15,18,9,22,23,7,5,19,24,07/30/2020
1610612756,Phoenix Suns,10,4,6,0.4,480.0,202.0,120.0,157.0,454.0,197.0,145.0,150.0,484.0,14,21,18,17,18,6,21,11,22,24,22,16,14,07/30/2020
1610612757,Portland Trail Blazers,10,4,6,0.4,480.0,160.0,145.0,174.0,458.0,168.0,134.0,181.0,414.0,14,21,18,17,18,22,12,9,20,10,13,25,2,07/30/2020
1610612758,Sacramento Kings,10,7,3,0.7,480.0,167.0,106.0,148.0,514.0,158.0,98.0,162.0,474.0,14,2,3,1,18,19,26,16,14,8,2,20,11,07/30/2020
1610612759,San Antonio Spurs,9,4,5,0.444,437.0,156.0,83.0,119.0,378.0,147.0,128.0,105.0,436.0,27,21,10,17,27,24,30,26,30,4,11,2,5,07/30/2020
1610612761,Toronto Raptors,9,6,3,0.667,432.0,141.0,88.0,212.0,394.0,158.0,111.0,134.0,384.0,27,8,3,1,28,28,28,2,28,8,5,12,1,07/30/2020
1610612762,Utah Jazz,11,6,5,0.545,528.0,149.0,147.0,117.0,518.0,181.0,153.0,134.0,528.0,2,8,10,1,10,26,10,27,11,15,26,12,21,07/30/2020
1610612764,Washington Wizards,11,4,7,0.364,533.0,239.0,95.0,178.0,436.0,188.0,146.0,131.0,546.0,2,21,24,17,6,1,27,6,25,19,24,10,26,07/30/2020
1610612737,Atlanta Hawks,11,5,6,0.455,543.0,190.0,164.0,178.0,558.0,191.0,176.0,187.0,572.0,6,13,16,17,6,12,5,9,10,17,30,26,26,07/31/2020
1610612738,Boston Celtics,11,5,6,0.455,538.0,175.0,148.0,173.0,496.0,172.0,160.0,152.0,484.0,6,13,16,17,7,18,12,13,20,9,27,15,11,07/31/2020
1610612751,Brooklyn Nets,12,5,7,0.417,586.0,146.0,181.0,143.0,568.0,188.0,151.0,164.0,534.0,2,13,23,17,2,27,2,17,6,15,21,18,19,07/31/2020
1610612766,Charlotte Hornets,11,5,6,0.455,538.0,163.0,161.0,129.0,486.0,173.0,125.0,142.0,542.0,6,13,16,17,7,24,7,22,22,10,10,13,22,07/31/2020
1610612741,Chicago Bulls,10,3,7,0.3,480.0,223.0,154.0,125.0,502.0,186.0,137.0,130.0,514.0,20,27,23,17,23,4,9,26,19,14,12,7,15,07/31/2020
1610612739,Cleveland Cavaliers,11,5,6,0.455,538.0,182.0,137.0,142.0,576.0,212.0,145.0,127.0,554.0,6,13,16,17,7,15,15,18,4,25,18,6,25,07/31/2020
1610612742,Dallas Mavericks,13,7,6,0.538,634.0,197.0,180.0,160.0,590.0,188.0,170.0,232.0,634.0,1,3,16,1,1,10,3,14,3,15,29,30,29,07/31/2020
1610612743,Denver Nuggets,10,5,5,0.5,480.0,174.0,130.0,128.0,522.0,213.0,137.0,133.0,460.0,20,13,10,1,23,19,17,23,13,26,12,10,4,07/31/2020
1610612765,Detroit Pistons,9,1,8,0.111,432.0,136.0,119.0,89.0,384.0,145.0,113.0,122.0,476.0,28,30,27,17,28,30,23,28,30,2,6,4,10,07/31/2020
1610612744,Golden State Warriors,10,3,7,0.3,480.0,153.0,112.0,127.0,494.0,193.0,123.0,179.0,474.0,20,27,23,17,23,25,26,25,21,18,9,22,9,07/31/2020
1610612745,Houston Rockets,11,7,4,0.636,538.0,224.0,121.0,185.0,514.0,195.0,167.0,162.0,572.0,6,3,6,1,7,3,22,7,16,20,28,17,26,07/31/2020
1610612754,Indiana Pacers,10,7,3,0.7,480.0,183.0,123.0,154.0,520.0,138.0,103.0,185.0,470.0,20,3,3,1,23,13,19,15,14,1,1,23,8,07/31/2020
1610612746,LA Clippers,10,7,3,0.7,480.0,197.0,138.0,152.0,418.0,169.0,114.0,113.0,444.0,20,3,3,1,23,10,14,16,28,8,7,2,3,07/31/2020
1610612747,Los Angeles Lakers,11,9,2,0.818,528.0,215.0,118.0,226.0,552.0,210.0,142.0,207.0,502.0,6,1,1,1,14,6,24,2,12,24,17,29,13,07/31/2020
1610612763,Memphis Grizzlies,12,4,8,0.333,581.0,221.0,204.0,228.0,632.0,217.0,149.0,187.0,540.0,2,24,27,17,3,5,1,1,2,29,19,26,21,07/31/2020
1610612748,Miami Heat,11,6,5,0.545,533.0,178.0,123.0,139.0,464.0,197.0,138.0,125.0,468.0,6,10,10,1,11,17,19,20,24,22,14,5,7,07/31/2020
1610612749,Milwaukee Bucks,12,8,4,0.667,581.0,209.0,132.0,199.0,556.0,214.0,120.0,186.0,466.0,2,2,6,1,3,7,16,5,11,27,8,25,6,07/31/2020
1610612750,Minnesota Timberwolves,11,3,8,0.273,528.0,209.0,123.0,176.0,564.0,185.0,155.0,166.0,652.0,6,27,27,17,14,7,19,10,7,13,25,19,30,07/31/2020
1610612740,New Orleans Pelicans,10,5,5,0.5,485.0,166.0,164.0,198.0,562.0,199.0,141.0,185.0,536.0,20,13,10,1,20,23,5,6,8,23,16,23,20,07/31/2020
1610612752,New York Knicks,11,4,7,0.364,533.0,142.0,180.0,88.0,642.0,196.0,150.0,119.0,508.0,6,24,23,17,11,28,3,29,1,21,20,3,14,07/31/2020
1610612760,Oklahoma City Thunder,9,7,2,0.778,432.0,173.0,88.0,83.0,426.0,148.0,132.0,95.0,434.0,28,3,1,1,28,20,29,30,27,4,11,1,2,07/31/2020
1610612753,Orlando Magic,11,7,4,0.636,528.0,201.0,160.0,142.0,562.0,145.0,103.0,131.0,550.0,6,3,6,1,14,9,8,18,8,2,1,8,24,07/31/2020
1610612755,Philadelphia 76ers,10,5,5,0.5,485.0,169.0,152.0,128.0,450.0,155.0,111.0,161.0,542.0,20,13,10,1,20,22,10,23,25,5,4,16,22,07/31/2020
1610612756,Phoenix Suns,11,5,6,0.455,528.0,228.0,127.0,176.0,504.0,218.0,154.0,172.0,532.0,6,13,16,17,14,2,18,10,18,30,24,20,18,07/31/2020
1610612757,Portland Trail Blazers,11,5,6,0.455,533.0,172.0,151.0,182.0,512.0,194.0,159.0,199.0,464.0,6,13,16,17,11,21,11,8,17,19,26,28,5,07/31/2020
1610612758,Sacramento Kings,11,7,4,0.636,528.0,183.0,118.0,174.0,574.0,183.0,109.0,175.0,526.0,6,3,6,1,14,13,24,12,5,12,3,21,16,07/31/2020
1610612759,San Antonio Spurs,10,5,5,0.5,485.0,181.0,94.0,132.0,430.0,163.0,140.0,131.0,496.0,20,13,10,1,20,16,28,21,26,7,15,8,12,07/31/2020
1610612761,Toronto Raptors,9,6,3,0.667,432.0,141.0,88.0,212.0,394.0,158.0,111.0,134.0,384.0,28,10,3,1,28,29,29,3,29,6,4,11,1,07/31/2020
1610612762,Utah Jazz,11,6,5,0.545,528.0,149.0,147.0,117.0,518.0,181.0,153.0,134.0,528.0,6,10,10,1,14,26,13,27,15,11,22,11,17,07/31/2020
1610612764,Washington Wizards,12,4,8,0.333,581.0,260.0,104.0,200.0,484.0,214.0,153.0,150.0,596.0,2,24,27,17,3,1,27,4,23,27,22,14,28,07/31/2020
1610612737,Atlanta Hawks,11,5,6,0.455,543.0,190.0,164.0,178.0,558.0,191.0,176.0,187.0,572.0,9,13,12,14,9,15,7,9,14,16,30,24,24,08/01/2020
1610612738,Boston Celtics,11,5,6,0.455,538.0,175.0,148.0,173.0,496.0,172.0,160.0,152.0,484.0,9,13,12,14,10,22,15,13,22,6,26,15,7,08/01/2020
1610612751,Brooklyn Nets,12,5,7,0.417,586.0,146.0,181.0,143.0,568.0,188.0,151.0,164.0,534.0,2,13,23,14,2,28,2,18,9,13,19,17,16,08/01/2020
1610612766,Charlotte Hornets,11,5,6,0.455,538.0,163.0,161.0,129.0,486.0,173.0,125.0,142.0,542.0,9,13,12,14,10,25,8,25,24,7,8,10,19,08/01/2020
1610612741,Chicago Bulls,10,3,7,0.3,480.0,223.0,154.0,125.0,502.0,186.0,137.0,130.0,514.0,25,27,23,14,26,6,11,27,21,12,11,6,12,08/01/2020
1610612739,Cleveland Cavaliers,11,5,6,0.455,538.0,182.0,137.0,142.0,576.0,212.0,145.0,127.0,554.0,9,13,12,14,10,20,16,20,6,22,15,5,22,08/01/2020
1610612742,Dallas Mavericks,13,7,6,0.538,634.0,197.0,180.0,160.0,590.0,188.0,170.0,232.0,634.0,1,6,12,1,1,13,3,15,4,13,29,30,29,08/01/2020
1610612743,Denver Nuggets,11,5,6,0.455,528.0,191.0,151.0,138.0,572.0,248.0,142.0,144.0,510.0,9,13,12,14,18,14,13,22,8,30,14,11,11,08/01/2020
1610612765,Detroit Pistons,9,1,8,0.111,432.0,136.0,119.0,89.0,384.0,145.0,113.0,122.0,476.0,30,30,27,14,30,30,24,29,30,1,3,4,5,08/01/2020
1610612744,Golden State Warriors,10,3,7,0.3,480.0,153.0,112.0,127.0,494.0,193.0,123.0,179.0,474.0,25,27,23,14,26,27,26,26,23,17,6,22,4,08/01/2020
1610612745,Houston Rockets,11,7,4,0.636,538.0,224.0,121.0,185.0,514.0,195.0,167.0,162.0,572.0,9,6,6,1,10,5,23,7,17,20,28,16,24,08/01/2020
1610612754,Indiana Pacers,11,8,3,0.727,528.0,209.0,136.0,167.0,564.0,155.0,127.0,200.0,538.0,9,2,2,1,18,9,17,14,10,3,10,28,17,08/01/2020
1610612746,LA Clippers,11,8,3,0.727,528.0,231.0,154.0,156.0,438.0,190.0,126.0,117.0,490.0,9,2,2,1,18,2,11,16,27,15,9,2,8,08/01/2020
1610612747,Los Angeles Lakers,12,9,3,0.75,576.0,225.0,128.0,239.0,586.0,232.0,148.0,222.0,542.0,2,1,2,1,7,4,19,1,5,28,16,29,19,08/01/2020
1610612763,Memphis Grizzlies,12,4,8,0.333,581.0,221.0,204.0,228.0,632.0,217.0,149.0,187.0,540.0,2,24,27,14,3,7,1,2,2,26,17,24,18,08/01/2020
1610612748,Miami Heat,12,7,5,0.583,581.0,213.0,128.0,150.0,514.0,214.0,159.0,135.0,518.0,2,6,10,1,3,8,19,17,17,23,24,9,13,08/01/2020
1610612749,Milwaukee Bucks,12,8,4,0.667,581.0,209.0,132.0,199.0,556.0,214.0,120.0,186.0,466.0,2,2,6,1,3,9,18,6,15,23,4,23,3,08/01/2020
1610612750,Minnesota Timberwolves,11,3,8,0.273,528.0,209.0,123.0,176.0,564.0,185.0,155.0,166.0,652.0,9,27,27,14,18,9,22,10,10,11,22,18,30,08/01/2020
1610612740,New Orleans Pelicans,11,5,6,0.455,533.0,187.0,176.0,202.0,608.0,233.0,157.0,189.0,556.0,9,13,12,14,14,16,5,4,3,29,23,26,23,08/01/2020
1610612752,New York Knicks,11,4,7,0.364,533.0,142.0,180.0,88.0,642.0,196.0,150.0,119.0,508.0,9,24,23,14,14,29,3,30,1,21,18,3,10,08/01/2020
1610612760,Oklahoma City Thunder,10,8,2,0.8,480.0,185.0,101.0,96.0,476.0,173.0,140.0,108.0,480.0,25,2,1,1,26,18,28,28,26,7,12,1,6,08/01/2020
1610612753,Orlando Magic,11,7,4,0.636,528.0,201.0,160.0,142.0,562.0,145.0,103.0,131.0,550.0,9,6,6,1,18,12,9,20,13,1,1,7,21,08/01/2020
1610612755,Philadelphia 76ers,11,5,6,0.455,533.0,186.0,176.0,143.0,518.0,181.0,124.0,174.0,586.0,9,13,12,14,14,17,5,18,16,9,7,20,27,08/01/2020
1610612756,Phoenix Suns,11,5,6,0.455,528.0,228.0,127.0,176.0,504.0,218.0,154.0,172.0,532.0,9,13,12,14,18,3,21,10,20,27,21,19,15,08/01/2020
1610612757,Portland Trail Blazers,11,5,6,0.455,533.0,172.0,151.0,182.0,512.0,194.0,159.0,199.0,464.0,9,13,12,14,14,24,13,8,19,19,24,27,2,08/01/2020
1610612758,Sacramento Kings,11,7,4,0.636,528.0,183.0,118.0,174.0,574.0,183.0,109.0,175.0,526.0,9,6,6,1,18,19,25,12,7,10,2,21,14,08/01/2020
1610612759,San Antonio Spurs,10,5,5,0.5,485.0,181.0,94.0,132.0,430.0,163.0,140.0,131.0,496.0,25,13,10,1,25,21,29,23,29,4,12,7,9,08/01/2020
1610612761,Toronto Raptors,10,7,3,0.7,480.0,163.0,94.0,227.0,434.0,168.0,121.0,147.0,418.0,25,6,2,1,26,25,29,3,28,5,5,12,1,08/01/2020
1610612762,Utah Jazz,12,6,6,0.5,576.0,174.0,155.0,130.0,564.0,193.0,166.0,147.0,578.0,2,12,12,1,7,23,10,24,10,17,27,12,26,08/01/2020
1610612764,Washington Wizards,12,4,8,0.333,581.0,260.0,104.0,200.0,484.0,214.0,153.0,150.0,596.0,2,24,27,14,3,1,27,5,25,23,20,14,28,08/01/2020
1610612737,Atlanta Hawks,11,5,6,0.455,543.0,190.0,164.0,178.0,558.0,191.0,176.0,187.0,572.0,15,17,12,16,15,18,8,12,15,12,28,22,21,08/02/2020
1610612738,Boston Celtics,12,6,6,0.5,586.0,185.0,163.0,190.0,534.0,194.0,170.0,158.0,524.0,6,12,12,1,6,21,9,8,18,15,26,14,12,08/02/2020
1610612751,Brooklyn Nets,13,6,7,0.462,634.0,163.0,190.0,156.0,620.0,206.0,156.0,175.0,576.0,2,12,21,16,2,25,3,16,5,20,19,19,22,08/02/2020
1610612766,Charlotte Hornets,11,5,6,0.455,538.0,163.0,161.0,129.0,486.0,173.0,125.0,142.0,542.0,15,17,12,16,16,25,10,25,25,5,7,8,14,08/02/2020
1610612741,Chicago Bulls,10,3,7,0.3,480.0,223.0,154.0,125.0,502.0,186.0,137.0,130.0,514.0,26,27,21,16,26,8,14,27,23,10,11,6,10,08/02/2020
1610612739,Cleveland Cavaliers,11,5,6,0.455,538.0,182.0,137.0,142.0,576.0,212.0,145.0,127.0,554.0,15,17,12,16,16,23,18,21,10,21,15,5,16,08/02/2020
1610612742,Dallas Mavericks,14,7,7,0.5,682.0,208.0,191.0,173.0,642.0,194.0,181.0,243.0,682.0,1,8,21,1,1,14,2,14,2,15,29,30,30,08/02/2020
1610612743,Denver Nuggets,11,5,6,0.455,528.0,191.0,151.0,138.0,572.0,248.0,142.0,144.0,510.0,15,17,12,16,22,17,16,22,11,30,13,10,9,08/02/2020
1610612765,Detroit Pistons,9,1,8,0.111,432.0,136.0,119.0,89.0,384.0,145.0,113.0,122.0,476.0,30,30,27,16,30,30,25,29,30,1,1,4,3,08/02/2020
1610612744,Golden State Warriors,10,3,7,0.3,480.0,153.0,112.0,127.0,494.0,193.0,123.0,179.0,474.0,26,27,21,16,26,28,26,26,24,13,5,20,2,08/02/2020
1610612745,Houston Rockets,12,8,4,0.667,586.0,254.0,135.0,200.0,532.0,212.0,190.0,172.0,632.0,6,2,6,1,6,2,20,7,19,21,30,17,27,08/02/2020
1610612754,Indiana Pacers,11,8,3,0.727,528.0,209.0,136.0,167.0,564.0,155.0,127.0,200.0,538.0,15,2,2,1,22,11,19,15,12,2,9,26,13,08/02/2020
1610612746,LA Clippers,11,8,3,0.727,528.0,231.0,154.0,156.0,438.0,190.0,126.0,117.0,490.0,15,2,2,1,22,5,14,16,28,11,8,2,6,08/02/2020
1610612747,Los Angeles Lakers,12,9,3,0.75,576.0,225.0,128.0,239.0,586.0,232.0,148.0,222.0,542.0,6,1,2,1,10,7,22,2,9,26,16,29,14,08/02/2020
1610612763,Memphis Grizzlies,13,4,9,0.308,629.0,240.0,207.0,242.0,696.0,233.0,160.0,187.0,568.0,2,24,29,16,3,3,1,1,1,27,22,22,20,08/02/2020
1610612748,Miami Heat,12,7,5,0.583,581.0,213.0,128.0,150.0,514.0,214.0,159.0,135.0,518.0,6,8,8,1,8,10,22,19,22,23,21,7,11,08/02/2020
1610612749,Milwaukee Bucks,13,8,5,0.615,629.0,226.0,155.0,209.0,616.0,244.0,134.0,201.0,484.0,2,2,8,1,3,6,12,5,6,29,10,27,5,08/02/2020
1610612750,Minnesota Timberwolves,11,3,8,0.273,528.0,209.0,123.0,176.0,564.0,185.0,155.0,166.0,652.0,15,27,27,16,22,11,24,13,12,9,18,16,29,08/02/2020
1610612740,New Orleans Pelicans,11,5,6,0.455,533.0,187.0,176.0,202.0,608.0,233.0,157.0,189.0,556.0,15,17,12,16,18,19,5,6,7,27,20,25,17,08/02/2020
1610612752,New York Knicks,11,4,7,0.364,533.0,142.0,180.0,88.0,642.0,196.0,150.0,119.0,508.0,15,24,21,16,18,29,4,30,2,17,17,3,8,08/02/2020
1610612760,Oklahoma City Thunder,10,8,2,0.8,480.0,185.0,101.0,96.0,476.0,173.0,140.0,108.0,480.0,26,2,1,1,26,21,29,28,26,5,12,1,4,08/02/2020
1610612753,Orlando Magic,12,8,4,0.667,576.0,223.0,172.0,154.0,600.0,171.0,117.0,142.0,606.0,6,2,6,1,10,8,7,18,8,4,2,8,26,08/02/2020
1610612755,Philadelphia 76ers,11,5,6,0.455,533.0,186.0,176.0,143.0,518.0,181.0,124.0,174.0,586.0,15,17,12,16,18,20,5,20,21,7,6,18,25,08/02/2020
1610612756,Phoenix Suns,12,6,6,0.5,576.0,234.0,138.0,187.0,552.0,229.0,165.0,185.0,584.0,6,12,12,1,10,4,17,10,16,24,24,21,24,08/02/2020
1610612757,Portland Trail Blazers,12,5,7,0.417,581.0,194.0,161.0,188.0,552.0,204.0,174.0,216.0,502.0,6,17,21,16,8,16,10,9,16,18,27,28,7,08/02/2020
1610612758,Sacramento Kings,12,7,5,0.583,576.0,209.0,132.0,185.0,630.0,205.0,121.0,187.0,564.0,6,8,8,1,10,11,21,11,4,19,3,22,19,08/02/2020
1610612759,San Antonio Spurs,11,6,5,0.545,533.0,197.0,105.0,132.0,458.0,182.0,143.0,145.0,560.0,15,12,8,1,18,15,28,23,27,8,14,11,18,08/02/2020
1610612761,Toronto Raptors,10,7,3,0.7,480.0,163.0,94.0,227.0,434.0,168.0,121.0,147.0,418.0,26,8,2,1,26,25,30,3,29,3,3,12,1,08/02/2020
1610612762,Utah Jazz,12,6,6,0.5,576.0,174.0,155.0,130.0,564.0,193.0,166.0,147.0,578.0,6,12,12,1,10,24,12,24,12,13,25,12,23,08/02/2020
1610612764,Washington Wizards,13,4,9,0.308,629.0,278.0,109.0,211.0,526.0,231.0,162.0,163.0,648.0,2,24,29,16,3,1,27,4,20,25,23,15,28,08/02/2020
1610612737,Atlanta Hawks,10,4,6,0.4,495.0,170.0,154.0,167.0,512.0,171.0,155.0,171.0,524.0,26,22,11,18,26,25,12,15,20,5,17,21,12,08/03/2020
1610612738,Boston Celtics,12,6,6,0.5,586.0,185.0,163.0,190.0,534.0,194.0,170.0,158.0,524.0,6,11,11,1,6,21,9,7,18,14,24,14,12,08/03/2020
1610612751,Brooklyn Nets,12,6,6,0.5,581.0,149.0,168.0,142.0,580.0,188.0,144.0,155.0,528.0,6,11,11,1,7,27,7,20,11,11,12,13,14,08/03/2020
1610612766,Charlotte Hornets,10,4,6,0.4,490.0,155.0,146.0,115.0,434.0,154.0,110.0,136.0,490.0,26,22,11,18,27,26,15,26,28,2,3,7,6,08/03/2020
1610612741,Chicago Bulls,9,3,6,0.333,432.0,204.0,139.0,119.0,450.0,178.0,122.0,116.0,462.0,28,27,11,18,28,14,17,25,26,7,8,2,5,08/03/2020
1610612739,Cleveland Cavaliers,11,5,6,0.455,538.0,182.0,137.0,142.0,576.0,212.0,145.0,127.0,554.0,17,19,11,18,17,22,19,20,12,22,13,6,17,08/03/2020
1610612742,Dallas Mavericks,14,7,7,0.5,682.0,208.0,191.0,173.0,642.0,194.0,181.0,243.0,682.0,1,7,23,1,1,13,2,14,4,14,30,30,29,08/03/2020
1610612743,Denver Nuggets,12,6,6,0.5,581.0,213.0,163.0,153.0,622.0,261.0,152.0,153.0,538.0,6,11,11,1,7,9,9,18,7,30,15,12,16,08/03/2020
1610612765,Detroit Pistons,8,1,7,0.125,384.0,130.0,104.0,74.0,344.0,120.0,102.0,112.0,424.0,30,30,23,18,30,30,28,30,30,1,1,1,1,08/03/2020
1610612744,Golden State Warriors,9,3,6,0.333,432.0,136.0,100.0,104.0,434.0,162.0,113.0,159.0,438.0,28,27,11,18,28,29,30,28,28,3,4,15,2,08/03/2020
1610612745,Houston Rockets,11,7,4,0.636,538.0,223.0,125.0,180.0,496.0,195.0,178.0,149.0,572.0,17,7,6,1,17,7,22,10,24,16,28,10,19,08/03/2020
1610612754,Indiana Pacers,12,9,3,0.75,576.0,231.0,154.0,177.0,626.0,167.0,138.0,219.0,582.0,6,2,1,1,14,5,12,11,6,4,11,28,20,08/03/2020
1610612746,LA Clippers,11,8,3,0.727,528.0,231.0,154.0,156.0,438.0,190.0,126.0,117.0,490.0,17,3,1,1,21,5,12,16,27,12,9,3,6,08/03/2020
1610612747,Los Angeles Lakers,13,10,3,0.769,624.0,251.0,136.0,255.0,644.0,244.0,158.0,234.0,586.0,3,1,1,1,4,2,20,1,3,27,20,29,22,08/03/2020
1610612763,Memphis Grizzlies,13,4,9,0.308,629.0,240.0,203.0,230.0,686.0,224.0,164.0,202.0,570.0,3,22,29,18,3,3,1,3,1,24,22,26,18,08/03/2020
1610612748,Miami Heat,12,7,5,0.583,581.0,210.0,119.0,150.0,502.0,209.0,157.0,136.0,494.0,6,7,8,1,7,11,26,19,22,21,19,7,8,08/03/2020
1610612749,Milwaukee Bucks,12,7,5,0.583,581.0,201.0,144.0,199.0,564.0,238.0,119.0,186.0,444.0,6,7,8,1,7,15,16,6,14,26,6,24,3,08/03/2020
1610612750,Minnesota Timberwolves,11,3,8,0.273,528.0,209.0,123.0,176.0,564.0,185.0,155.0,166.0,652.0,17,27,28,18,21,12,23,13,14,9,17,18,28,08/03/2020
1610612740,New Orleans Pelicans,12,6,6,0.5,581.0,200.0,183.0,225.0,650.0,248.0,171.0,196.0,604.0,6,11,11,1,7,16,3,5,2,28,25,25,24,08/03/2020
1610612752,New York Knicks,11,4,7,0.364,533.0,142.0,180.0,88.0,642.0,196.0,150.0,119.0,508.0,17,22,23,18,19,28,4,29,4,19,14,4,11,08/03/2020
1610612760,Oklahoma City Thunder,11,8,3,0.727,533.0,198.0,111.0,105.0,504.0,195.0,152.0,123.0,530.0,17,3,1,1,19,17,27,27,21,16,15,5,15,08/03/2020
1610612753,Orlando Magic,12,8,4,0.667,576.0,223.0,172.0,154.0,600.0,171.0,117.0,142.0,606.0,6,3,6,1,14,7,6,17,9,5,5,9,25,08/03/2020
1610612755,Philadelphia 76ers,11,5,6,0.455,528.0,181.0,180.0,130.0,524.0,183.0,120.0,169.0,590.0,17,19,11,18,21,23,4,24,19,8,7,20,23,08/03/2020
1610612756,Phoenix Suns,12,6,6,0.5,576.0,234.0,138.0,187.0,552.0,229.0,165.0,185.0,584.0,6,11,11,1,14,4,18,9,16,25,23,23,21,08/03/2020
1610612757,Portland Trail Blazers,12,5,7,0.417,581.0,194.0,161.0,188.0,552.0,204.0,174.0,216.0,502.0,6,19,23,18,7,18,11,8,16,20,26,27,9,08/03/2020
1610612758,Sacramento Kings,11,6,5,0.545,528.0,187.0,129.0,177.0,590.0,190.0,103.0,168.0,506.0,17,11,8,1,21,19,21,11,10,12,2,19,10,08/03/2020
1610612759,San Antonio Spurs,12,6,6,0.5,581.0,213.0,123.0,141.0,502.0,195.0,159.0,152.0,614.0,6,11,11,1,7,9,23,23,22,16,21,11,26,08/03/2020
1610612761,Toronto Raptors,11,8,3,0.727,528.0,178.0,102.0,239.0,456.0,185.0,133.0,163.0,454.0,17,3,1,1,21,24,29,2,25,9,10,16,4,08/03/2020
1610612762,Utah Jazz,13,6,7,0.462,624.0,186.0,165.0,142.0,608.0,219.0,174.0,163.0,636.0,3,11,23,18,4,20,8,20,8,23,26,16,27,08/03/2020
1610612764,Washington Wizards,14,4,10,0.286,677.0,290.0,120.0,230.0,570.0,253.0,180.0,173.0,710.0,1,22,30,18,2,1,25,3,13,29,29,22,30,08/03/2020
1610612737,Atlanta Hawks,10,4,6,0.4,495.0,170.0,154.0,167.0,512.0,171.0,155.0,171.0,524.0,21,21,11,17,21,25,11,14,21,5,22,21,16,08/04/2020
1610612738,Boston Celtics,12,5,7,0.417,586.0,194.0,170.0,183.0,532.0,201.0,182.0,143.0,514.0,6,17,25,17,6,16,7,10,15,19,28,12,12,08/04/2020
1610612751,Brooklyn Nets,13,7,6,0.538,629.0,176.0,177.0,159.0,612.0,195.0,153.0,176.0,576.0,2,6,11,1,2,20,4,16,5,17,20,23,21,08/04/2020
1610612766,Charlotte Hornets,10,4,6,0.4,490.0,155.0,146.0,115.0,434.0,154.0,110.0,136.0,490.0,21,21,11,17,22,27,15,26,27,2,2,8,9,08/04/2020
1610612741,Chicago Bulls,9,3,6,0.333,432.0,204.0,139.0,119.0,450.0,178.0,122.0,116.0,462.0,28,27,11,17,28,12,18,25,26,8,7,4,4,08/04/2020
1610612739,Cleveland Cavaliers,10,4,6,0.4,490.0,175.0,125.0,138.0,524.0,188.0,123.0,118.0,494.0,21,21,11,17,22,21,22,21,18,14,8,5,11,08/04/2020
1610612742,Dallas Mavericks,14,7,7,0.5,687.0,209.0,198.0,161.0,632.0,192.0,183.0,239.0,680.0,1,6,25,1,1,10,1,15,2,16,29,30,30,08/04/2020
1610612743,Denver Nuggets,11,6,5,0.545,533.0,192.0,150.0,143.0,570.0,236.0,141.0,141.0,492.0,17,13,7,1,17,17,14,20,11,28,17,11,10,08/04/2020
1610612765,Detroit Pistons,8,1,7,0.125,384.0,130.0,104.0,74.0,344.0,120.0,102.0,112.0,424.0,30,30,25,17,30,30,26,30,30,1,1,2,2,08/04/2020
1610612744,Golden State Warriors,9,3,6,0.333,432.0,136.0,100.0,104.0,434.0,162.0,113.0,159.0,438.0,28,27,11,17,28,28,27,27,27,3,4,16,3,08/04/2020
1610612745,Houston Rockets,12,7,5,0.583,586.0,232.0,134.0,189.0,524.0,206.0,191.0,165.0,616.0,6,6,7,1,6,4,21,8,18,23,30,17,28,08/04/2020
1610612754,Indiana Pacers,12,9,3,0.75,576.0,241.0,142.0,177.0,634.0,171.0,140.0,227.0,588.0,6,1,1,1,11,2,16,12,1,5,16,29,23,08/04/2020
1610612746,LA Clippers,12,8,4,0.667,576.0,237.0,166.0,170.0,492.0,201.0,136.0,125.0,520.0,6,3,5,1,11,3,8,13,23,19,13,6,14,08/04/2020
1610612747,Los Angeles Lakers,12,9,3,0.75,576.0,230.0,124.0,232.0,592.0,217.0,133.0,212.0,522.0,6,1,1,1,11,6,23,1,10,25,12,28,15,08/04/2020
1610612763,Memphis Grizzlies,12,4,8,0.333,581.0,213.0,178.0,208.0,622.0,203.0,152.0,179.0,518.0,6,21,29,17,8,9,3,5,4,22,19,24,13,08/04/2020
1610612748,Miami Heat,13,8,5,0.615,629.0,231.0,139.0,153.0,530.0,224.0,180.0,140.0,548.0,2,3,7,1,2,5,18,19,16,26,27,10,18,08/04/2020
1610612749,Milwaukee Bucks,13,7,6,0.538,629.0,208.0,153.0,220.0,612.0,265.0,128.0,203.0,476.0,2,6,11,1,2,11,12,3,5,30,10,26,6,08/04/2020
1610612750,Minnesota Timberwolves,10,3,7,0.3,480.0,195.0,115.0,158.0,526.0,179.0,139.0,155.0,596.0,21,27,25,17,26,14,24,17,17,9,14,15,25,08/04/2020
1610612740,New Orleans Pelicans,11,5,6,0.455,533.0,175.0,165.0,206.0,602.0,230.0,149.0,188.0,556.0,17,17,11,17,17,21,9,6,9,27,18,25,19,08/04/2020
1610612752,New York Knicks,10,4,6,0.4,485.0,134.0,172.0,83.0,604.0,183.0,130.0,106.0,464.0,21,21,11,17,24,29,5,29,7,10,11,1,5,08/04/2020
1610612760,Oklahoma City Thunder,10,7,3,0.7,485.0,173.0,100.0,93.0,458.0,174.0,139.0,113.0,478.0,21,6,1,1,24,24,27,28,25,7,14,3,7,08/04/2020
1610612753,Orlando Magic,12,8,4,0.667,576.0,219.0,171.0,156.0,604.0,186.0,112.0,138.0,608.0,6,3,5,1,11,8,6,18,7,13,3,9,26,08/04/2020
1610612755,Philadelphia 76ers,11,5,6,0.455,528.0,181.0,180.0,130.0,524.0,183.0,120.0,169.0,590.0,17,17,11,17,20,19,2,23,18,10,5,18,24,08/04/2020
1610612756,Phoenix Suns,12,7,5,0.583,576.0,224.0,136.0,178.0,536.0,214.0,162.0,169.0,586.0,6,6,7,1,11,7,20,11,14,24,23,18,22,08/04/2020
1610612757,Portland Trail Blazers,12,6,6,0.5,581.0,187.0,152.0,196.0,548.0,188.0,165.0,206.0,482.0,6,13,11,1,8,18,13,7,13,14,25,27,8,08/04/2020
1610612758,Sacramento Kings,12,6,6,0.5,581.0,201.0,142.0,184.0,628.0,199.0,123.0,173.0,546.0,6,13,11,1,8,13,16,9,3,18,8,22,17,08/04/2020
1610612759,San Antonio Spurs,11,5,6,0.455,533.0,195.0,112.0,132.0,474.0,184.0,153.0,134.0,572.0,17,17,11,17,17,14,25,22,24,12,20,7,20,08/04/2020
1610612761,Toronto Raptors,10,7,3,0.7,480.0,157.0,87.0,209.0,404.0,164.0,121.0,146.0,408.0,21,6,1,1,26,26,30,4,29,4,6,13,1,08/04/2020
1610612762,Utah Jazz,12,6,6,0.5,576.0,175.0,159.0,124.0,566.0,201.0,163.0,154.0,608.0,6,13,11,1,11,21,10,24,12,19,24,14,26,08/04/2020
1610612764,Washington Wizards,13,4,9,0.308,629.0,266.0,98.0,221.0,510.0,246.0,168.0,169.0,658.0,2,21,30,17,2,1,29,2,22,29,26,18,29,08/04/2020
1610612737,Atlanta Hawks,9,3,6,0.333,447.0,144.0,133.0,144.0,446.0,165.0,141.0,155.0,474.0,25,26,16,16,25,27,17,20,26,6,16,15,10,08/05/2020
1610612738,Boston Celtics,13,6,7,0.462,634.0,213.0,179.0,198.0,580.0,216.0,196.0,152.0,586.0,2,11,24,16,3,8,4,6,10,24,30,13,21,08/05/2020
1610612751,Brooklyn Nets,13,6,7,0.462,629.0,175.0,181.0,156.0,634.0,209.0,145.0,171.0,588.0,2,11,24,16,4,20,3,15,4,21,17,22,23,08/05/2020
1610612766,Charlotte Hornets,9,4,5,0.444,442.0,150.0,129.0,95.0,398.0,138.0,100.0,124.0,440.0,25,21,6,16,26,26,19,27,29,2,1,7,4,08/05/2020
1610612741,Chicago Bulls,8,3,5,0.375,384.0,175.0,123.0,94.0,408.0,148.0,100.0,98.0,408.0,29,26,6,16,29,20,22,28,28,3,1,1,1,08/05/2020
1610612739,Cleveland Cavaliers,9,4,5,0.444,442.0,164.0,111.0,120.0,480.0,151.0,118.0,103.0,450.0,25,21,6,16,26,25,25,22,23,4,8,2,7,08/05/2020
1610612742,Dallas Mavericks,13,7,6,0.538,639.0,203.0,184.0,145.0,582.0,166.0,162.0,216.0,614.0,2,7,16,1,2,11,2,18,9,7,22,28,26,08/05/2020
1610612743,Denver Nuggets,12,7,5,0.583,581.0,207.0,171.0,148.0,626.0,253.0,154.0,154.0,548.0,8,7,6,1,8,10,7,17,6,29,21,14,16,08/05/2020
1610612765,Detroit Pistons,8,1,7,0.125,384.0,130.0,104.0,74.0,344.0,120.0,102.0,112.0,424.0,29,30,24,16,29,30,28,30,30,1,3,5,2,08/05/2020
1610612744,Golden State Warriors,9,3,6,0.333,432.0,136.0,100.0,104.0,434.0,162.0,113.0,159.0,438.0,25,26,16,16,28,28,29,26,27,5,6,21,3,08/05/2020
1610612745,Houston Rockets,11,6,5,0.545,538.0,217.0,126.0,170.0,488.0,194.0,177.0,155.0,552.0,15,11,6,1,15,7,20,10,20,18,29,15,17,08/05/2020
1610612754,Indiana Pacers,12,9,3,0.75,576.0,241.0,142.0,177.0,634.0,171.0,140.0,227.0,588.0,8,1,1,1,13,3,14,9,4,8,15,29,23,08/05/2020
1610612746,LA Clippers,11,8,3,0.727,528.0,223.0,151.0,152.0,452.0,177.0,126.0,105.0,468.0,15,3,1,1,19,6,12,16,25,10,10,3,9,08/05/2020
1610612747,Los Angeles Lakers,13,9,4,0.692,624.0,248.0,135.0,245.0,636.0,229.0,139.0,230.0,568.0,2,1,5,1,6,2,15,1,3,26,13,30,20,08/05/2020
1610612763,Memphis Grizzlies,13,4,9,0.308,629.0,236.0,188.0,213.0,678.0,218.0,169.0,185.0,554.0,2,21,29,16,4,4,1,4,1,25,26,25,18,08/05/2020
1610612748,Miami Heat,12,7,5,0.583,581.0,194.0,134.0,138.0,486.0,213.0,166.0,122.0,504.0,8,7,6,1,8,14,16,21,21,23,25,6,12,08/05/2020
1610612749,Milwaukee Bucks,12,6,6,0.5,581.0,195.0,143.0,189.0,566.0,244.0,111.0,180.0,440.0,8,11,16,1,8,12,13,8,12,28,5,24,4,08/05/2020
1610612750,Minnesota Timberwolves,10,3,7,0.3,480.0,195.0,115.0,158.0,526.0,179.0,139.0,155.0,596.0,23,26,24,16,24,12,23,14,18,11,13,15,25,08/05/2020
1610612740,New Orleans Pelicans,11,5,6,0.455,533.0,175.0,165.0,206.0,602.0,230.0,149.0,188.0,556.0,15,18,16,16,16,20,9,5,8,27,19,26,19,08/05/2020
1610612752,New York Knicks,10,4,6,0.4,485.0,134.0,172.0,83.0,604.0,183.0,130.0,106.0,464.0,23,21,16,16,23,29,6,29,7,13,12,4,8,08/05/2020
1610612760,Oklahoma City Thunder,11,8,3,0.727,533.0,185.0,106.0,111.0,504.0,192.0,150.0,126.0,522.0,15,3,1,1,16,17,27,25,19,17,20,8,14,08/05/2020
1610612753,Orlando Magic,13,8,5,0.615,624.0,229.0,179.0,167.0,642.0,197.0,117.0,156.0,660.0,2,3,6,1,6,5,4,11,2,19,7,19,29,08/05/2020
1610612755,Philadelphia 76ers,11,6,5,0.545,528.0,171.0,169.0,114.0,528.0,182.0,123.0,147.0,586.0,15,11,6,1,19,23,8,24,17,12,9,12,21,08/05/2020
1610612756,Phoenix Suns,11,6,5,0.545,528.0,194.0,114.0,160.0,482.0,185.0,146.0,144.0,544.0,15,11,6,1,19,14,24,13,22,14,18,11,15,08/05/2020
1610612757,Portland Trail Blazers,12,6,6,0.5,581.0,187.0,152.0,196.0,548.0,188.0,165.0,206.0,482.0,8,11,16,1,8,16,11,7,14,16,23,27,11,08/05/2020
1610612758,Sacramento Kings,11,5,6,0.455,533.0,177.0,132.0,164.0,576.0,185.0,108.0,155.0,506.0,15,18,16,16,16,19,18,12,11,14,4,15,13,08/05/2020
1610612759,San Antonio Spurs,12,5,7,0.417,581.0,212.0,125.0,145.0,530.0,199.0,174.0,139.0,628.0,8,18,24,16,8,9,21,18,16,20,27,9,27,08/05/2020
1610612761,Toronto Raptors,11,8,3,0.727,528.0,168.0,92.0,227.0,456.0,174.0,129.0,157.0,446.0,15,3,1,1,19,24,30,3,24,9,11,20,6,08/05/2020
1610612762,Utah Jazz,12,7,5,0.583,576.0,178.0,162.0,120.0,538.0,209.0,165.0,140.0,628.0,8,7,6,1,13,18,10,22,15,21,23,10,27,08/05/2020
1610612764,Washington Wizards,14,4,10,0.286,677.0,278.0,111.0,230.0,552.0,257.0,174.0,176.0,698.0,1,21,30,16,1,1,25,2,13,30,27,23,30,08/05/2020
1610612737,Atlanta Hawks,9,3,6,0.333,447.0,144.0,133.0,144.0,446.0,165.0,141.0,155.0,474.0,24,26,15,18,24,27,18,18,24,8,16,18,9,08/06/2020
1610612738,Boston Celtics,12,6,6,0.5,586.0,194.0,171.0,180.0,536.0,196.0,178.0,136.0,532.0,9,13,15,1,9,16,6,9,14,17,28,11,15,08/06/2020
1610612751,Brooklyn Nets,13,6,7,0.462,629.0,175.0,181.0,156.0,634.0,209.0,145.0,171.0,588.0,2,13,26,18,2,18,3,16,5,21,19,23,23,08/06/2020
1610612766,Charlotte Hornets,9,4,5,0.444,442.0,150.0,129.0,95.0,398.0,138.0,100.0,124.0,440.0,24,20,5,18,25,26,20,26,27,3,3,7,5,08/06/2020
1610612741,Chicago Bulls,7,2,5,0.286,336.0,152.0,111.0,77.0,362.0,122.0,96.0,68.0,364.0,29,29,5,18,29,24,22,29,29,2,2,1,1,08/06/2020
1610612739,Cleveland Cavaliers,9,4,5,0.444,442.0,164.0,111.0,120.0,480.0,151.0,118.0,103.0,450.0,24,20,5,18,25,23,22,22,22,5,7,3,6,08/06/2020
1610612742,Dallas Mavericks,14,7,7,0.5,687.0,207.0,198.0,145.0,618.0,175.0,180.0,221.0,672.0,1,5,26,1,1,11,1,17,7,10,29,29,30,08/06/2020
1610612743,Denver Nuggets,12,6,6,0.5,581.0,199.0,171.0,135.0,602.0,250.0,144.0,141.0,530.0,9,13,15,1,11,13,6,20,9,29,17,14,14,08/06/2020
1610612765,Detroit Pistons,7,1,6,0.143,336.0,113.0,91.0,53.0,300.0,108.0,87.0,92.0,388.0,29,30,15,18,29,30,28,30,30,1,1,2,3,08/06/2020
1610612744,Golden State Warriors,8,3,5,0.375,384.0,119.0,80.0,91.0,388.0,147.0,100.0,132.0,386.0,28,26,5,18,28,29,29,27,28,4,3,8,2,08/06/2020
1610612745,Houston Rockets,12,7,5,0.583,586.0,253.0,139.0,182.0,518.0,211.0,191.0,165.0,610.0,9,5,5,1,9,1,16,6,17,23,30,22,26,08/06/2020
1610612754,Indiana Pacers,12,9,3,0.75,576.0,241.0,134.0,169.0,636.0,172.0,134.0,212.0,590.0,9,1,1,1,14,4,17,11,4,9,14,28,25,08/06/2020
1610612746,LA Clippers,12,9,3,0.75,576.0,232.0,169.0,157.0,510.0,181.0,140.0,105.0,504.0,9,1,1,1,14,6,8,14,18,12,15,4,12,08/06/2020
1610612747,Los Angeles Lakers,13,8,5,0.615,624.0,245.0,131.0,239.0,640.0,246.0,144.0,224.0,554.0,2,3,5,1,7,3,19,1,3,28,17,30,17,08/06/2020
1610612763,Memphis Grizzlies,13,4,9,0.308,629.0,236.0,188.0,213.0,678.0,218.0,169.0,185.0,554.0,2,20,29,18,2,5,2,2,1,24,26,25,17,08/06/2020
1610612748,Miami Heat,13,7,6,0.538,629.0,221.0,144.0,157.0,508.0,239.0,174.0,134.0,540.0,2,5,15,1,2,8,15,14,19,27,27,9,16,08/06/2020
1610612749,Milwaukee Bucks,13,7,6,0.538,629.0,221.0,151.0,201.0,602.0,271.0,121.0,199.0,462.0,2,5,15,1,2,8,12,3,9,30,8,27,7,08/06/2020
1610612750,Minnesota Timberwolves,9,3,6,0.333,432.0,168.0,96.0,140.0,476.0,157.0,130.0,136.0,520.0,24,26,15,18,27,21,26,19,23,7,12,11,13,08/06/2020
1610612740,New Orleans Pelicans,11,4,7,0.364,533.0,173.0,165.0,181.0,602.0,235.0,146.0,179.0,568.0,18,20,26,18,18,19,10,7,9,26,20,24,21,08/06/2020
1610612752,New York Knicks,10,4,6,0.4,485.0,134.0,172.0,83.0,604.0,183.0,130.0,106.0,464.0,21,20,15,18,21,28,5,28,8,15,12,5,8,08/06/2020
1610612760,Oklahoma City Thunder,10,7,3,0.7,485.0,168.0,96.0,107.0,430.0,180.0,129.0,114.0,480.0,21,5,1,1,21,21,26,25,25,11,11,6,10,08/06/2020
1610612753,Orlando Magic,13,8,5,0.615,624.0,229.0,179.0,167.0,642.0,197.0,117.0,156.0,660.0,2,3,5,1,7,7,4,13,2,18,5,19,29,08/06/2020
1610612755,Philadelphia 76ers,11,6,5,0.545,528.0,171.0,169.0,114.0,528.0,182.0,123.0,147.0,586.0,18,13,5,1,20,20,8,24,16,13,10,16,22,08/06/2020
1610612756,Phoenix Suns,12,7,5,0.583,576.0,212.0,123.0,178.0,534.0,203.0,150.0,149.0,588.0,9,5,5,1,14,10,21,10,15,20,21,17,23,08/06/2020
1610612757,Portland Trail Blazers,12,6,6,0.5,581.0,199.0,146.0,181.0,544.0,185.0,161.0,191.0,490.0,9,13,15,1,11,13,14,7,12,16,22,26,11,08/06/2020
1610612758,Sacramento Kings,12,6,6,0.5,581.0,199.0,149.0,168.0,634.0,198.0,121.0,157.0,558.0,9,13,15,1,11,13,13,12,5,19,8,20,20,08/06/2020
1610612759,San Antonio Spurs,11,5,6,0.455,533.0,200.0,104.0,133.0,488.0,182.0,164.0,135.0,554.0,18,19,15,18,18,12,25,21,21,13,24,10,17,08/06/2020
1610612761,Toronto Raptors,10,7,3,0.7,480.0,151.0,77.0,194.0,406.0,156.0,117.0,144.0,404.0,21,5,1,1,23,25,30,5,26,6,5,15,4,08/06/2020
1610612762,Utah Jazz,12,7,5,0.583,576.0,178.0,162.0,120.0,538.0,209.0,165.0,140.0,628.0,9,5,5,1,14,17,11,22,13,21,25,13,27,08/06/2020
1610612764,Washington Wizards,13,4,9,0.308,629.0,252.0,107.0,200.0,508.0,234.0,162.0,159.0,652.0,2,20,29,18,2,2,24,4,19,25,23,21,28,08/06/2020
1610612737,Atlanta Hawks,8,3,5,0.375,399.0,125.0,113.0,119.0,388.0,143.0,123.0,141.0,418.0,25,25,5,18,25,27,20,20,27,5,10,15,6,08/07/2020
1610612738,Boston Celtics,13,7,6,0.538,634.0,220.0,184.0,199.0,586.0,207.0,186.0,149.0,586.0,1,4,18,1,2,7,2,5,9,21,30,17,22,08/07/2020
1610612751,Brooklyn Nets,13,7,6,0.538,629.0,177.0,176.0,151.0,618.0,209.0,154.0,170.0,572.0,1,4,18,1,3,19,6,14,7,22,20,24,20,08/07/2020
1610612766,Charlotte Hornets,9,4,5,0.444,442.0,150.0,129.0,95.0,398.0,138.0,100.0,124.0,440.0,23,22,5,18,23,25,18,26,26,4,3,7,8,08/07/2020
1610612741,Chicago Bulls,7,2,5,0.286,336.0,152.0,111.0,77.0,362.0,122.0,96.0,68.0,364.0,29,29,5,18,29,24,22,28,29,2,2,1,1,08/07/2020
1610612739,Cleveland Cavaliers,8,3,5,0.375,389.0,140.0,93.0,110.0,426.0,135.0,103.0,97.0,410.0,25,25,5,18,26,26,26,24,25,3,5,5,4,08/07/2020
1610612742,Dallas Mavericks,13,6,7,0.462,639.0,194.0,179.0,121.0,558.0,163.0,163.0,199.0,628.0,1,11,26,18,1,16,5,19,11,9,25,27,27,08/07/2020
1610612743,Denver Nuggets,12,6,6,0.5,581.0,199.0,171.0,135.0,602.0,250.0,144.0,141.0,530.0,9,11,18,1,9,13,8,17,8,29,17,15,14,08/07/2020
1610612765,Detroit Pistons,7,1,6,0.143,336.0,113.0,91.0,53.0,300.0,108.0,87.0,92.0,388.0,29,30,18,18,29,30,27,30,30,1,1,4,3,08/07/2020
1610612744,Golden State Warriors,8,3,5,0.375,384.0,119.0,80.0,91.0,388.0,147.0,100.0,132.0,386.0,25,25,5,18,27,29,29,27,27,7,3,11,2,08/07/2020
1610612745,Houston Rockets,11,6,5,0.545,538.0,231.0,136.0,156.0,466.0,200.0,172.0,150.0,560.0,17,11,5,1,17,5,15,13,20,20,28,18,19,08/07/2020
1610612754,Indiana Pacers,12,9,3,0.75,576.0,241.0,134.0,169.0,636.0,172.0,134.0,212.0,590.0,9,1,1,1,13,3,16,10,5,11,15,29,24,08/07/2020
1610612746,LA Clippers,11,8,3,0.727,528.0,210.0,158.0,134.0,458.0,173.0,130.0,87.0,458.0,17,2,1,1,19,10,10,18,23,12,12,3,10,08/07/2020
1610612747,Los Angeles Lakers,13,8,5,0.615,624.0,245.0,131.0,239.0,640.0,246.0,144.0,224.0,554.0,1,2,5,1,6,1,17,1,4,28,17,30,18,08/07/2020
1610612763,Memphis Grizzlies,13,5,8,0.385,629.0,238.0,198.0,207.0,688.0,212.0,166.0,166.0,538.0,1,20,29,18,3,4,1,3,1,23,26,23,16,08/07/2020
1610612748,Miami Heat,12,7,5,0.583,576.0,205.0,129.0,151.0,468.0,215.0,156.0,124.0,486.0,9,4,5,1,13,11,18,14,19,24,22,7,12,08/07/2020
1610612749,Milwaukee Bucks,12,6,6,0.5,576.0,200.0,144.0,187.0,560.0,245.0,111.0,185.0,424.0,9,11,18,1,13,12,14,7,10,27,6,25,7,08/07/2020
1610612750,Minnesota Timberwolves,8,3,5,0.375,384.0,156.0,79.0,118.0,432.0,144.0,111.0,112.0,460.0,25,25,5,18,27,23,30,21,24,6,6,6,11,08/07/2020
1610612740,New Orleans Pelicans,12,5,7,0.417,581.0,195.0,182.0,199.0,654.0,253.0,155.0,204.0,608.0,9,20,26,18,9,15,4,5,3,30,21,28,26,08/07/2020
1610612752,New York Knicks,9,4,5,0.444,437.0,123.0,153.0,68.0,554.0,161.0,127.0,80.0,412.0,23,22,5,18,24,28,11,29,12,8,11,2,5,08/07/2020
1610612760,Oklahoma City Thunder,11,7,4,0.636,533.0,184.0,104.0,111.0,466.0,190.0,149.0,126.0,536.0,17,4,3,1,18,18,25,22,20,16,19,9,15,08/07/2020
1610612753,Orlando Magic,13,7,6,0.538,624.0,221.0,184.0,169.0,634.0,190.0,122.0,156.0,660.0,1,4,18,1,6,6,2,10,6,16,9,19,29,08/07/2020
1610612755,Philadelphia 76ers,11,6,5,0.545,528.0,158.0,172.0,111.0,526.0,169.0,116.0,129.0,576.0,17,11,5,1,19,22,7,22,16,10,8,10,21,08/07/2020
1610612756,Phoenix Suns,11,6,5,0.545,528.0,185.0,110.0,163.0,470.0,183.0,137.0,133.0,546.0,17,11,5,1,19,17,23,12,18,14,16,12,17,08/07/2020
1610612757,Portland Trail Blazers,12,6,6,0.5,581.0,199.0,146.0,181.0,544.0,185.0,161.0,191.0,490.0,9,11,18,1,9,13,13,8,14,15,24,26,13,08/07/2020
1610612758,Sacramento Kings,13,6,7,0.462,629.0,213.0,166.0,172.0,674.0,216.0,132.0,163.0,596.0,1,11,26,18,3,9,9,9,2,25,14,20,25,08/07/2020
1610612759,San Antonio Spurs,12,6,6,0.5,581.0,215.0,112.0,147.0,552.0,193.0,168.0,140.0,588.0,9,11,18,1,9,8,21,16,13,18,27,14,23,08/07/2020
1610612761,Toronto Raptors,11,7,4,0.636,528.0,162.0,85.0,207.0,460.0,182.0,130.0,163.0,454.0,17,4,3,1,19,21,28,3,22,13,12,20,9,08/07/2020
1610612762,Utah Jazz,12,7,5,0.583,576.0,169.0,153.0,109.0,530.0,197.0,160.0,139.0,628.0,9,4,5,1,13,20,11,25,15,19,23,13,27,08/07/2020
1610612764,Washington Wizards,13,4,9,0.308,624.0,244.0,106.0,211.0,510.0,235.0,172.0,163.0,662.0,1,22,30,18,6,2,24,2,17,26,28,20,30,08/07/2020
1610612737,Atlanta Hawks,8,3,5,0.375,399.0,125.0,113.0,119.0,388.0,143.0,123.0,141.0,418.0,24,25,8,19,24,27,21,20,26,6,11,14,7,08/08/2020
1610612738,Boston Celtics,12,6,6,0.5,586.0,201.0,177.0,176.0,548.0,191.0,177.0,123.0,544.0,9,11,16,1,10,12,5,7,14,17,29,10,18,08/08/2020
1610612751,Brooklyn Nets,13,7,6,0.538,629.0,177.0,176.0,151.0,618.0,209.0,154.0,170.0,572.0,2,3,16,1,3,18,6,15,6,22,21,25,22,08/08/2020
1610612766,Charlotte Hornets,8,4,4,0.5,394.0,138.0,116.0,82.0,364.0,124.0,90.0,103.0,378.0,24,22,4,1,25,25,20,26,27,3,3,6,4,08/08/2020
1610612741,Chicago Bulls,6,2,4,0.333,288.0,135.0,88.0,62.0,304.0,105.0,87.0,62.0,326.0,29,29,4,19,29,26,26,29,29,2,2,1,1,08/08/2020
1610612739,Cleveland Cavaliers,8,3,5,0.375,389.0,140.0,93.0,110.0,426.0,135.0,103.0,97.0,410.0,24,25,8,19,26,24,25,24,25,5,5,5,5,08/08/2020
1610612742,Dallas Mavericks,14,7,7,0.5,692.0,213.0,196.0,136.0,612.0,169.0,174.0,219.0,676.0,1,3,26,1,1,10,2,19,8,10,26,30,29,08/08/2020
1610612743,Denver Nuggets,12,6,6,0.5,591.0,204.0,176.0,139.0,616.0,250.0,142.0,148.0,532.0,9,11,16,1,9,11,6,17,7,29,16,15,14,08/08/2020
1610612765,Detroit Pistons,6,1,5,0.167,288.0,96.0,74.0,51.0,268.0,92.0,75.0,77.0,328.0,29,30,8,19,29,30,29,30,30,1,1,2,2,08/08/2020
1610612744,Golden State Warriors,7,3,4,0.429,336.0,111.0,74.0,77.0,334.0,128.0,91.0,122.0,334.0,28,25,4,19,28,29,29,27,28,4,4,9,3,08/08/2020
1610612745,Houston Rockets,11,6,5,0.545,538.0,231.0,136.0,156.0,466.0,200.0,172.0,150.0,560.0,18,11,8,1,18,5,17,14,21,20,24,17,21,08/08/2020
1610612754,Indiana Pacers,12,9,3,0.75,576.0,242.0,139.0,167.0,628.0,186.0,136.0,217.0,608.0,9,1,1,1,15,3,15,11,4,15,15,29,26,08/08/2020
1610612746,LA Clippers,12,9,3,0.75,576.0,228.0,178.0,139.0,496.0,184.0,145.0,96.0,504.0,9,1,1,1,15,6,4,17,20,13,17,4,13,08/08/2020
1610612747,Los Angeles Lakers,13,7,6,0.538,624.0,248.0,136.0,221.0,636.0,239.0,145.0,214.0,554.0,2,3,16,1,5,1,17,1,2,28,17,28,20,08/08/2020
1610612763,Memphis Grizzlies,13,5,8,0.385,629.0,238.0,198.0,207.0,688.0,212.0,166.0,166.0,538.0,2,18,29,19,3,4,1,3,1,23,22,23,15,08/08/2020
1610612748,Miami Heat,13,7,6,0.538,624.0,214.0,137.0,169.0,520.0,231.0,175.0,140.0,540.0,2,3,16,1,5,9,16,9,18,26,28,12,16,08/08/2020
1610612749,Milwaukee Bucks,12,5,7,0.417,581.0,187.0,141.0,197.0,580.0,259.0,122.0,185.0,456.0,9,18,26,19,11,16,14,4,10,30,9,27,9,08/08/2020
1610612750,Minnesota Timberwolves,8,3,5,0.375,384.0,156.0,79.0,118.0,432.0,144.0,111.0,112.0,460.0,24,25,8,19,27,23,27,21,23,7,6,8,10,08/08/2020
1610612740,New Orleans Pelicans,11,5,6,0.455,533.0,173.0,168.0,170.0,600.0,230.0,145.0,168.0,552.0,18,18,16,19,19,19,9,8,9,25,17,24,19,08/08/2020
1610612752,New York Knicks,9,4,5,0.444,437.0,123.0,153.0,68.0,554.0,161.0,127.0,80.0,412.0,23,22,8,19,23,28,12,28,12,8,14,3,6,08/08/2020
1610612760,Oklahoma City Thunder,10,6,4,0.6,485.0,167.0,95.0,105.0,428.0,173.0,126.0,111.0,478.0,21,11,4,1,21,20,24,25,24,12,12,7,11,08/08/2020
1610612753,Orlando Magic,13,7,6,0.538,624.0,221.0,184.0,169.0,634.0,190.0,122.0,156.0,660.0,2,3,16,1,5,7,3,9,3,16,9,20,27,08/08/2020
1610612755,Philadelphia 76ers,11,6,5,0.545,528.0,158.0,172.0,111.0,526.0,169.0,116.0,129.0,576.0,18,11,8,1,20,21,8,23,16,10,7,11,23,08/08/2020
1610612756,Phoenix Suns,12,7,5,0.583,576.0,201.0,129.0,179.0,524.0,192.0,145.0,151.0,598.0,9,3,8,1,15,12,19,6,17,18,17,18,25,08/08/2020
1610612757,Portland Trail Blazers,12,6,6,0.5,581.0,194.0,152.0,164.0,548.0,184.0,174.0,173.0,490.0,9,11,16,1,11,14,13,12,14,13,26,26,12,08/08/2020
1610612758,Sacramento Kings,12,5,7,0.417,581.0,194.0,157.0,162.0,622.0,208.0,126.0,149.0,542.0,9,18,26,19,11,14,11,13,5,21,12,16,17,08/08/2020
1610612759,San Antonio Spurs,12,6,6,0.5,581.0,215.0,112.0,147.0,552.0,193.0,168.0,140.0,588.0,9,11,16,1,11,8,22,16,13,19,23,12,24,08/08/2020
1610612761,Toronto Raptors,10,7,3,0.7,480.0,157.0,79.0,192.0,438.0,163.0,116.0,153.0,426.0,21,3,1,1,22,22,27,5,22,9,7,19,8,08/08/2020
1610612762,Utah Jazz,13,7,6,0.538,634.0,186.0,168.0,118.0,564.0,218.0,177.0,158.0,702.0,2,3,16,1,2,17,9,21,11,24,29,21,30,08/08/2020
1610612764,Washington Wizards,13,4,9,0.308,624.0,244.0,106.0,211.0,510.0,235.0,172.0,163.0,662.0,2,22,30,19,5,2,23,2,19,27,24,22,28,08/08/2020
1610612737,Atlanta Hawks,7,3,4,0.429,351.0,114.0,103.0,103.0,340.0,122.0,104.0,126.0,354.0,24,23,3,17,24,27,23,23,26,5,7,11,5,08/09/2020
1610612738,Boston Celtics,12,6,6,0.5,591.0,210.0,173.0,176.0,548.0,195.0,172.0,131.0,540.0,9,12,20,1,9,10,8,7,12,18,28,13,16,08/09/2020
1610612751,Brooklyn Nets,13,8,5,0.615,629.0,171.0,170.0,164.0,624.0,212.0,163.0,168.0,588.0,1,2,11,1,2,21,9,13,6,24,25,23,22,08/09/2020
1610612766,Charlotte Hornets,7,3,4,0.429,346.0,119.0,99.0,76.0,308.0,110.0,74.0,94.0,320.0,24,23,3,17,25,26,24,27,28,3,1,5,1,08/09/2020
1610612741,Chicago Bulls,6,2,4,0.333,288.0,135.0,88.0,62.0,304.0,105.0,87.0,62.0,326.0,29,27,3,17,29,23,25,28,29,2,3,1,2,08/09/2020
1610612739,Cleveland Cavaliers,7,2,5,0.286,341.0,128.0,82.0,99.0,374.0,120.0,99.0,93.0,374.0,24,27,11,17,26,24,27,24,25,4,6,4,7,08/09/2020
1610612742,Dallas Mavericks,13,6,7,0.462,644.0,190.0,183.0,132.0,578.0,147.0,163.0,200.0,630.0,1,12,24,17,1,15,4,19,11,9,25,28,27,08/09/2020
1610612743,Denver Nuggets,12,6,6,0.5,591.0,204.0,176.0,139.0,616.0,250.0,142.0,148.0,532.0,9,12,20,1,9,12,6,18,7,28,16,18,15,08/09/2020
1610612765,Detroit Pistons,6,1,5,0.167,288.0,96.0,74.0,51.0,268.0,92.0,75.0,77.0,328.0,29,30,11,17,29,30,28,30,30,1,2,3,3,08/09/2020
1610612744,Golden State Warriors,7,3,4,0.429,336.0,111.0,74.0,77.0,334.0,128.0,91.0,122.0,334.0,24,23,3,17,27,28,28,26,27,7,4,10,4,08/09/2020
1610612745,Houston Rockets,11,6,5,0.545,538.0,224.0,126.0,144.0,468.0,192.0,156.0,143.0,564.0,18,12,11,1,18,6,17,17,22,17,21,15,19,08/09/2020
1610612754,Indiana Pacers,12,9,3,0.75,576.0,242.0,139.0,167.0,628.0,186.0,136.0,217.0,608.0,9,1,1,1,15,2,14,12,5,15,15,30,25,08/09/2020
1610612746,LA Clippers,12,8,4,0.667,576.0,233.0,176.0,145.0,512.0,181.0,155.0,109.0,518.0,9,2,3,1,15,3,6,15,17,12,20,7,12,08/09/2020
1610612747,Los Angeles Lakers,13,7,6,0.538,624.0,248.0,136.0,221.0,636.0,239.0,145.0,214.0,554.0,1,5,20,1,7,1,16,1,4,26,17,29,18,08/09/2020
1610612763,Memphis Grizzlies,13,5,8,0.385,629.0,231.0,196.0,203.0,676.0,210.0,154.0,150.0,522.0,1,18,28,17,2,5,1,2,2,23,19,19,13,08/09/2020
1610612748,Miami Heat,12,7,5,0.583,576.0,197.0,120.0,163.0,466.0,200.0,168.0,111.0,484.0,9,5,11,1,15,13,20,14,23,20,27,8,11,08/09/2020
1610612749,Milwaukee Bucks,12,5,7,0.417,581.0,187.0,141.0,197.0,580.0,259.0,122.0,185.0,456.0,9,18,24,17,12,17,13,5,10,29,10,26,9,08/09/2020
1610612750,Minnesota Timberwolves,7,2,5,0.286,336.0,125.0,72.0,89.0,376.0,127.0,94.0,106.0,406.0,24,27,11,17,27,25,30,25,24,6,5,6,8,08/09/2020
1610612740,New Orleans Pelicans,12,5,7,0.417,581.0,194.0,195.0,179.0,654.0,260.0,160.0,185.0,588.0,9,18,24,17,12,14,2,6,3,30,24,26,22,08/09/2020
1610612752,New York Knicks,8,4,4,0.5,389.0,109.0,137.0,59.0,496.0,142.0,110.0,74.0,356.0,23,22,3,1,23,29,15,29,18,8,8,2,6,08/09/2020
1610612760,Oklahoma City Thunder,11,7,4,0.636,533.0,188.0,105.0,119.0,470.0,181.0,146.0,120.0,526.0,18,5,3,1,19,16,22,20,20,12,18,9,14,08/09/2020
1610612753,Orlando Magic,13,6,7,0.462,629.0,217.0,182.0,171.0,612.0,201.0,129.0,151.0,668.0,1,12,24,17,2,8,5,10,8,21,11,20,30,08/09/2020
1610612755,Philadelphia 76ers,11,6,5,0.545,528.0,155.0,192.0,116.0,540.0,168.0,112.0,127.0,580.0,18,12,11,1,20,22,3,21,14,10,9,12,21,08/09/2020
1610612756,Phoenix Suns,11,7,4,0.636,528.0,187.0,122.0,175.0,490.0,175.0,130.0,141.0,566.0,18,5,3,1,20,17,18,8,19,11,12,14,20,08/09/2020
1610612757,Portland Trail Blazers,13,7,6,0.538,629.0,205.0,159.0,173.0,604.0,196.0,198.0,182.0,540.0,1,5,20,1,2,11,10,9,9,19,30,25,16,08/09/2020
1610612758,Sacramento Kings,13,5,8,0.385,629.0,212.0,159.0,171.0,680.0,226.0,135.0,160.0,592.0,1,18,28,17,2,9,10,10,1,25,14,21,24,08/09/2020
1610612759,San Antonio Spurs,12,7,5,0.583,581.0,223.0,116.0,145.0,542.0,191.0,182.0,145.0,608.0,9,5,11,1,12,7,21,15,13,16,29,16,25,08/09/2020
1610612761,Toronto Raptors,11,8,3,0.727,528.0,180.0,86.0,199.0,470.0,182.0,132.0,165.0,468.0,18,2,1,1,20,19,26,4,20,14,13,22,10,08/09/2020
1610612762,Utah Jazz,12,7,5,0.583,586.0,173.0,146.0,109.0,518.0,205.0,156.0,147.0,646.0,9,5,11,1,11,20,12,22,16,22,21,17,28,08/09/2020
1610612764,Washington Wizards,13,3,10,0.231,624.0,233.0,122.0,202.0,526.0,239.0,159.0,173.0,662.0,1,23,30,17,7,3,18,3,15,26,23,24,29,08/09/2020
1610612737,Atlanta Hawks,7,3,4,0.429,351.0,114.0,103.0,103.0,340.0,122.0,104.0,126.0,354.0,23,23,4,18,23,27,24,23,26,6,9,11,6,08/10/2020
1610612738,Boston Celtics,12,6,6,0.5,591.0,210.0,173.0,176.0,548.0,195.0,172.0,131.0,540.0,11,12,20,1,11,11,8,9,12,17,26,12,17,08/10/2020
1610612751,Brooklyn Nets,13,8,5,0.615,629.0,171.0,170.0,164.0,624.0,212.0,163.0,168.0,588.0,2,2,10,1,4,21,9,12,7,24,24,24,21,08/10/2020
1610612766,Charlotte Hornets,7,3,4,0.429,346.0,119.0,99.0,76.0,308.0,110.0,74.0,94.0,320.0,23,23,4,18,24,26,25,26,27,4,1,5,3,08/10/2020
1610612741,Chicago Bulls,6,2,4,0.333,288.0,135.0,88.0,62.0,304.0,105.0,87.0,62.0,326.0,28,27,4,18,28,23,26,27,28,3,4,1,4,08/10/2020
1610612739,Cleveland Cavaliers,7,2,5,0.286,341.0,128.0,82.0,99.0,374.0,120.0,99.0,93.0,374.0,23,27,10,18,25,24,27,24,25,5,7,4,7,08/10/2020
1610612742,Dallas Mavericks,14,7,7,0.5,692.0,210.0,198.0,141.0,636.0,159.0,178.0,208.0,658.0,1,7,23,1,1,11,1,19,4,9,27,28,27,08/10/2020
1610612743,Denver Nuggets,13,6,7,0.462,639.0,214.0,190.0,152.0,670.0,275.0,162.0,160.0,588.0,2,12,23,18,2,10,4,15,2,29,23,21,21,08/10/2020
1610612765,Detroit Pistons,6,1,5,0.167,288.0,96.0,74.0,51.0,268.0,92.0,75.0,77.0,328.0,28,30,10,18,28,30,28,30,30,1,2,3,5,08/10/2020
1610612744,Golden State Warriors,6,3,3,0.5,288.0,103.0,70.0,61.0,294.0,104.0,85.0,99.0,274.0,28,23,1,1,28,28,30,28,29,2,3,6,1,08/10/2020
1610612745,Houston Rockets,11,6,5,0.545,538.0,224.0,126.0,144.0,468.0,192.0,156.0,143.0,564.0,20,12,10,1,20,6,18,18,21,15,20,14,19,08/10/2020
1610612754,Indiana Pacers,12,8,4,0.667,576.0,234.0,136.0,156.0,618.0,194.0,147.0,218.0,616.0,11,2,4,1,16,2,16,14,8,16,16,30,26,08/10/2020
1610612746,LA Clippers,12,8,4,0.667,576.0,233.0,176.0,145.0,512.0,181.0,155.0,109.0,518.0,11,2,4,1,16,3,7,16,19,12,18,8,13,08/10/2020
1610612747,Los Angeles Lakers,13,7,6,0.538,624.0,249.0,150.0,210.0,632.0,241.0,155.0,211.0,568.0,2,7,20,1,8,1,12,2,5,27,18,29,20,08/10/2020
1610612763,Memphis Grizzlies,13,5,8,0.385,629.0,231.0,196.0,203.0,676.0,210.0,154.0,150.0,522.0,2,17,28,18,4,5,2,3,1,22,17,16,15,08/10/2020
1610612748,Miami Heat,13,8,5,0.615,624.0,216.0,148.0,179.0,522.0,211.0,181.0,119.0,524.0,2,2,10,1,8,9,13,7,17,23,28,9,16,08/10/2020
1610612749,Milwaukee Bucks,13,5,8,0.385,629.0,206.0,151.0,199.0,610.0,279.0,143.0,201.0,502.0,2,17,28,18,4,14,11,5,10,30,13,27,11,08/10/2020
1610612750,Minnesota Timberwolves,7,2,5,0.286,336.0,125.0,72.0,89.0,376.0,127.0,94.0,106.0,406.0,23,27,10,18,27,25,29,25,24,7,5,7,8,08/10/2020
1610612740,New Orleans Pelicans,12,5,7,0.417,581.0,194.0,195.0,179.0,654.0,260.0,160.0,185.0,588.0,11,17,23,18,12,18,3,7,3,28,22,26,21,08/10/2020
1610612752,New York Knicks,7,4,3,0.571,341.0,100.0,125.0,56.0,436.0,132.0,97.0,68.0,312.0,23,22,1,1,25,29,19,29,23,8,6,2,2,08/10/2020
1610612760,Oklahoma City Thunder,11,6,5,0.545,533.0,195.0,109.0,129.0,452.0,188.0,144.0,138.0,512.0,20,12,10,1,21,17,22,20,22,13,15,13,12,08/10/2020
1610612753,Orlando Magic,13,6,7,0.462,629.0,217.0,182.0,171.0,612.0,201.0,129.0,151.0,668.0,2,12,23,18,4,8,5,10,9,19,11,17,29,08/10/2020
1610612755,Philadelphia 76ers,10,5,5,0.5,480.0,145.0,179.0,110.0,496.0,159.0,100.0,124.0,520.0,22,17,10,1,22,22,6,22,20,9,8,10,14,08/10/2020
1610612756,Phoenix Suns,12,8,4,0.667,576.0,207.0,136.0,198.0,530.0,199.0,143.0,154.0,598.0,11,2,4,1,16,13,16,6,15,18,13,18,24,08/10/2020
1610612757,Portland Trail Blazers,12,7,5,0.583,581.0,194.0,142.0,158.0,556.0,177.0,182.0,163.0,490.0,11,7,10,1,12,18,15,13,11,11,29,22,9,08/10/2020
1610612758,Sacramento Kings,12,5,7,0.417,581.0,199.0,143.0,166.0,626.0,209.0,126.0,157.0,542.0,11,17,23,18,12,16,14,11,6,21,10,20,18,08/10/2020
1610612759,San Antonio Spurs,12,7,5,0.583,581.0,223.0,116.0,145.0,542.0,191.0,182.0,145.0,608.0,11,7,10,1,12,7,21,16,14,14,29,15,25,08/10/2020
1610612761,Toronto Raptors,12,9,3,0.75,576.0,200.0,107.0,215.0,516.0,201.0,142.0,167.0,498.0,11,1,1,1,16,15,23,1,18,19,12,23,10,08/10/2020
1610612762,Utah Jazz,13,7,6,0.538,634.0,185.0,161.0,117.0,546.0,225.0,171.0,156.0,704.0,2,7,20,1,3,20,10,21,13,25,25,19,30,08/10/2020
1610612764,Washington Wizards,13,3,10,0.231,624.0,233.0,122.0,202.0,526.0,239.0,159.0,173.0,662.0,2,23,30,18,8,3,20,4,16,26,21,25,28,08/10/2020
1610612737,Atlanta Hawks,6,2,4,0.333,303.0,92.0,84.0,87.0,292.0,113.0,95.0,108.0,310.0,24,25,5,18,24,29,26,23,28,7,7,9,5,08/11/2020
1610612738,Boston Celtics,13,7,6,0.538,639.0,215.0,187.0,185.0,584.0,212.0,187.0,142.0,588.0,2,7,18,1,2,8,5,7,12,22,28,14,22,08/11/2020
1610612751,Brooklyn Nets,13,9,4,0.692,629.0,175.0,166.0,161.0,624.0,208.0,159.0,164.0,576.0,2,1,5,1,3,20,8,12,6,21,21,22,19,08/11/2020
1610612766,Charlotte Hornets,6,2,4,0.333,298.0,113.0,88.0,59.0,266.0,87.0,63.0,65.0,282.0,24,25,5,18,25,24,24,28,29,2,1,3,3,08/11/2020
1610612741,Chicago Bulls,6,2,4,0.333,288.0,135.0,88.0,62.0,304.0,105.0,87.0,62.0,326.0,24,25,5,18,27,23,24,26,26,4,6,2,7,08/11/2020
1610612739,Cleveland Cavaliers,6,2,4,0.333,293.0,109.0,69.0,83.0,318.0,108.0,82.0,70.0,302.0,24,25,5,18,26,25,28,25,25,5,4,5,4,08/11/2020
1610612742,Dallas Mavericks,14,7,7,0.5,692.0,213.0,202.0,144.0,640.0,170.0,179.0,204.0,670.0,1,7,24,1,1,9,2,17,3,10,27,28,30,08/11/2020
1610612743,Denver Nuggets,12,6,6,0.5,591.0,198.0,173.0,143.0,620.0,251.0,140.0,144.0,540.0,11,12,18,1,11,15,7,18,7,28,16,16,16,08/11/2020
1610612765,Detroit Pistons,5,0,5,0.0,240.0,76.0,54.0,46.0,212.0,72.0,71.0,58.0,266.0,30,30,14,18,30,30,30,30,30,1,2,1,1,08/11/2020
1610612744,Golden State Warriors,6,3,3,0.5,288.0,103.0,70.0,61.0,294.0,104.0,85.0,99.0,274.0,24,23,2,1,27,27,27,27,27,3,5,7,2,08/11/2020
1610612745,Houston Rockets,12,6,6,0.5,586.0,248.0,137.0,156.0,510.0,224.0,166.0,157.0,612.0,11,12,18,1,12,3,16,15,17,25,25,20,24,08/11/2020
1610612754,Indiana Pacers,12,8,4,0.667,576.0,234.0,136.0,156.0,618.0,194.0,147.0,218.0,616.0,11,4,5,1,16,5,17,15,8,15,17,30,25,08/11/2020
1610612746,LA Clippers,11,7,4,0.636,528.0,209.0,154.0,129.0,464.0,165.0,138.0,100.0,468.0,19,7,5,1,19,11,10,19,21,9,15,8,11,08/11/2020
1610612747,Los Angeles Lakers,13,7,6,0.538,624.0,249.0,150.0,210.0,632.0,241.0,155.0,211.0,568.0,2,7,18,1,9,2,12,1,4,27,20,29,18,08/11/2020
1610612763,Memphis Grizzlies,13,5,8,0.385,629.0,237.0,203.0,187.0,666.0,200.0,159.0,144.0,510.0,2,16,26,18,3,4,1,5,1,18,21,16,14,08/11/2020
1610612748,Miami Heat,12,7,5,0.583,576.0,209.0,136.0,166.0,484.0,201.0,176.0,114.0,492.0,11,7,14,1,16,11,17,11,19,19,26,10,12,08/11/2020
1610612749,Milwaukee Bucks,13,5,8,0.385,629.0,196.0,150.0,203.0,606.0,272.0,149.0,187.0,496.0,2,16,26,18,3,17,12,2,9,30,18,26,13,08/11/2020
1610612750,Minnesota Timberwolves,6,2,4,0.333,288.0,108.0,66.0,87.0,326.0,109.0,74.0,95.0,340.0,24,25,5,18,27,26,29,23,24,6,3,6,8,08/11/2020
1610612740,New Orleans Pelicans,12,4,8,0.333,581.0,205.0,190.0,168.0,644.0,255.0,159.0,177.0,586.0,11,21,26,18,14,14,3,9,2,29,21,25,20,08/11/2020
1610612752,New York Knicks,7,4,3,0.571,341.0,100.0,125.0,56.0,436.0,132.0,97.0,68.0,312.0,23,21,2,1,23,28,20,29,22,8,8,4,6,08/11/2020
1610612760,Oklahoma City Thunder,10,6,4,0.6,485.0,170.0,101.0,111.0,408.0,170.0,133.0,123.0,460.0,22,12,5,1,22,21,22,22,23,10,13,11,10,08/11/2020
1610612753,Orlando Magic,13,5,8,0.385,629.0,217.0,177.0,172.0,582.0,197.0,128.0,164.0,662.0,2,16,26,18,3,7,6,8,13,17,10,22,28,08/11/2020
1610612755,Philadelphia 76ers,11,5,6,0.455,528.0,154.0,190.0,113.0,550.0,180.0,119.0,139.0,586.0,19,16,18,18,19,22,3,20,14,12,9,12,20,08/11/2020
1610612756,Phoenix Suns,12,9,3,0.75,576.0,208.0,151.0,194.0,534.0,188.0,134.0,152.0,596.0,11,1,2,1,16,13,11,3,15,13,14,19,23,08/11/2020
1610612757,Portland Trail Blazers,13,8,5,0.615,629.0,212.0,155.0,167.0,606.0,190.0,191.0,171.0,526.0,2,4,14,1,3,10,9,10,9,14,29,24,15,08/11/2020
1610612758,Sacramento Kings,12,5,7,0.417,581.0,198.0,146.0,159.0,632.0,221.0,130.0,142.0,546.0,11,16,24,18,14,15,14,13,4,24,11,14,17,08/11/2020
1610612759,San Antonio Spurs,13,8,5,0.615,629.0,255.0,126.0,159.0,590.0,215.0,193.0,157.0,650.0,2,4,14,1,3,1,19,13,11,23,30,20,26,08/11/2020
1610612761,Toronto Raptors,11,9,2,0.818,528.0,177.0,96.0,186.0,478.0,195.0,131.0,150.0,456.0,19,1,1,1,19,19,23,6,20,16,12,18,9,08/11/2020
1610612762,Utah Jazz,12,6,6,0.5,586.0,178.0,141.0,112.0,498.0,206.0,160.0,141.0,656.0,11,12,18,1,12,18,15,21,18,20,24,13,27,08/11/2020
1610612764,Washington Wizards,13,3,10,0.231,624.0,232.0,125.0,191.0,516.0,240.0,149.0,187.0,662.0,2,23,30,18,9,6,20,4,16,26,18,26,28,08/11/2020
1610612737,Atlanta Hawks,5,1,4,0.2,255.0,71.0,74.0,66.0,244.0,90.0,71.0,87.0,258.0,26,29,8,15,26,30,25,24,28,4,4,7,4,08/12/2020
1610612738,Boston Celtics,12,7,5,0.583,586.0,200.0,180.0,169.0,536.0,198.0,173.0,126.0,542.0,5,7,15,1,5,12,6,8,13,17,25,11,18,08/12/2020
1610612751,Brooklyn Nets,12,9,3,0.75,581.0,170.0,145.0,157.0,576.0,200.0,141.0,158.0,532.0,5,2,3,1,7,21,12,12,10,18,14,23,17,08/12/2020
1610612766,Charlotte Hornets,6,2,4,0.333,298.0,113.0,88.0,59.0,266.0,87.0,63.0,65.0,282.0,23,24,8,15,23,23,24,26,25,2,2,5,7,08/12/2020
1610612741,Chicago Bulls,5,2,3,0.4,240.0,106.0,69.0,51.0,264.0,98.0,55.0,62.0,250.0,26,24,3,15,28,25,26,29,26,6,1,4,3,08/12/2020
1610612739,Cleveland Cavaliers,5,2,3,0.4,245.0,95.0,67.0,61.0,254.0,90.0,72.0,60.0,244.0,26,24,3,15,27,26,27,25,27,4,6,3,2,08/12/2020
1610612742,Dallas Mavericks,14,7,7,0.5,692.0,213.0,202.0,144.0,640.0,170.0,179.0,204.0,670.0,1,7,21,1,1,9,1,18,3,10,27,29,30,08/12/2020
1610612743,Denver Nuggets,13,6,7,0.462,639.0,205.0,190.0,153.0,672.0,273.0,149.0,155.0,582.0,2,12,21,15,2,10,3,13,1,30,17,21,21,08/12/2020
1610612765,Detroit Pistons,5,0,5,0.0,240.0,76.0,54.0,46.0,212.0,72.0,71.0,58.0,266.0,26,30,15,15,28,29,29,30,30,1,4,2,5,08/12/2020
1610612744,Golden State Warriors,5,2,3,0.4,240.0,86.0,51.0,54.0,240.0,89.0,68.0,86.0,236.0,26,24,3,15,28,28,30,28,29,3,3,6,1,08/12/2020
1610612745,Houston Rockets,12,5,7,0.417,581.0,254.0,134.0,150.0,496.0,234.0,179.0,154.0,610.0,5,15,21,15,7,1,15,15,19,26,27,20,25,08/12/2020
1610612754,Indiana Pacers,12,8,4,0.667,576.0,241.0,146.0,159.0,606.0,200.0,156.0,206.0,584.0,5,4,8,1,15,2,10,10,6,18,22,30,22,08/12/2020
1610612746,LA Clippers,12,8,4,0.667,576.0,231.0,163.0,140.0,506.0,172.0,155.0,110.0,520.0,5,4,8,1,15,6,8,19,17,12,21,9,16,08/12/2020
1610612747,Los Angeles Lakers,12,7,5,0.583,576.0,233.0,140.0,197.0,594.0,219.0,137.0,199.0,516.0,5,7,15,1,15,4,14,3,8,24,13,28,15,08/12/2020
1610612763,Memphis Grizzlies,12,4,8,0.333,581.0,215.0,185.0,175.0,614.0,184.0,149.0,131.0,472.0,5,20,27,15,7,8,5,6,5,14,17,12,9,08/12/2020
1610612748,Miami Heat,12,6,6,0.5,576.0,219.0,126.0,171.0,482.0,209.0,175.0,118.0,480.0,5,12,19,1,15,7,18,7,21,23,26,10,11,08/12/2020
1610612749,Milwaukee Bucks,13,5,8,0.385,629.0,196.0,150.0,203.0,606.0,272.0,149.0,187.0,496.0,2,15,27,15,3,15,9,1,6,29,17,26,13,08/12/2020
1610612750,Minnesota Timberwolves,6,2,4,0.333,288.0,108.0,66.0,87.0,326.0,109.0,74.0,95.0,340.0,23,24,8,15,25,24,28,23,24,8,7,8,8,08/12/2020
1610612740,New Orleans Pelicans,12,4,8,0.333,581.0,205.0,190.0,168.0,644.0,255.0,159.0,177.0,586.0,5,20,27,15,7,10,3,9,2,28,23,25,23,08/12/2020
1610612752,New York Knicks,6,3,3,0.5,293.0,93.0,93.0,56.0,360.0,103.0,78.0,57.0,272.0,23,22,3,1,24,27,23,27,23,7,8,1,6,08/12/2020
1610612760,Oklahoma City Thunder,11,7,4,0.636,533.0,183.0,121.0,119.0,444.0,188.0,141.0,134.0,502.0,21,7,8,1,21,19,21,21,22,15,14,14,14,08/12/2020
1610612753,Orlando Magic,12,5,7,0.417,581.0,193.0,164.0,147.0,536.0,182.0,126.0,156.0,618.0,5,15,21,15,7,16,7,16,13,13,10,22,26,08/12/2020
1610612755,Philadelphia 76ers,12,5,7,0.417,576.0,160.0,193.0,125.0,584.0,201.0,141.0,152.0,628.0,5,15,21,15,15,22,2,20,9,20,14,19,27,08/12/2020
1610612756,Phoenix Suns,11,9,2,0.818,528.0,193.0,134.0,181.0,496.0,171.0,115.0,145.0,542.0,21,2,1,1,22,16,15,5,19,11,9,17,18,08/12/2020
1610612757,Portland Trail Blazers,12,8,4,0.667,581.0,189.0,131.0,146.0,554.0,169.0,181.0,150.0,478.0,5,4,8,1,7,18,17,17,11,9,30,18,10,08/12/2020
1610612758,Sacramento Kings,12,5,7,0.417,581.0,198.0,146.0,159.0,632.0,221.0,130.0,142.0,546.0,5,15,21,15,7,13,10,10,4,25,11,16,20,08/12/2020
1610612759,San Antonio Spurs,12,7,5,0.583,581.0,240.0,124.0,151.0,546.0,191.0,180.0,132.0,604.0,5,7,15,1,7,3,20,14,12,16,29,13,24,08/12/2020
1610612761,Toronto Raptors,12,10,2,0.833,576.0,198.0,118.0,199.0,520.0,201.0,134.0,162.0,490.0,5,1,1,1,15,13,22,2,15,20,12,24,12,08/12/2020
1610612762,Utah Jazz,12,6,6,0.5,586.0,178.0,141.0,112.0,498.0,206.0,160.0,141.0,656.0,5,12,19,1,5,20,13,22,18,22,24,15,28,08/12/2020
1610612764,Washington Wizards,13,3,10,0.231,624.0,232.0,125.0,191.0,516.0,240.0,149.0,187.0,662.0,2,22,30,15,4,5,19,4,16,27,17,26,29,08/12/2020
1610612737,Atlanta Hawks,5,1,4,0.2,255.0,71.0,74.0,66.0,244.0,90.0,71.0,87.0,258.0,24,29,9,15,24,28,24,24,27,5,6,8,6,08/13/2020
1610612738,Boston Celtics,13,7,6,0.538,634.0,215.0,191.0,181.0,584.0,223.0,187.0,148.0,574.0,2,6,16,1,2,9,3,5,13,23,28,17,20,08/13/2020
1610612751,Brooklyn Nets,13,9,4,0.692,629.0,182.0,162.0,170.0,634.0,214.0,170.0,166.0,590.0,2,3,9,1,4,20,8,8,5,21,24,24,23,08/13/2020
1610612766,Charlotte Hornets,5,2,3,0.4,250.0,93.0,71.0,55.0,222.0,80.0,51.0,50.0,232.0,24,24,4,15,25,26,25,27,28,3,1,2,3,08/13/2020
1610612741,Chicago Bulls,5,2,3,0.4,240.0,106.0,69.0,51.0,264.0,98.0,55.0,62.0,250.0,24,24,4,15,27,23,26,28,25,7,3,5,5,08/13/2020
1610612739,Cleveland Cavaliers,5,2,3,0.4,245.0,95.0,67.0,61.0,254.0,90.0,72.0,60.0,244.0,24,24,4,15,26,25,27,25,26,5,7,4,4,08/13/2020
1610612742,Dallas Mavericks,14,6,8,0.429,692.0,196.0,205.0,137.0,652.0,176.0,181.0,209.0,690.0,1,11,26,15,1,17,1,18,2,11,27,30,28,08/13/2020
1610612743,Denver Nuggets,12,5,7,0.417,591.0,184.0,176.0,146.0,618.0,255.0,141.0,137.0,520.0,11,15,22,15,11,18,5,17,6,28,16,15,16,08/13/2020
1610612765,Detroit Pistons,4,0,4,0.0,192.0,63.0,46.0,34.0,182.0,59.0,53.0,41.0,214.0,29,30,9,15,29,30,29,30,29,1,2,1,2,08/13/2020
1610612744,Golden State Warriors,4,2,2,0.5,192.0,71.0,36.0,43.0,182.0,61.0,62.0,62.0,202.0,29,24,2,1,29,28,30,29,29,2,5,5,1,08/13/2020
1610612745,Houston Rockets,12,5,7,0.417,581.0,254.0,134.0,150.0,496.0,234.0,179.0,154.0,610.0,11,15,22,15,12,1,17,16,18,25,26,20,25,08/13/2020
1610612754,Indiana Pacers,12,8,4,0.667,576.0,241.0,146.0,159.0,606.0,200.0,156.0,206.0,584.0,11,5,9,1,15,3,13,14,8,17,21,29,22,08/13/2020
1610612746,LA Clippers,11,7,4,0.636,528.0,213.0,152.0,122.0,446.0,154.0,137.0,103.0,478.0,19,6,9,1,20,10,11,19,21,9,13,9,10,08/13/2020
1610612747,Los Angeles Lakers,12,6,6,0.5,576.0,237.0,142.0,169.0,588.0,234.0,136.0,198.0,510.0,11,11,16,1,15,4,15,9,10,25,12,28,15,08/13/2020
1610612763,Memphis Grizzlies,13,5,8,0.385,629.0,233.0,191.0,188.0,668.0,198.0,156.0,135.0,502.0,2,15,26,15,4,5,3,4,1,16,21,13,12,08/13/2020
1610612748,Miami Heat,12,6,6,0.5,576.0,219.0,126.0,171.0,482.0,209.0,175.0,118.0,480.0,11,11,16,1,15,7,20,7,19,19,25,10,11,08/13/2020
1610612749,Milwaukee Bucks,13,4,9,0.308,629.0,203.0,145.0,192.0,586.0,270.0,138.0,196.0,506.0,2,20,29,15,4,14,14,2,11,30,14,27,14,08/13/2020
1610612750,Minnesota Timberwolves,5,2,3,0.4,240.0,100.0,54.0,70.0,286.0,88.0,60.0,83.0,296.0,24,24,4,15,27,24,28,23,24,4,4,7,8,08/13/2020
1610612740,New Orleans Pelicans,12,4,8,0.333,581.0,213.0,194.0,167.0,652.0,264.0,154.0,165.0,576.0,11,20,26,15,12,10,2,11,2,29,20,23,21,08/13/2020
1610612752,New York Knicks,6,3,3,0.5,293.0,93.0,93.0,56.0,360.0,103.0,78.0,57.0,272.0,23,22,4,1,23,26,23,26,23,8,8,3,7,08/13/2020
1610612760,Oklahoma City Thunder,11,7,4,0.636,533.0,183.0,121.0,119.0,444.0,188.0,141.0,134.0,502.0,19,6,9,1,19,19,21,21,22,15,16,11,12,08/13/2020
1610612753,Orlando Magic,13,6,7,0.462,629.0,216.0,173.0,168.0,586.0,202.0,143.0,177.0,690.0,2,11,22,15,4,8,7,10,11,18,18,25,28,08/13/2020
1610612755,Philadelphia 76ers,11,5,6,0.455,528.0,142.0,175.0,118.0,542.0,183.0,130.0,134.0,568.0,19,15,16,15,20,22,6,22,16,14,10,11,18,08/13/2020
1610612756,Phoenix Suns,12,10,2,0.833,576.0,207.0,148.0,203.0,556.0,175.0,132.0,150.0,598.0,11,1,2,1,15,13,12,1,15,10,11,18,24,08/13/2020
1610612757,Portland Trail Blazers,13,9,4,0.692,629.0,203.0,160.0,154.0,612.0,181.0,198.0,163.0,536.0,2,3,9,1,4,14,10,15,7,13,29,22,17,08/13/2020
1610612758,Sacramento Kings,12,5,7,0.417,581.0,212.0,140.0,163.0,638.0,226.0,138.0,135.0,570.0,11,15,22,15,12,12,16,12,4,24,14,13,19,08/13/2020
1610612759,San Antonio Spurs,13,7,6,0.538,629.0,254.0,133.0,160.0,590.0,211.0,201.0,141.0,666.0,2,6,16,1,4,1,18,13,9,20,30,16,27,08/13/2020
1610612761,Toronto Raptors,11,10,1,0.909,528.0,180.0,110.0,181.0,458.0,180.0,120.0,155.0,436.0,19,1,1,1,20,21,22,5,20,12,9,21,9,08/13/2020
1610612762,Utah Jazz,13,7,6,0.538,634.0,198.0,162.0,121.0,560.0,220.0,169.0,150.0,700.0,2,6,16,1,2,16,8,20,14,22,23,18,30,08/13/2020
1610612764,Washington Wizards,13,3,10,0.231,624.0,229.0,133.0,189.0,514.0,240.0,145.0,188.0,652.0,2,22,30,15,10,6,18,3,17,27,19,26,26,08/13/2020
1610612737,Atlanta Hawks,4,1,3,0.25,207.0,59.0,53.0,63.0,204.0,71.0,52.0,69.0,202.0,26,28,5,16,26,30,27,24,27,3,3,7,3,08/14/2020
1610612738,Boston Celtics,13,7,6,0.538,634.0,215.0,191.0,181.0,584.0,223.0,187.0,148.0,574.0,1,7,17,1,3,8,4,5,10,23,29,15,19,08/14/2020
1610612751,Brooklyn Nets,13,9,4,0.692,629.0,182.0,162.0,170.0,634.0,214.0,170.0,166.0,590.0,1,3,10,1,4,21,7,7,4,20,25,24,22,08/14/2020
1610612766,Charlotte Hornets,5,2,3,0.4,250.0,93.0,71.0,55.0,222.0,80.0,51.0,50.0,232.0,23,23,5,16,23,24,24,25,25,4,2,3,6,08/14/2020
1610612741,Chicago Bulls,4,1,3,0.25,192.0,88.0,47.0,42.0,204.0,85.0,44.0,56.0,200.0,26,28,5,16,28,25,28,29,27,7,1,5,2,08/14/2020
1610612739,Cleveland Cavaliers,4,2,2,0.5,197.0,74.0,54.0,43.0,210.0,82.0,61.0,53.0,196.0,26,23,2,1,27,27,25,27,26,5,6,4,1,08/14/2020
1610612742,Dallas Mavericks,13,6,7,0.462,644.0,183.0,194.0,131.0,602.0,158.0,159.0,200.0,630.0,1,10,22,16,1,20,1,19,7,9,23,30,27,08/14/2020
1610612743,Denver Nuggets,13,5,8,0.385,639.0,206.0,189.0,171.0,650.0,282.0,156.0,158.0,568.0,1,15,26,16,2,16,5,6,2,30,21,21,17,08/14/2020
1610612765,Detroit Pistons,4,0,4,0.0,192.0,63.0,46.0,34.0,182.0,59.0,53.0,41.0,214.0,26,30,10,16,28,29,29,30,29,1,4,1,5,08/14/2020
1610612744,Golden State Warriors,4,2,2,0.5,192.0,71.0,36.0,43.0,182.0,61.0,62.0,62.0,202.0,26,23,2,1,28,28,30,27,29,2,7,6,3,08/14/2020
1610612745,Houston Rockets,12,5,7,0.417,581.0,257.0,124.0,158.0,502.0,244.0,175.0,154.0,600.0,6,15,22,16,8,1,22,14,19,27,26,19,24,08/14/2020
1610612754,Indiana Pacers,12,8,4,0.667,576.0,237.0,156.0,164.0,610.0,205.0,163.0,192.0,578.0,6,4,10,1,17,4,9,12,6,18,24,28,21,08/14/2020
1610612746,LA Clippers,12,8,4,0.667,581.0,240.0,161.0,142.0,488.0,184.0,147.0,113.0,520.0,6,4,10,1,8,2,8,17,20,12,18,9,15,08/14/2020
1610612747,Los Angeles Lakers,12,6,6,0.5,576.0,237.0,142.0,169.0,588.0,234.0,136.0,198.0,510.0,6,10,17,1,17,4,14,9,9,25,15,29,13,08/14/2020
1610612763,Memphis Grizzlies,12,4,8,0.333,581.0,214.0,172.0,170.0,612.0,186.0,135.0,132.0,462.0,6,19,26,16,8,9,6,7,5,13,13,11,9,08/14/2020
1610612748,Miami Heat,12,5,7,0.417,576.0,227.0,134.0,167.0,488.0,219.0,175.0,124.0,480.0,6,15,22,16,17,7,16,10,20,22,26,10,12,08/14/2020
1610612749,Milwaukee Bucks,12,4,8,0.333,581.0,193.0,127.0,185.0,540.0,258.0,135.0,190.0,476.0,6,19,26,16,8,18,20,4,15,28,13,27,11,08/14/2020
1610612750,Minnesota Timberwolves,5,2,3,0.4,240.0,100.0,54.0,70.0,286.0,88.0,60.0,83.0,296.0,23,23,5,16,25,23,25,23,24,8,5,8,8,08/14/2020
1610612740,New Orleans Pelicans,12,4,8,0.333,581.0,213.0,194.0,167.0,652.0,264.0,154.0,165.0,576.0,6,19,26,16,8,10,1,10,1,29,20,23,20,08/14/2020
1610612752,New York Knicks,5,2,3,0.4,245.0,76.0,72.0,47.0,296.0,82.0,66.0,47.0,236.0,23,23,5,16,24,26,23,26,23,5,8,2,7,08/14/2020
1610612760,Oklahoma City Thunder,12,7,5,0.583,586.0,213.0,131.0,129.0,486.0,215.0,150.0,154.0,544.0,6,7,15,1,6,10,18,20,22,21,19,19,16,08/14/2020
1610612753,Orlando Magic,12,6,6,0.5,581.0,208.0,156.0,155.0,560.0,193.0,132.0,161.0,644.0,6,10,17,1,8,13,9,15,12,15,9,22,28,08/14/2020
1610612755,Philadelphia 76ers,12,6,6,0.5,576.0,169.0,192.0,127.0,596.0,207.0,132.0,152.0,610.0,6,10,17,1,17,22,3,21,8,19,9,18,25,08/14/2020
1610612756,Phoenix Suns,12,10,2,0.833,576.0,207.0,148.0,203.0,556.0,175.0,132.0,150.0,598.0,6,2,2,1,17,14,13,1,13,11,9,16,23,08/14/2020
1610612757,Portland Trail Blazers,12,8,4,0.667,581.0,194.0,149.0,138.0,566.0,173.0,181.0,150.0,510.0,6,4,10,1,8,17,12,18,11,10,28,16,13,08/14/2020
1610612758,Sacramento Kings,12,5,7,0.417,581.0,212.0,140.0,163.0,638.0,226.0,138.0,135.0,570.0,6,15,22,16,8,12,15,13,3,24,16,14,18,08/14/2020
1610612759,San Antonio Spurs,12,7,5,0.583,581.0,239.0,129.0,144.0,548.0,187.0,193.0,133.0,624.0,6,7,15,1,8,3,19,16,14,14,30,13,26,08/14/2020
1610612761,Toronto Raptors,12,11,1,0.917,576.0,207.0,125.0,202.0,506.0,202.0,133.0,180.0,468.0,6,1,1,1,17,14,21,2,18,17,12,25,10,08/14/2020
1610612762,Utah Jazz,12,6,6,0.5,586.0,190.0,151.0,114.0,512.0,199.0,156.0,132.0,656.0,6,10,17,1,6,19,11,22,17,16,21,11,30,08/14/2020
1610612764,Washington Wizards,13,3,10,0.231,624.0,229.0,133.0,189.0,514.0,240.0,145.0,188.0,652.0,1,22,30,16,5,6,17,3,16,26,17,26,29,08/14/2020
