TEAM_ID,TEAM_NAME,GP,W,L,W_PCT,MIN,PCT_FGA_2PT,PCT_FGA_3PT,PCT_PTS_2PT,PCT_PTS_2PT_MR,PCT_PTS_3PT,PCT_PTS_FB,PCT_PTS_FT,PCT_PTS_OFF_TOV,PCT_PTS_PAINT,PCT_AST_2PM,PCT_UAST_2PM,PCT_AST_3PM,PCT_UAST_3PM,PCT_AST_FGM,PCT_UAST_FGM,GP_RANK,W_RANK,L_RANK,W_PCT_RANK,MIN_RANK,PCT_FGA_2PT_RANK,PCT_FGA_3PT_RANK,PCT_PTS_2PT_RANK,PCT_PTS_2PT_MR_RANK,PCT_PTS_3PT_RANK,PCT_PTS_FB_RANK,PCT_PTS_FT_RANK,PCT_PTS_OFF_TOV_RANK,PCT_PTS_PAINT_RANK,PCT_AST_2PM_RANK,PCT_UAST_2PM_RANK,PCT_AST_3PM_RANK,PCT_UAST_3PM_RANK,PCT_AST_FGM_RANK,PCT_UAST_FGM_RANK,Date
1610612737,Atlanta Hawks,11,5,6,0.455,49.4,0.588,0.412,0.489,0.065,0.344,0.135,0.167,0.144,0.424,0.531,0.469,0.795,0.205,0.615,0.385,2,13,18,17,1,20,11,18,19,13,13,11,19,16,11,20,19,12,11,20,07/30/2020
1610612738,Boston Celtics,10,5,5,0.5,49.0,0.61,0.39,0.496,0.089,0.341,0.138,0.163,0.14,0.407,0.437,0.563,0.633,0.367,0.499,0.501,14,13,10,13,2,16,15,16,13,15,11,15,24,19,26,4,30,1,29,2,07/30/2020
1610612751,Brooklyn Nets,11,5,6,0.455,48.9,0.555,0.445,0.468,0.047,0.359,0.11,0.173,0.111,0.421,0.538,0.462,0.755,0.245,0.611,0.389,2,13,18,17,3,27,4,23,25,10,26,6,30,17,9,22,26,5,13,18,07/30/2020
1610612766,Charlotte Hornets,11,5,6,0.455,48.9,0.604,0.396,0.473,0.042,0.364,0.114,0.164,0.144,0.43,0.558,0.442,0.847,0.153,0.656,0.344,2,13,18,17,3,17,14,22,28,7,21,13,20,14,7,24,12,19,5,26,07/30/2020
1610612741,Chicago Bulls,10,3,7,0.3,48.0,0.617,0.383,0.547,0.088,0.335,0.114,0.119,0.204,0.459,0.458,0.542,0.828,0.172,0.565,0.435,14,27,24,27,15,12,19,7,14,17,20,30,1,8,25,6,14,17,25,6,07/30/2020
1610612739,Cleveland Cavaliers,11,5,6,0.455,48.9,0.638,0.362,0.541,0.067,0.311,0.117,0.149,0.15,0.473,0.562,0.438,0.857,0.143,0.644,0.356,2,13,18,17,3,8,23,9,18,22,18,23,14,6,5,26,10,21,6,25,07/30/2020
1610612742,Dallas Mavericks,12,7,5,0.583,48.4,0.52,0.48,0.455,0.063,0.407,0.11,0.137,0.134,0.392,0.502,0.498,0.778,0.222,0.605,0.395,1,2,10,10,14,29,2,25,21,2,25,28,27,23,17,14,25,6,15,16,07/30/2020
1610612743,Denver Nuggets,10,5,5,0.5,48.0,0.653,0.347,0.583,0.109,0.291,0.116,0.126,0.158,0.474,0.548,0.452,0.86,0.14,0.626,0.374,14,13,10,13,15,6,25,3,5,25,19,29,11,5,8,23,8,23,9,22,07/30/2020
1610612765,Detroit Pistons,9,1,8,0.111,48.0,0.56,0.44,0.468,0.052,0.387,0.096,0.145,0.147,0.416,0.56,0.44,0.782,0.218,0.639,0.361,27,30,29,30,15,26,5,24,23,4,28,24,16,18,6,25,23,8,7,24,07/30/2020
1610612744,Golden State Warriors,10,3,7,0.3,48.0,0.6,0.4,0.56,0.096,0.285,0.119,0.156,0.144,0.464,0.617,0.383,0.921,0.079,0.694,0.306,14,27,24,27,15,18,13,4,9,27,16,19,21,7,3,28,1,30,3,28,07/30/2020
1610612745,Houston Rockets,10,6,4,0.6,48.5,0.479,0.521,0.424,0.042,0.42,0.14,0.156,0.173,0.382,0.368,0.632,0.782,0.218,0.533,0.467,14,8,7,8,7,30,1,29,29,1,9,18,5,26,30,1,22,9,27,4,07/30/2020
1610612754,Indiana Pacers,10,7,3,0.7,48.0,0.705,0.295,0.606,0.121,0.249,0.144,0.145,0.171,0.485,0.502,0.498,0.899,0.101,0.587,0.413,14,2,3,3,15,2,29,2,4,29,7,25,7,2,18,13,4,27,20,11,07/30/2020
1610612746,LA Clippers,10,7,3,0.7,48.0,0.582,0.418,0.451,0.091,0.357,0.131,0.192,0.17,0.36,0.466,0.534,0.804,0.196,0.583,0.418,14,2,3,3,15,21,10,26,11,11,14,2,8,29,24,7,18,13,21,10,07/30/2020
1610612747,Los Angeles Lakers,11,9,2,0.818,48.0,0.615,0.385,0.544,0.093,0.289,0.184,0.167,0.176,0.451,0.483,0.517,0.805,0.195,0.568,0.432,2,1,1,1,15,13,18,8,10,26,2,10,4,9,21,10,17,14,24,7,07/30/2020
1610612763,Memphis Grizzlies,11,4,7,0.364,48.0,0.66,0.34,0.55,0.072,0.298,0.172,0.153,0.16,0.477,0.525,0.475,0.86,0.14,0.614,0.386,2,21,24,24,15,4,27,6,17,24,3,20,10,4,12,19,9,22,12,19,07/30/2020
1610612748,Miami Heat,11,6,5,0.545,48.5,0.562,0.438,0.434,0.065,0.393,0.11,0.172,0.141,0.369,0.637,0.363,0.891,0.109,0.733,0.267,2,8,10,11,10,24,7,28,20,3,24,8,23,28,1,30,5,26,1,30,07/30/2020
1610612749,Milwaukee Bucks,11,7,4,0.636,48.5,0.563,0.437,0.508,0.102,0.342,0.146,0.15,0.149,0.405,0.494,0.506,0.825,0.175,0.597,0.403,2,2,7,7,10,23,8,14,7,14,6,22,15,20,19,12,15,16,18,13,07/30/2020
1610612750,Minnesota Timberwolves,11,3,8,0.273,48.0,0.567,0.433,0.477,0.04,0.363,0.136,0.16,0.162,0.437,0.503,0.497,0.724,0.276,0.578,0.422,2,27,29,29,15,22,9,20,30,8,12,16,9,11,15,16,29,2,22,9,07/30/2020
1610612740,New Orleans Pelicans,10,5,5,0.5,48.5,0.631,0.369,0.539,0.06,0.322,0.169,0.139,0.142,0.479,0.611,0.389,0.881,0.119,0.688,0.312,14,13,10,13,7,9,22,11,22,19,4,27,22,3,4,27,6,25,4,27,07/30/2020
1610612752,New York Knicks,11,4,7,0.364,48.5,0.734,0.266,0.613,0.087,0.221,0.072,0.166,0.116,0.526,0.503,0.497,0.856,0.144,0.571,0.429,2,21,24,24,10,1,30,1,15,30,30,12,29,1,16,15,11,20,23,8,07/30/2020
1610612760,Oklahoma City Thunder,9,7,2,0.778,48.0,0.673,0.327,0.555,0.131,0.266,0.083,0.179,0.172,0.424,0.437,0.563,0.753,0.247,0.514,0.486,27,2,1,2,15,3,28,5,3,28,29,4,6,15,26,4,27,4,28,3,07/30/2020
1610612753,Orlando Magic,10,6,4,0.6,48.0,0.629,0.371,0.539,0.107,0.311,0.113,0.15,0.157,0.432,0.536,0.464,0.879,0.121,0.631,0.369,14,8,7,8,15,10,21,10,6,23,22,21,12,12,10,21,7,24,8,23,07/30/2020
1610612755,Philadelphia 76ers,10,5,5,0.5,48.5,0.614,0.386,0.483,0.091,0.361,0.111,0.157,0.147,0.392,0.48,0.52,0.841,0.159,0.6,0.4,14,13,10,13,7,14,17,19,12,9,23,17,17,24,22,9,13,18,16,15,07/30/2020
1610612756,Phoenix Suns,10,4,6,0.4,48.0,0.62,0.38,0.498,0.097,0.323,0.139,0.178,0.178,0.401,0.624,0.376,0.91,0.09,0.71,0.29,14,21,18,22,15,11,20,15,8,18,10,5,3,21,2,29,2,29,2,29,07/30/2020
1610612757,Portland Trail Blazers,10,4,6,0.4,48.0,0.641,0.359,0.538,0.139,0.319,0.151,0.144,0.139,0.399,0.392,0.608,0.738,0.262,0.49,0.51,14,21,18,22,15,7,24,12,2,21,5,26,25,22,29,2,28,3,30,1,07/30/2020
1610612758,Sacramento Kings,10,7,3,0.7,48.0,0.611,0.389,0.495,0.047,0.337,0.129,0.168,0.145,0.448,0.493,0.507,0.806,0.194,0.591,0.409,14,2,3,3,15,15,16,17,26,16,15,9,18,10,20,11,16,15,19,12,07/30/2020
1610612759,San Antonio Spurs,9,4,5,0.444,48.6,0.655,0.345,0.518,0.146,0.319,0.117,0.163,0.154,0.372,0.471,0.529,0.907,0.093,0.598,0.402,27,21,10,21,6,5,26,13,1,20,17,14,13,27,23,8,3,28,17,14,07/30/2020
1610612761,Toronto Raptors,9,6,3,0.667,48.0,0.523,0.477,0.436,0.049,0.377,0.208,0.187,0.138,0.387,0.514,0.486,0.781,0.219,0.611,0.389,27,8,3,6,15,28,3,27,24,6,1,3,26,25,13,18,24,7,14,17,07/30/2020
1610612762,Utah Jazz,11,6,5,0.545,48.0,0.56,0.44,0.475,0.045,0.352,0.097,0.173,0.124,0.431,0.434,0.566,0.787,0.213,0.55,0.45,2,8,10,11,15,25,6,21,27,12,27,7,28,13,28,3,21,10,26,5,07/30/2020
1610612764,Washington Wizards,11,4,7,0.364,48.5,0.591,0.409,0.423,0.08,0.378,0.14,0.199,0.188,0.343,0.513,0.487,0.794,0.206,0.618,0.382,2,21,24,24,10,19,12,30,16,5,8,1,2,30,14,17,20,11,10,21,07/30/2020
1610612737,Atlanta Hawks,11,5,6,0.455,49.4,0.588,0.412,0.489,0.065,0.344,0.135,0.167,0.144,0.424,0.531,0.469,0.795,0.205,0.615,0.385,6,13,16,17,1,20,11,18,20,13,14,11,19,16,11,20,20,11,11,20,07/31/2020
1610612738,Boston Celtics,11,5,6,0.455,48.9,0.608,0.392,0.493,0.092,0.337,0.14,0.17,0.141,0.401,0.43,0.57,0.647,0.353,0.498,0.502,6,13,16,17,2,16,15,17,11,15,10,9,24,20,28,3,30,1,29,2,07/31/2020
1610612751,Brooklyn Nets,12,5,7,0.417,48.8,0.553,0.447,0.473,0.052,0.356,0.106,0.171,0.108,0.421,0.539,0.461,0.775,0.225,0.618,0.382,2,13,23,23,6,27,4,22,24,11,25,8,30,17,10,21,26,5,10,21,07/31/2020
1610612766,Charlotte Hornets,11,5,6,0.455,48.9,0.604,0.396,0.473,0.042,0.364,0.114,0.164,0.144,0.43,0.558,0.442,0.847,0.153,0.656,0.344,6,13,16,17,2,18,13,23,28,7,21,16,20,13,7,24,12,19,5,26,07/31/2020
1610612741,Chicago Bulls,10,3,7,0.3,48.0,0.617,0.383,0.547,0.088,0.335,0.114,0.119,0.204,0.459,0.458,0.542,0.828,0.172,0.565,0.435,20,27,23,27,17,12,19,6,15,16,20,30,1,8,25,6,14,17,25,6,07/31/2020
1610612739,Cleveland Cavaliers,11,5,6,0.455,48.9,0.638,0.362,0.541,0.067,0.311,0.117,0.149,0.15,0.473,0.562,0.438,0.857,0.143,0.644,0.356,6,13,16,17,2,8,23,8,18,22,17,24,15,5,5,26,10,21,6,25,07/31/2020
1610612742,Dallas Mavericks,13,7,6,0.538,48.8,0.521,0.479,0.449,0.066,0.409,0.104,0.142,0.128,0.383,0.494,0.506,0.786,0.214,0.604,0.396,1,3,16,12,7,29,2,26,19,2,26,27,27,26,18,13,22,9,15,16,07/31/2020
1610612743,Denver Nuggets,10,5,5,0.5,48.0,0.653,0.347,0.583,0.109,0.291,0.116,0.126,0.158,0.474,0.548,0.452,0.86,0.14,0.626,0.374,20,13,10,13,17,5,26,3,6,25,18,29,12,4,8,23,9,22,9,22,07/31/2020
1610612765,Detroit Pistons,9,1,8,0.111,48.0,0.56,0.44,0.468,0.052,0.387,0.096,0.145,0.147,0.416,0.56,0.44,0.782,0.218,0.639,0.361,28,30,27,30,17,25,6,24,23,4,28,25,16,18,6,25,24,7,7,24,07/31/2020
1610612744,Golden State Warriors,10,3,7,0.3,48.0,0.6,0.4,0.56,0.096,0.285,0.119,0.156,0.144,0.464,0.617,0.383,0.921,0.079,0.694,0.306,20,27,23,27,17,19,12,4,9,27,16,21,21,7,3,28,1,30,3,28,07/31/2020
1610612745,Houston Rockets,11,7,4,0.636,48.9,0.484,0.516,0.425,0.039,0.414,0.139,0.161,0.168,0.386,0.364,0.636,0.783,0.217,0.529,0.471,6,3,6,7,2,30,1,30,30,1,11,17,8,25,30,1,23,8,27,4,07/31/2020
1610612754,Indiana Pacers,10,7,3,0.7,48.0,0.705,0.295,0.606,0.121,0.249,0.144,0.145,0.171,0.485,0.502,0.498,0.899,0.101,0.587,0.413,20,3,3,3,17,2,29,2,4,29,7,26,6,2,16,15,4,27,19,12,07/31/2020
1610612746,LA Clippers,10,7,3,0.7,48.0,0.582,0.418,0.451,0.091,0.357,0.131,0.192,0.17,0.36,0.466,0.534,0.804,0.196,0.583,0.418,20,3,3,3,17,21,10,25,12,10,15,2,7,29,24,7,18,13,20,11,07/31/2020
1610612747,Los Angeles Lakers,11,9,2,0.818,48.0,0.615,0.385,0.544,0.093,0.289,0.184,0.167,0.176,0.451,0.483,0.517,0.805,0.195,0.568,0.432,6,1,1,1,17,13,18,7,10,26,2,10,4,10,20,11,17,14,24,7,07/31/2020
1610612763,Memphis Grizzlies,12,4,8,0.333,48.4,0.651,0.349,0.538,0.071,0.297,0.168,0.165,0.163,0.467,0.519,0.481,0.866,0.134,0.612,0.388,2,24,27,25,14,6,25,11,17,24,4,13,9,6,12,19,8,23,12,19,07/31/2020
1610612748,Miami Heat,11,6,5,0.545,48.5,0.562,0.438,0.434,0.065,0.393,0.11,0.172,0.141,0.369,0.637,0.363,0.891,0.109,0.733,0.267,6,10,10,10,11,23,8,29,21,3,23,7,23,28,1,30,5,26,1,30,07/31/2020
1610612749,Milwaukee Bucks,12,8,4,0.667,48.4,0.559,0.441,0.501,0.096,0.341,0.145,0.157,0.152,0.405,0.5,0.5,0.821,0.179,0.6,0.4,2,2,6,5,14,26,5,15,8,14,5,19,13,19,17,14,15,16,17,13,07/31/2020
1610612750,Minnesota Timberwolves,11,3,8,0.273,48.0,0.567,0.433,0.477,0.04,0.363,0.136,0.16,0.162,0.437,0.503,0.497,0.724,0.276,0.578,0.422,6,27,27,29,17,22,9,20,29,8,13,18,10,11,14,17,29,2,22,9,07/31/2020
1610612740,New Orleans Pelicans,10,5,5,0.5,48.5,0.631,0.369,0.539,0.06,0.322,0.169,0.139,0.142,0.479,0.611,0.389,0.881,0.119,0.688,0.312,20,13,10,13,8,9,22,10,22,18,3,28,22,3,4,27,7,24,4,27,07/31/2020
1610612752,New York Knicks,11,4,7,0.364,48.5,0.734,0.266,0.613,0.087,0.221,0.072,0.166,0.116,0.526,0.503,0.497,0.856,0.144,0.571,0.429,6,24,23,24,11,1,30,1,16,30,30,12,29,1,15,16,11,20,23,8,07/31/2020
1610612760,Oklahoma City Thunder,9,7,2,0.778,48.0,0.673,0.327,0.555,0.131,0.266,0.083,0.179,0.172,0.424,0.437,0.563,0.753,0.247,0.514,0.486,28,3,1,2,17,3,28,5,3,28,29,5,5,14,26,5,27,4,28,3,07/31/2020
1610612753,Orlando Magic,11,7,4,0.636,48.0,0.63,0.37,0.54,0.116,0.305,0.107,0.155,0.152,0.424,0.542,0.458,0.881,0.119,0.635,0.365,6,3,6,7,17,10,21,9,5,23,24,22,14,15,9,22,6,25,8,23,07/31/2020
1610612755,Philadelphia 76ers,10,5,5,0.5,48.5,0.614,0.386,0.483,0.091,0.361,0.111,0.157,0.147,0.392,0.48,0.52,0.841,0.159,0.6,0.4,20,13,10,13,8,14,17,19,13,9,22,20,17,23,22,9,13,18,17,13,07/31/2020
1610612756,Phoenix Suns,11,5,6,0.455,48.0,0.618,0.382,0.498,0.097,0.317,0.14,0.185,0.181,0.401,0.623,0.377,0.91,0.09,0.709,0.291,6,13,16,17,17,11,20,16,7,19,9,4,3,21,2,29,3,28,2,29,07/31/2020
1610612757,Portland Trail Blazers,11,5,6,0.455,48.5,0.644,0.356,0.535,0.138,0.314,0.141,0.151,0.133,0.397,0.4,0.6,0.741,0.259,0.496,0.504,6,13,16,17,11,7,24,12,2,20,8,23,26,22,29,2,28,3,30,1,07/31/2020
1610612758,Sacramento Kings,11,7,4,0.636,48.0,0.61,0.39,0.502,0.049,0.334,0.137,0.165,0.144,0.453,0.475,0.525,0.816,0.184,0.58,0.42,6,3,6,7,17,15,16,14,26,17,12,14,18,9,23,8,16,15,21,10,07/31/2020
1610612759,San Antonio Spurs,10,5,5,0.5,48.5,0.662,0.338,0.524,0.148,0.312,0.115,0.164,0.158,0.376,0.483,0.517,0.916,0.084,0.606,0.394,20,13,10,13,8,4,27,13,1,21,19,15,11,27,21,10,2,29,14,17,07/31/2020
1610612761,Toronto Raptors,9,6,3,0.667,48.0,0.523,0.477,0.436,0.049,0.377,0.208,0.187,0.138,0.387,0.514,0.486,0.781,0.219,0.611,0.389,28,10,3,5,17,28,3,28,25,5,1,3,25,24,13,18,25,6,13,18,07/31/2020
1610612762,Utah Jazz,11,6,5,0.545,48.0,0.56,0.44,0.475,0.045,0.352,0.097,0.173,0.124,0.431,0.434,0.566,0.787,0.213,0.55,0.45,6,10,10,10,17,24,7,21,27,12,27,6,28,12,27,4,21,10,26,5,07/31/2020
1610612764,Washington Wizards,12,4,8,0.333,48.4,0.606,0.394,0.438,0.088,0.364,0.145,0.197,0.188,0.35,0.492,0.508,0.798,0.202,0.601,0.399,2,24,27,25,14,17,14,27,14,6,6,1,2,30,19,12,19,12,16,15,07/31/2020
1610612737,Atlanta Hawks,11,5,6,0.455,49.4,0.588,0.412,0.489,0.065,0.344,0.135,0.167,0.144,0.424,0.531,0.469,0.795,0.205,0.615,0.385,9,13,12,14,1,20,11,19,20,13,14,11,22,16,11,20,19,12,12,19,08/01/2020
1610612738,Boston Celtics,11,5,6,0.455,48.9,0.608,0.392,0.493,0.092,0.337,0.14,0.17,0.141,0.401,0.43,0.57,0.647,0.353,0.498,0.502,9,13,12,14,2,15,16,18,10,15,9,10,25,21,28,3,30,1,29,2,08/01/2020
1610612751,Brooklyn Nets,12,5,7,0.417,48.8,0.553,0.447,0.473,0.052,0.356,0.106,0.171,0.108,0.421,0.539,0.461,0.775,0.225,0.618,0.382,2,13,23,23,6,27,4,22,24,10,25,9,30,17,10,21,26,5,11,20,08/01/2020
1610612766,Charlotte Hornets,11,5,6,0.455,48.9,0.604,0.396,0.473,0.042,0.364,0.114,0.164,0.144,0.43,0.558,0.442,0.847,0.153,0.656,0.344,9,13,12,14,2,18,13,23,28,8,21,16,23,13,8,23,12,19,5,26,08/01/2020
1610612741,Chicago Bulls,10,3,7,0.3,48.0,0.617,0.383,0.547,0.088,0.335,0.114,0.119,0.204,0.459,0.458,0.542,0.828,0.172,0.565,0.435,25,27,23,27,17,13,18,6,13,16,20,30,1,8,25,6,14,17,25,6,08/01/2020
1610612739,Cleveland Cavaliers,11,5,6,0.455,48.9,0.638,0.362,0.541,0.067,0.311,0.117,0.149,0.15,0.473,0.562,0.438,0.857,0.143,0.644,0.356,9,13,12,14,2,8,23,8,18,22,17,24,16,4,5,26,10,21,6,25,08/01/2020
1610612742,Dallas Mavericks,13,7,6,0.538,48.8,0.521,0.479,0.449,0.066,0.409,0.104,0.142,0.128,0.383,0.494,0.506,0.786,0.214,0.604,0.396,1,6,12,11,7,29,2,25,19,2,26,27,28,26,18,13,20,11,15,16,08/01/2020
1610612743,Denver Nuggets,11,5,6,0.455,48.0,0.648,0.352,0.583,0.109,0.286,0.114,0.131,0.158,0.474,0.56,0.44,0.861,0.139,0.634,0.366,9,13,12,14,17,6,25,3,6,26,19,29,11,3,7,24,9,22,9,22,08/01/2020
1610612765,Detroit Pistons,9,1,8,0.111,48.0,0.56,0.44,0.468,0.052,0.387,0.096,0.145,0.147,0.416,0.56,0.44,0.782,0.218,0.639,0.361,30,30,27,30,17,25,6,24,23,3,28,25,17,18,6,25,24,7,7,24,08/01/2020
1610612744,Golden State Warriors,10,3,7,0.3,48.0,0.6,0.4,0.56,0.096,0.285,0.119,0.156,0.144,0.464,0.617,0.383,0.921,0.079,0.694,0.306,25,27,23,27,17,19,12,4,9,27,16,21,24,7,3,28,1,30,3,28,08/01/2020
1610612745,Houston Rockets,11,7,4,0.636,48.9,0.484,0.516,0.425,0.039,0.414,0.139,0.161,0.168,0.386,0.364,0.636,0.783,0.217,0.529,0.471,9,6,6,7,2,30,1,30,30,1,11,17,7,24,30,1,22,9,27,4,08/01/2020
1610612754,Indiana Pacers,11,8,3,0.727,48.0,0.699,0.301,0.599,0.128,0.258,0.139,0.143,0.174,0.47,0.51,0.49,0.883,0.117,0.593,0.407,9,2,2,3,17,2,29,2,4,29,10,26,5,5,14,17,6,25,18,13,08/01/2020
1610612746,LA Clippers,11,8,3,0.727,48.0,0.571,0.429,0.426,0.085,0.38,0.121,0.194,0.179,0.34,0.471,0.529,0.779,0.221,0.586,0.414,9,2,2,3,17,21,10,29,16,5,15,2,4,30,23,8,25,6,19,12,08/01/2020
1610612747,Los Angeles Lakers,12,9,3,0.75,48.0,0.607,0.393,0.535,0.09,0.292,0.181,0.174,0.171,0.445,0.483,0.517,0.805,0.195,0.569,0.431,2,1,2,2,17,16,15,12,11,25,2,8,6,10,21,10,17,14,24,7,08/01/2020
1610612763,Memphis Grizzlies,12,4,8,0.333,48.4,0.651,0.349,0.538,0.071,0.297,0.168,0.165,0.163,0.467,0.519,0.481,0.866,0.134,0.612,0.388,2,24,27,25,13,5,26,10,17,24,3,13,9,6,13,18,8,23,13,18,08/01/2020
1610612748,Miami Heat,12,7,5,0.583,48.4,0.564,0.436,0.434,0.062,0.386,0.108,0.18,0.154,0.372,0.633,0.367,0.899,0.101,0.732,0.268,2,6,10,10,13,24,7,27,22,4,23,5,13,28,1,30,4,27,1,30,08/01/2020
1610612749,Milwaukee Bucks,12,8,4,0.667,48.4,0.559,0.441,0.501,0.096,0.341,0.145,0.157,0.152,0.405,0.5,0.5,0.821,0.179,0.6,0.4,2,2,6,6,13,26,5,15,8,14,5,20,14,20,17,14,15,16,17,14,08/01/2020
1610612750,Minnesota Timberwolves,11,3,8,0.273,48.0,0.567,0.433,0.477,0.04,0.363,0.136,0.16,0.162,0.437,0.503,0.497,0.724,0.276,0.578,0.422,9,27,27,29,17,22,9,21,29,9,13,18,10,11,15,16,29,2,22,9,08/01/2020
1610612740,New Orleans Pelicans,11,5,6,0.455,48.5,0.632,0.368,0.541,0.064,0.317,0.158,0.142,0.147,0.476,0.603,0.397,0.889,0.111,0.683,0.317,9,13,12,14,9,9,22,7,21,19,4,28,19,2,4,27,5,26,4,27,08/01/2020
1610612752,New York Knicks,11,4,7,0.364,48.5,0.734,0.266,0.613,0.087,0.221,0.072,0.166,0.116,0.526,0.503,0.497,0.856,0.144,0.571,0.429,9,24,23,24,9,1,30,1,14,30,30,12,29,1,16,15,11,20,23,8,08/01/2020
1610612760,Oklahoma City Thunder,10,8,2,0.8,48.0,0.672,0.328,0.556,0.129,0.266,0.086,0.178,0.166,0.427,0.432,0.568,0.747,0.253,0.509,0.491,25,2,1,1,17,3,28,5,3,28,29,6,8,14,27,4,27,4,28,3,08/01/2020
1610612753,Orlando Magic,11,7,4,0.636,48.0,0.63,0.37,0.54,0.116,0.305,0.107,0.155,0.152,0.424,0.542,0.458,0.881,0.119,0.635,0.365,9,6,6,7,17,10,21,9,5,23,24,22,15,15,9,22,7,24,8,23,08/01/2020
1610612755,Philadelphia 76ers,11,5,6,0.455,48.5,0.625,0.375,0.495,0.087,0.348,0.113,0.158,0.147,0.408,0.462,0.538,0.844,0.156,0.584,0.416,9,13,12,14,9,11,20,17,15,11,22,19,18,19,24,7,13,18,20,11,08/01/2020
1610612756,Phoenix Suns,11,5,6,0.455,48.0,0.618,0.382,0.498,0.097,0.317,0.14,0.185,0.181,0.401,0.623,0.377,0.91,0.09,0.709,0.291,9,13,12,14,17,12,19,16,7,18,8,4,3,22,2,29,3,28,2,29,08/01/2020
1610612757,Portland Trail Blazers,11,5,6,0.455,48.5,0.644,0.356,0.535,0.138,0.314,0.141,0.151,0.133,0.397,0.4,0.6,0.741,0.259,0.496,0.504,9,13,12,14,9,7,24,11,2,20,7,23,27,23,29,2,28,3,30,1,08/01/2020
1610612758,Sacramento Kings,11,7,4,0.636,48.0,0.61,0.39,0.502,0.049,0.334,0.137,0.165,0.144,0.453,0.475,0.525,0.816,0.184,0.58,0.42,9,6,6,7,17,14,17,14,25,17,12,14,21,9,22,9,16,15,21,10,08/01/2020
1610612759,San Antonio Spurs,10,5,5,0.5,48.5,0.662,0.338,0.524,0.148,0.312,0.115,0.164,0.158,0.376,0.483,0.517,0.916,0.084,0.606,0.394,25,13,10,12,8,4,27,13,1,21,18,15,12,27,20,11,2,29,14,17,08/01/2020
1610612761,Toronto Raptors,10,7,3,0.7,48.0,0.53,0.47,0.432,0.046,0.378,0.202,0.19,0.145,0.385,0.523,0.477,0.782,0.218,0.618,0.382,25,6,2,5,17,28,3,28,27,6,1,3,20,25,12,19,23,8,10,21,08/01/2020
1610612762,Utah Jazz,12,6,6,0.5,48.0,0.567,0.433,0.481,0.046,0.345,0.1,0.174,0.134,0.435,0.433,0.567,0.785,0.215,0.547,0.453,2,12,12,12,17,23,8,20,26,12,27,7,26,12,26,5,21,10,26,5,08/01/2020
1610612764,Washington Wizards,12,4,8,0.333,48.4,0.606,0.394,0.438,0.088,0.364,0.145,0.197,0.188,0.35,0.492,0.508,0.798,0.202,0.601,0.399,2,24,27,25,13,17,14,26,12,7,6,1,2,29,19,12,18,13,16,15,08/01/2020
1610612737,Atlanta Hawks,11,5,6,0.455,49.4,0.588,0.412,0.489,0.065,0.344,0.135,0.167,0.144,0.424,0.531,0.469,0.795,0.205,0.615,0.385,15,17,12,17,1,20,11,18,20,14,12,12,22,15,11,20,19,12,12,19,08/02/2020
1610612738,Boston Celtics,12,6,6,0.5,48.8,0.608,0.392,0.482,0.091,0.345,0.139,0.173,0.136,0.391,0.435,0.565,0.65,0.35,0.504,0.496,6,12,12,12,4,16,15,19,11,12,8,10,26,22,26,5,30,1,30,1,08/02/2020
1610612751,Brooklyn Nets,13,6,7,0.462,48.8,0.559,0.441,0.472,0.049,0.35,0.106,0.178,0.111,0.423,0.535,0.465,0.784,0.216,0.617,0.383,2,12,21,16,6,27,4,23,25,10,23,6,30,16,10,21,23,8,11,20,08/02/2020
1610612766,Charlotte Hornets,11,5,6,0.455,48.9,0.604,0.396,0.473,0.042,0.364,0.114,0.164,0.144,0.43,0.558,0.442,0.847,0.153,0.656,0.344,15,17,12,17,2,18,13,22,29,7,20,16,23,13,8,23,12,19,5,26,08/02/2020
1610612741,Chicago Bulls,10,3,7,0.3,48.0,0.617,0.383,0.547,0.088,0.335,0.114,0.119,0.204,0.459,0.458,0.542,0.828,0.172,0.565,0.435,26,27,21,27,17,14,17,6,13,15,19,30,1,8,25,6,14,17,25,6,08/02/2020
1610612739,Cleveland Cavaliers,11,5,6,0.455,48.9,0.638,0.362,0.541,0.067,0.311,0.117,0.149,0.15,0.473,0.562,0.438,0.857,0.143,0.644,0.356,15,17,12,17,2,7,24,9,19,23,17,24,17,5,5,26,10,21,6,25,08/02/2020
1610612742,Dallas Mavericks,14,7,7,0.5,48.7,0.532,0.468,0.457,0.069,0.391,0.104,0.152,0.126,0.388,0.497,0.503,0.787,0.213,0.603,0.397,1,8,21,12,7,28,3,25,18,2,26,23,28,24,18,13,21,10,16,15,08/02/2020
1610612743,Denver Nuggets,11,5,6,0.455,48.0,0.648,0.352,0.583,0.109,0.286,0.114,0.131,0.158,0.474,0.56,0.44,0.861,0.139,0.634,0.366,15,17,12,17,17,6,25,3,6,26,18,29,11,4,7,24,9,22,9,22,08/02/2020
1610612765,Detroit Pistons,9,1,8,0.111,48.0,0.56,0.44,0.468,0.052,0.387,0.096,0.145,0.147,0.416,0.56,0.44,0.782,0.218,0.639,0.361,30,30,27,30,17,26,5,24,24,3,28,26,18,17,6,25,25,6,8,23,08/02/2020
1610612744,Golden State Warriors,10,3,7,0.3,48.0,0.6,0.4,0.56,0.096,0.285,0.119,0.156,0.144,0.464,0.617,0.383,0.921,0.079,0.694,0.306,26,27,21,27,17,19,12,4,9,27,16,22,24,7,2,29,1,30,2,29,08/02/2020
1610612745,Houston Rockets,12,8,4,0.667,48.8,0.471,0.529,0.41,0.044,0.424,0.138,0.166,0.175,0.366,0.359,0.641,0.79,0.21,0.535,0.465,6,2,6,6,4,30,1,30,28,1,9,14,4,27,30,1,20,11,27,4,08/02/2020
1610612754,Indiana Pacers,11,8,3,0.727,48.0,0.699,0.301,0.599,0.128,0.258,0.139,0.143,0.174,0.47,0.51,0.49,0.883,0.117,0.593,0.407,15,2,2,3,17,2,29,2,4,29,7,27,5,6,14,17,7,24,17,14,08/02/2020
1610612746,LA Clippers,11,8,3,0.727,48.0,0.571,0.429,0.426,0.085,0.38,0.121,0.194,0.179,0.34,0.471,0.529,0.779,0.221,0.586,0.414,15,2,2,3,17,21,10,29,16,5,15,2,3,30,23,8,26,5,20,11,08/02/2020
1610612747,Los Angeles Lakers,12,9,3,0.75,48.0,0.607,0.393,0.535,0.09,0.292,0.181,0.174,0.171,0.445,0.483,0.517,0.805,0.195,0.569,0.431,6,1,2,2,17,17,14,10,12,24,2,9,6,10,21,10,17,14,24,7,08/02/2020
1610612763,Memphis Grizzlies,13,4,9,0.308,48.4,0.653,0.347,0.547,0.07,0.29,0.166,0.164,0.164,0.477,0.524,0.476,0.872,0.128,0.615,0.385,2,24,29,25,14,5,26,7,17,25,3,17,9,2,12,19,8,23,13,18,08/02/2020
1610612748,Miami Heat,12,7,5,0.583,48.4,0.564,0.436,0.434,0.062,0.386,0.108,0.18,0.154,0.372,0.633,0.367,0.899,0.101,0.732,0.268,6,8,8,9,12,24,7,27,22,4,22,5,13,26,1,30,4,27,1,30,08/02/2020
1610612749,Milwaukee Bucks,13,8,5,0.615,48.4,0.564,0.436,0.511,0.097,0.333,0.14,0.157,0.152,0.414,0.495,0.505,0.806,0.194,0.589,0.411,2,2,8,8,14,25,6,15,8,16,6,21,15,18,19,12,16,15,18,13,08/02/2020
1610612750,Minnesota Timberwolves,11,3,8,0.273,48.0,0.567,0.433,0.477,0.04,0.363,0.136,0.16,0.162,0.437,0.503,0.497,0.724,0.276,0.578,0.422,15,27,27,29,17,22,9,21,30,8,10,18,10,11,15,16,29,2,22,9,08/02/2020
1610612740,New Orleans Pelicans,11,5,6,0.455,48.5,0.632,0.368,0.541,0.064,0.317,0.158,0.142,0.147,0.476,0.603,0.397,0.889,0.111,0.683,0.317,15,17,12,17,8,9,22,8,21,19,4,28,20,3,4,27,5,25,4,27,08/02/2020
1610612752,New York Knicks,11,4,7,0.364,48.5,0.734,0.266,0.613,0.087,0.221,0.072,0.166,0.116,0.526,0.503,0.497,0.856,0.144,0.571,0.429,15,24,21,24,8,1,30,1,14,30,30,13,29,1,16,15,11,20,23,8,08/02/2020
1610612760,Oklahoma City Thunder,10,8,2,0.8,48.0,0.672,0.328,0.556,0.129,0.266,0.086,0.178,0.166,0.427,0.432,0.568,0.747,0.253,0.509,0.491,26,2,1,1,17,3,28,5,3,28,29,7,8,14,28,3,27,4,29,2,08/02/2020
1610612753,Orlando Magic,12,8,4,0.667,48.0,0.623,0.377,0.525,0.114,0.315,0.106,0.16,0.153,0.412,0.543,0.457,0.889,0.111,0.642,0.358,6,2,6,6,17,11,20,11,5,21,24,19,14,19,9,22,5,25,7,24,08/02/2020
1610612755,Philadelphia 76ers,11,5,6,0.455,48.5,0.625,0.375,0.495,0.087,0.348,0.113,0.158,0.147,0.408,0.462,0.538,0.844,0.156,0.584,0.416,15,17,12,17,8,10,21,17,15,11,21,20,19,20,24,7,13,18,21,10,08/02/2020
1610612756,Phoenix Suns,12,6,6,0.5,48.0,0.621,0.379,0.499,0.098,0.317,0.136,0.184,0.17,0.402,0.603,0.397,0.903,0.097,0.693,0.307,6,12,12,12,17,12,19,16,7,20,11,4,7,21,3,28,3,28,3,28,08/02/2020
1610612757,Portland Trail Blazers,12,5,7,0.417,48.4,0.634,0.366,0.525,0.134,0.327,0.133,0.148,0.137,0.391,0.418,0.582,0.74,0.26,0.512,0.488,6,17,21,23,12,8,23,12,2,17,14,25,25,23,29,2,28,3,28,3,08/02/2020
1610612758,Sacramento Kings,12,7,5,0.583,48.0,0.617,0.383,0.513,0.058,0.323,0.134,0.164,0.151,0.455,0.487,0.513,0.826,0.174,0.587,0.413,6,8,8,9,17,13,18,14,23,18,13,15,16,9,20,11,15,16,19,12,08/02/2020
1610612759,San Antonio Spurs,11,6,5,0.545,48.5,0.662,0.338,0.517,0.152,0.314,0.105,0.169,0.157,0.366,0.481,0.519,0.916,0.084,0.607,0.393,15,12,8,11,8,4,27,13,1,22,25,11,12,28,22,9,2,29,14,17,08/02/2020
1610612761,Toronto Raptors,10,7,3,0.7,48.0,0.53,0.47,0.432,0.046,0.378,0.202,0.19,0.145,0.385,0.523,0.477,0.782,0.218,0.618,0.382,26,8,2,5,17,29,2,28,27,6,1,3,21,25,13,18,24,7,10,21,08/02/2020
1610612762,Utah Jazz,12,6,6,0.5,48.0,0.567,0.433,0.481,0.046,0.345,0.1,0.174,0.134,0.435,0.433,0.567,0.785,0.215,0.547,0.453,6,12,12,12,17,23,8,20,26,13,27,8,27,12,27,4,22,9,26,5,08/02/2020
1610612764,Washington Wizards,13,4,9,0.308,48.4,0.609,0.391,0.447,0.095,0.356,0.141,0.197,0.186,0.352,0.5,0.5,0.802,0.198,0.605,0.395,2,24,29,25,14,15,16,26,10,9,5,1,2,29,17,14,18,13,15,16,08/02/2020
1610612737,Atlanta Hawks,10,4,6,0.4,49.5,0.588,0.412,0.5,0.069,0.341,0.141,0.159,0.143,0.431,0.532,0.468,0.822,0.178,0.623,0.377,26,22,11,22,1,20,11,16,18,16,8,18,22,13,10,21,15,16,10,21,08/03/2020
1610612738,Boston Celtics,12,6,6,0.5,48.8,0.608,0.392,0.482,0.091,0.345,0.139,0.173,0.136,0.391,0.435,0.565,0.65,0.35,0.504,0.496,6,11,11,11,5,17,14,19,10,12,9,9,26,22,27,4,30,1,30,1,08/03/2020
1610612751,Brooklyn Nets,12,6,6,0.5,48.4,0.549,0.451,0.47,0.044,0.355,0.104,0.175,0.109,0.426,0.531,0.469,0.789,0.211,0.617,0.383,6,11,11,11,9,27,4,22,28,10,24,8,30,14,12,18,20,10,13,18,08/03/2020
1610612766,Charlotte Hornets,10,4,6,0.4,49.0,0.603,0.397,0.467,0.045,0.377,0.112,0.156,0.151,0.423,0.563,0.438,0.837,0.163,0.659,0.341,26,22,11,22,2,18,13,23,27,7,19,20,16,15,6,25,14,17,5,26,08/03/2020
1610612741,Chicago Bulls,9,3,6,0.333,48.0,0.614,0.386,0.537,0.088,0.345,0.119,0.118,0.204,0.45,0.446,0.554,0.817,0.183,0.557,0.443,28,27,11,25,18,15,16,8,12,13,16,30,1,9,25,6,16,15,25,6,08/03/2020
1610612739,Cleveland Cavaliers,11,5,6,0.455,48.9,0.638,0.362,0.541,0.067,0.311,0.117,0.149,0.15,0.473,0.562,0.438,0.857,0.143,0.644,0.356,17,19,11,19,3,7,24,7,20,22,17,24,17,4,7,24,10,21,6,25,08/03/2020
1610612742,Dallas Mavericks,14,7,7,0.5,48.7,0.532,0.468,0.457,0.069,0.391,0.104,0.152,0.126,0.388,0.497,0.503,0.787,0.213,0.603,0.397,1,7,23,11,6,28,3,26,19,3,23,22,28,24,19,12,22,9,15,16,08/03/2020
1610612743,Denver Nuggets,12,6,6,0.5,48.4,0.654,0.346,0.583,0.114,0.276,0.115,0.142,0.16,0.468,0.553,0.447,0.861,0.139,0.627,0.373,6,11,11,11,9,5,26,3,5,28,18,29,11,7,8,23,9,22,9,22,08/03/2020
1610612765,Detroit Pistons,8,1,7,0.125,48.0,0.56,0.44,0.463,0.042,0.389,0.091,0.148,0.159,0.421,0.571,0.429,0.764,0.236,0.641,0.359,30,30,23,30,18,24,7,24,29,4,28,25,12,16,5,26,26,5,8,23,08/03/2020
1610612744,Golden State Warriors,9,3,6,0.333,48.0,0.597,0.403,0.544,0.092,0.294,0.108,0.163,0.142,0.452,0.628,0.372,0.926,0.074,0.707,0.293,28,27,11,25,18,19,12,5,9,25,21,14,23,8,2,29,1,30,2,29,08/03/2020
1610612745,Houston Rockets,11,7,4,0.636,48.9,0.475,0.525,0.422,0.046,0.41,0.137,0.168,0.169,0.377,0.349,0.651,0.783,0.217,0.52,0.48,17,7,6,7,3,30,1,29,25,1,10,12,7,25,30,1,23,8,27,4,08/03/2020
1610612754,Indiana Pacers,12,9,3,0.75,48.0,0.7,0.3,0.605,0.127,0.252,0.135,0.144,0.176,0.478,0.503,0.497,0.864,0.136,0.581,0.419,6,2,1,2,18,2,29,2,4,29,13,28,4,3,17,14,8,23,21,10,08/03/2020
1610612746,LA Clippers,11,8,3,0.727,48.0,0.571,0.429,0.426,0.085,0.38,0.121,0.194,0.179,0.34,0.471,0.529,0.779,0.221,0.586,0.414,17,3,1,3,18,21,10,28,15,6,15,2,3,30,22,9,24,7,20,11,08/03/2020
1610612747,Los Angeles Lakers,13,10,3,0.769,48.0,0.612,0.388,0.536,0.087,0.287,0.178,0.177,0.175,0.449,0.487,0.513,0.796,0.204,0.568,0.432,3,1,1,1,18,16,15,9,14,26,2,6,5,10,21,10,19,12,24,7,08/03/2020
1610612763,Memphis Grizzlies,13,4,9,0.308,48.4,0.644,0.356,0.548,0.07,0.295,0.16,0.157,0.167,0.478,0.532,0.468,0.872,0.128,0.622,0.378,3,22,29,27,16,6,25,4,17,24,4,19,8,2,11,20,7,24,11,20,08/03/2020
1610612748,Miami Heat,12,7,5,0.583,48.4,0.551,0.449,0.432,0.063,0.399,0.11,0.17,0.154,0.369,0.643,0.357,0.895,0.105,0.739,0.261,6,7,8,8,9,26,5,27,22,2,20,11,13,27,1,30,4,27,1,30,08/03/2020
1610612749,Milwaukee Bucks,12,7,5,0.583,48.4,0.557,0.443,0.504,0.09,0.341,0.146,0.155,0.148,0.414,0.499,0.501,0.813,0.187,0.596,0.404,6,7,8,8,9,25,6,15,11,15,5,21,19,17,18,13,18,13,16,15,08/03/2020
1610612750,Minnesota Timberwolves,11,3,8,0.273,48.0,0.567,0.433,0.477,0.04,0.363,0.136,0.16,0.162,0.437,0.503,0.497,0.724,0.276,0.578,0.422,17,27,28,29,18,22,9,21,30,9,11,15,9,11,15,16,29,2,22,9,08/03/2020
1610612740,New Orleans Pelicans,12,6,6,0.5,48.4,0.633,0.367,0.536,0.066,0.316,0.162,0.148,0.144,0.469,0.604,0.396,0.884,0.116,0.683,0.317,6,11,11,11,9,9,22,10,21,19,3,26,20,6,3,28,6,25,4,27,08/03/2020
1610612752,New York Knicks,11,4,7,0.364,48.5,0.734,0.266,0.613,0.087,0.221,0.072,0.166,0.116,0.526,0.503,0.497,0.856,0.144,0.571,0.429,17,22,23,24,7,1,30,1,13,30,30,13,29,1,16,15,11,20,23,8,08/03/2020
1610612760,Oklahoma City Thunder,11,8,3,0.727,48.5,0.664,0.336,0.541,0.13,0.279,0.086,0.181,0.161,0.41,0.431,0.569,0.746,0.254,0.511,0.489,17,3,1,3,7,4,27,6,3,27,29,5,10,19,28,3,27,4,29,2,08/03/2020
1610612753,Orlando Magic,12,8,4,0.667,48.0,0.623,0.377,0.525,0.114,0.315,0.106,0.16,0.153,0.412,0.543,0.457,0.889,0.111,0.642,0.358,6,3,6,6,18,11,20,12,6,20,22,17,15,18,9,22,5,26,7,24,08/03/2020
1610612755,Philadelphia 76ers,11,5,6,0.455,48.0,0.616,0.384,0.484,0.078,0.365,0.101,0.151,0.14,0.407,0.458,0.542,0.847,0.153,0.588,0.412,17,19,11,19,18,13,18,18,16,8,27,23,24,20,24,7,12,19,19,12,08/03/2020
1610612756,Phoenix Suns,12,6,6,0.5,48.0,0.621,0.379,0.499,0.098,0.317,0.136,0.184,0.17,0.402,0.603,0.397,0.903,0.097,0.693,0.307,6,11,11,11,18,12,19,17,8,18,12,4,6,21,4,27,2,29,3,28,08/03/2020
1610612757,Portland Trail Blazers,12,5,7,0.417,48.4,0.634,0.366,0.525,0.134,0.327,0.133,0.148,0.137,0.391,0.418,0.582,0.74,0.26,0.512,0.488,6,19,23,21,9,8,23,13,2,17,14,27,25,23,29,2,28,3,28,3,08/03/2020
1610612758,Sacramento Kings,11,6,5,0.545,48.0,0.625,0.375,0.529,0.059,0.311,0.141,0.16,0.149,0.47,0.494,0.506,0.846,0.154,0.593,0.407,17,11,8,10,18,10,21,11,23,21,7,16,18,5,20,11,13,18,17,14,08/03/2020
1610612759,San Antonio Spurs,12,6,6,0.5,48.4,0.667,0.333,0.518,0.155,0.31,0.102,0.172,0.154,0.363,0.469,0.531,0.902,0.098,0.593,0.407,6,11,11,11,9,3,28,14,1,23,25,10,14,28,23,8,3,28,18,13,08/03/2020
1610612761,Toronto Raptors,11,8,3,0.727,48.0,0.529,0.471,0.415,0.045,0.384,0.194,0.2,0.144,0.37,0.531,0.469,0.766,0.234,0.621,0.379,17,3,1,3,18,29,2,30,26,5,1,1,21,26,12,18,25,6,12,19,08/03/2020
1610612762,Utah Jazz,13,6,7,0.462,48.0,0.56,0.44,0.48,0.047,0.344,0.101,0.177,0.132,0.433,0.445,0.555,0.789,0.211,0.556,0.444,3,11,23,18,18,23,8,20,24,14,26,7,27,12,26,5,20,10,26,5,08/03/2020
1610612764,Washington Wizards,14,4,10,0.286,48.4,0.614,0.386,0.457,0.099,0.354,0.144,0.189,0.182,0.358,0.511,0.489,0.814,0.186,0.614,0.386,1,22,30,28,17,14,17,25,7,11,6,3,2,29,14,17,17,14,14,17,08/03/2020
1610612737,Atlanta Hawks,10,4,6,0.4,49.5,0.588,0.412,0.5,0.069,0.341,0.141,0.159,0.143,0.431,0.532,0.468,0.822,0.178,0.623,0.377,21,21,11,21,1,20,11,15,18,16,7,17,20,13,11,20,15,16,13,18,08/04/2020
1610612738,Boston Celtics,12,5,7,0.417,48.8,0.601,0.399,0.479,0.083,0.35,0.136,0.17,0.144,0.396,0.429,0.571,0.643,0.357,0.499,0.501,6,17,25,20,5,18,13,21,15,12,9,9,19,21,27,3,30,1,30,1,08/04/2020
1610612751,Brooklyn Nets,13,7,6,0.538,48.4,0.54,0.46,0.462,0.049,0.369,0.107,0.169,0.119,0.413,0.529,0.471,0.802,0.198,0.624,0.376,2,6,11,11,15,27,4,24,24,7,21,10,30,18,13,18,19,12,12,19,08/04/2020
1610612766,Charlotte Hornets,10,4,6,0.4,49.0,0.603,0.397,0.467,0.045,0.377,0.112,0.156,0.151,0.423,0.563,0.438,0.837,0.163,0.659,0.341,21,21,11,21,3,17,14,22,27,6,19,19,16,14,7,24,14,17,6,25,08/04/2020
1610612741,Chicago Bulls,9,3,6,0.333,48.0,0.614,0.386,0.537,0.088,0.345,0.119,0.118,0.204,0.45,0.446,0.554,0.817,0.183,0.557,0.443,28,27,11,25,19,14,17,8,11,14,17,30,1,10,25,6,17,14,25,6,08/04/2020
1610612739,Cleveland Cavaliers,10,4,6,0.4,49.0,0.635,0.365,0.538,0.063,0.313,0.125,0.149,0.159,0.475,0.586,0.414,0.87,0.13,0.665,0.335,21,21,11,21,3,7,24,7,23,22,15,24,11,4,4,27,8,23,5,26,08/04/2020
1610612742,Dallas Mavericks,14,7,7,0.5,49.1,0.531,0.469,0.454,0.07,0.382,0.098,0.164,0.127,0.383,0.503,0.497,0.79,0.21,0.606,0.394,1,6,25,13,2,28,3,25,17,5,26,14,28,24,17,14,20,11,15,16,08/04/2020
1610612743,Denver Nuggets,11,6,5,0.545,48.5,0.654,0.346,0.58,0.116,0.284,0.117,0.136,0.156,0.465,0.562,0.438,0.862,0.138,0.636,0.364,17,13,7,10,9,5,26,3,5,27,18,28,13,6,8,23,10,21,9,22,08/04/2020
1610612765,Detroit Pistons,8,1,7,0.125,48.0,0.56,0.44,0.463,0.042,0.389,0.091,0.148,0.159,0.421,0.571,0.429,0.764,0.236,0.641,0.359,30,30,25,30,19,23,8,23,29,3,28,26,10,15,6,25,26,5,8,23,08/04/2020
1610612744,Golden State Warriors,9,3,6,0.333,48.0,0.597,0.403,0.544,0.092,0.294,0.108,0.163,0.142,0.452,0.628,0.372,0.926,0.074,0.707,0.293,28,27,11,25,19,19,12,5,9,25,20,15,21,8,2,29,1,30,2,29,08/04/2020
1610612745,Houston Rockets,12,7,5,0.583,48.8,0.468,0.532,0.413,0.044,0.421,0.133,0.166,0.163,0.369,0.358,0.642,0.789,0.211,0.533,0.467,6,6,7,8,5,30,1,29,28,1,13,12,7,26,30,1,22,9,27,4,08/04/2020
1610612754,Indiana Pacers,12,9,3,0.75,48.0,0.694,0.306,0.606,0.127,0.261,0.134,0.134,0.182,0.479,0.501,0.499,0.887,0.113,0.587,0.413,6,1,1,1,19,2,29,2,4,29,12,29,2,3,18,13,5,26,20,11,08/04/2020
1610612746,LA Clippers,12,8,4,0.667,48.0,0.578,0.422,0.439,0.088,0.366,0.121,0.195,0.169,0.351,0.464,0.536,0.784,0.216,0.578,0.422,6,3,5,5,19,21,10,27,10,8,16,2,5,29,23,8,23,8,21,10,08/04/2020
1610612747,Los Angeles Lakers,12,9,3,0.75,48.0,0.608,0.392,0.535,0.085,0.292,0.176,0.173,0.175,0.45,0.483,0.517,0.789,0.211,0.565,0.435,6,1,1,1,19,16,15,10,13,26,2,8,4,9,21,10,21,10,24,7,08/04/2020
1610612763,Memphis Grizzlies,12,4,8,0.333,48.4,0.628,0.372,0.536,0.068,0.307,0.157,0.157,0.16,0.468,0.539,0.461,0.868,0.132,0.63,0.37,6,21,29,25,12,9,22,9,20,23,4,18,9,5,10,21,9,22,10,21,08/04/2020
1610612748,Miami Heat,13,8,5,0.615,48.4,0.543,0.457,0.425,0.065,0.399,0.104,0.176,0.157,0.36,0.633,0.367,0.893,0.107,0.733,0.267,2,3,7,7,15,26,5,28,22,2,24,5,12,28,1,30,3,28,1,30,08/04/2020
1610612749,Milwaukee Bucks,13,7,6,0.538,48.4,0.546,0.454,0.498,0.084,0.349,0.149,0.153,0.141,0.414,0.5,0.5,0.82,0.18,0.602,0.398,2,6,11,11,15,25,6,16,14,13,5,21,23,16,19,12,16,15,16,15,08/04/2020
1610612750,Minnesota Timberwolves,10,3,7,0.3,48.0,0.571,0.429,0.489,0.041,0.36,0.135,0.151,0.166,0.448,0.505,0.495,0.709,0.291,0.572,0.428,21,27,25,29,19,22,9,17,30,11,11,22,6,11,16,15,29,2,22,9,08/04/2020
1610612740,New Orleans Pelicans,11,5,6,0.455,48.5,0.636,0.364,0.547,0.068,0.305,0.164,0.147,0.139,0.479,0.59,0.41,0.891,0.109,0.672,0.328,17,17,11,17,9,6,25,4,19,24,3,27,25,2,3,28,4,27,4,27,08/04/2020
1610612752,New York Knicks,10,4,6,0.4,48.5,0.738,0.262,0.623,0.085,0.211,0.074,0.166,0.119,0.538,0.506,0.494,0.848,0.152,0.569,0.431,21,21,11,21,7,1,30,1,12,30,30,13,29,1,15,16,12,19,23,8,08/04/2020
1610612760,Oklahoma City Thunder,10,7,3,0.7,48.5,0.66,0.34,0.54,0.129,0.283,0.083,0.178,0.155,0.411,0.429,0.571,0.762,0.238,0.515,0.485,21,6,1,3,7,3,28,6,3,28,29,4,14,19,27,3,27,4,28,3,08/04/2020
1610612753,Orlando Magic,12,8,4,0.667,48.0,0.624,0.376,0.517,0.104,0.32,0.107,0.162,0.15,0.413,0.548,0.452,0.878,0.122,0.644,0.356,6,3,5,5,19,11,20,13,6,20,22,16,17,17,9,22,6,24,7,24,08/04/2020
1610612755,Philadelphia 76ers,11,5,6,0.455,48.0,0.616,0.384,0.484,0.078,0.365,0.101,0.151,0.14,0.407,0.458,0.542,0.847,0.153,0.588,0.412,17,17,11,17,19,13,18,19,16,9,25,23,24,20,24,7,13,18,19,12,08/04/2020
1610612756,Phoenix Suns,12,7,5,0.583,48.0,0.624,0.376,0.488,0.102,0.337,0.128,0.176,0.161,0.386,0.581,0.419,0.878,0.122,0.675,0.325,6,6,7,8,19,10,21,18,8,17,14,6,8,23,5,26,6,24,3,28,08/04/2020
1610612757,Portland Trail Blazers,12,6,6,0.5,48.4,0.631,0.369,0.518,0.129,0.332,0.139,0.149,0.133,0.389,0.425,0.575,0.718,0.282,0.512,0.488,6,13,11,13,12,8,23,12,2,18,8,25,27,22,29,2,28,3,29,2,08/04/2020
1610612758,Sacramento Kings,12,6,6,0.5,48.4,0.621,0.379,0.526,0.066,0.321,0.135,0.153,0.147,0.46,0.49,0.51,0.849,0.151,0.594,0.406,6,13,11,13,12,12,19,11,21,19,10,20,18,7,20,11,11,20,18,13,08/04/2020
1610612759,San Antonio Spurs,11,5,6,0.455,48.5,0.657,0.343,0.517,0.143,0.314,0.104,0.169,0.154,0.373,0.473,0.527,0.902,0.098,0.597,0.403,17,17,11,17,9,4,27,14,1,21,23,11,15,25,22,9,2,29,17,14,08/04/2020
1610612761,Toronto Raptors,10,7,3,0.7,48.0,0.529,0.471,0.409,0.047,0.387,0.187,0.204,0.141,0.362,0.531,0.469,0.778,0.222,0.626,0.374,21,6,1,3,19,29,2,30,26,4,1,1,22,27,12,19,25,6,11,20,08/04/2020
1610612762,Utah Jazz,12,6,6,0.5,48.0,0.557,0.443,0.483,0.048,0.344,0.095,0.174,0.135,0.435,0.433,0.567,0.779,0.221,0.544,0.456,6,13,11,13,19,24,7,20,25,15,27,7,26,12,26,5,24,7,26,5,08/04/2020
1610612764,Washington Wizards,13,4,9,0.308,48.4,0.611,0.389,0.447,0.104,0.362,0.149,0.191,0.179,0.343,0.509,0.491,0.816,0.184,0.616,0.384,2,21,30,28,15,15,16,26,7,10,6,3,3,30,14,17,18,13,14,17,08/04/2020
1610612737,Atlanta Hawks,9,3,6,0.333,49.7,0.584,0.416,0.487,0.072,0.354,0.134,0.16,0.134,0.414,0.527,0.473,0.819,0.181,0.622,0.378,25,26,16,25,1,20,11,19,18,12,9,17,25,16,11,20,17,14,11,20,08/05/2020
1610612738,Boston Celtics,13,6,7,0.462,48.8,0.598,0.402,0.472,0.083,0.356,0.133,0.173,0.143,0.388,0.44,0.56,0.638,0.362,0.507,0.493,2,11,24,16,6,18,13,21,14,11,11,9,19,22,27,4,30,1,30,1,08/05/2020
1610612751,Brooklyn Nets,13,6,7,0.462,48.4,0.556,0.444,0.478,0.05,0.35,0.105,0.172,0.118,0.428,0.525,0.475,0.798,0.202,0.615,0.385,2,11,24,16,16,24,7,20,24,14,20,10,30,12,12,19,20,11,13,18,08/05/2020
1610612766,Charlotte Hornets,9,4,5,0.444,49.1,0.603,0.397,0.47,0.047,0.373,0.101,0.157,0.159,0.423,0.557,0.443,0.838,0.162,0.654,0.346,25,21,6,20,3,17,14,22,25,6,24,19,10,13,8,23,14,17,6,25,08/05/2020
1610612741,Chicago Bulls,8,3,5,0.375,48.0,0.622,0.378,0.551,0.096,0.338,0.105,0.111,0.195,0.455,0.453,0.547,0.832,0.168,0.563,0.437,29,26,6,24,19,10,21,4,9,17,21,30,1,8,25,6,15,16,26,5,08/05/2020
1610612739,Cleveland Cavaliers,9,4,5,0.444,49.1,0.645,0.355,0.545,0.064,0.306,0.12,0.149,0.164,0.48,0.581,0.419,0.853,0.147,0.655,0.345,25,21,6,20,3,6,25,6,23,22,15,24,8,2,5,26,10,21,5,26,08/05/2020
1610612742,Dallas Mavericks,13,7,6,0.538,49.2,0.533,0.467,0.452,0.074,0.382,0.094,0.167,0.132,0.378,0.506,0.494,0.791,0.209,0.608,0.392,2,7,16,13,2,28,3,26,17,5,25,13,28,24,14,17,22,9,14,17,08/05/2020
1610612743,Denver Nuggets,12,7,5,0.583,48.4,0.65,0.35,0.577,0.116,0.287,0.109,0.136,0.152,0.461,0.559,0.441,0.862,0.138,0.634,0.366,8,7,6,7,11,5,26,3,5,26,17,28,12,6,7,24,9,22,9,22,08/05/2020
1610612765,Detroit Pistons,8,1,7,0.125,48.0,0.56,0.44,0.463,0.042,0.389,0.091,0.148,0.159,0.421,0.571,0.429,0.764,0.236,0.641,0.359,29,30,24,30,19,23,8,23,28,3,28,26,11,14,6,25,26,5,8,23,08/05/2020
1610612744,Golden State Warriors,9,3,6,0.333,48.0,0.597,0.403,0.544,0.092,0.294,0.108,0.163,0.142,0.452,0.628,0.372,0.926,0.074,0.707,0.293,25,26,16,25,19,19,12,7,10,25,18,16,20,10,2,29,1,30,2,29,08/05/2020
1610612745,Houston Rockets,11,6,5,0.545,48.9,0.467,0.533,0.413,0.037,0.413,0.131,0.174,0.167,0.376,0.369,0.631,0.799,0.201,0.541,0.459,15,11,6,10,5,30,1,30,30,1,13,8,6,26,30,1,19,12,27,4,08/05/2020
1610612754,Indiana Pacers,12,9,3,0.75,48.0,0.694,0.306,0.606,0.127,0.261,0.134,0.134,0.182,0.479,0.501,0.499,0.887,0.113,0.587,0.413,8,1,1,1,19,2,29,2,4,29,10,29,2,4,17,14,5,26,20,11,08/05/2020
1610612746,LA Clippers,11,8,3,0.727,48.0,0.571,0.429,0.437,0.089,0.372,0.117,0.191,0.172,0.348,0.461,0.539,0.783,0.217,0.578,0.422,15,3,1,2,19,21,10,27,11,7,16,3,5,30,24,7,23,8,21,10,08/05/2020
1610612747,Los Angeles Lakers,13,9,4,0.692,48.0,0.606,0.394,0.539,0.086,0.285,0.175,0.176,0.177,0.454,0.481,0.519,0.797,0.203,0.564,0.436,2,1,5,5,19,16,15,9,12,27,2,7,3,9,22,9,21,10,25,6,08/05/2020
1610612763,Memphis Grizzlies,13,4,9,0.308,48.4,0.632,0.368,0.537,0.068,0.305,0.148,0.157,0.163,0.47,0.523,0.477,0.871,0.129,0.619,0.381,2,21,29,27,16,8,23,10,21,24,4,20,9,5,13,18,7,24,12,19,08/05/2020
1610612748,Miami Heat,12,7,5,0.583,48.4,0.547,0.453,0.425,0.065,0.393,0.102,0.181,0.144,0.36,0.631,0.369,0.893,0.107,0.731,0.269,8,7,6,7,11,25,6,28,22,2,23,5,17,28,1,30,3,28,1,30,08/05/2020
1610612749,Milwaukee Bucks,12,6,6,0.5,48.4,0.546,0.454,0.492,0.075,0.349,0.139,0.16,0.143,0.416,0.485,0.515,0.81,0.19,0.589,0.411,8,11,16,14,11,26,5,15,16,15,7,18,18,15,21,10,18,13,19,12,08/05/2020
1610612750,Minnesota Timberwolves,10,3,7,0.3,48.0,0.571,0.429,0.489,0.041,0.36,0.135,0.151,0.166,0.448,0.505,0.495,0.709,0.291,0.572,0.428,23,26,24,28,19,22,9,16,29,9,8,23,7,11,16,15,29,2,22,9,08/05/2020
1610612740,New Orleans Pelicans,11,5,6,0.455,48.5,0.636,0.364,0.547,0.068,0.305,0.164,0.147,0.139,0.479,0.59,0.41,0.891,0.109,0.672,0.328,15,18,16,18,8,7,24,5,20,23,3,27,22,3,3,28,4,27,4,27,08/05/2020
1610612752,New York Knicks,10,4,6,0.4,48.5,0.738,0.262,0.623,0.085,0.211,0.074,0.166,0.119,0.538,0.506,0.494,0.848,0.152,0.569,0.431,23,21,16,23,7,1,30,1,13,30,30,14,29,1,15,16,11,20,23,8,08/05/2020
1610612760,Oklahoma City Thunder,11,8,3,0.727,48.5,0.663,0.337,0.541,0.128,0.27,0.091,0.189,0.152,0.413,0.43,0.57,0.764,0.236,0.514,0.486,15,3,1,2,8,3,28,8,3,28,27,4,15,17,28,3,27,4,28,3,08/05/2020
1610612753,Orlando Magic,13,8,5,0.615,48.0,0.617,0.383,0.515,0.104,0.321,0.107,0.163,0.147,0.412,0.552,0.448,0.886,0.114,0.65,0.35,2,3,6,6,19,15,16,14,8,19,19,15,16,18,9,22,6,25,7,24,08/05/2020
1610612755,Philadelphia 76ers,11,6,5,0.545,48.0,0.619,0.381,0.488,0.082,0.358,0.088,0.153,0.132,0.407,0.489,0.511,0.845,0.155,0.606,0.394,15,11,6,10,19,13,18,17,15,10,29,21,27,20,20,11,12,19,16,15,08/05/2020
1610612756,Phoenix Suns,11,6,5,0.545,48.0,0.622,0.378,0.487,0.11,0.343,0.125,0.171,0.152,0.377,0.582,0.418,0.87,0.13,0.674,0.326,15,11,6,10,19,11,20,18,6,16,14,11,14,25,4,27,8,23,3,28,08/05/2020
1610612757,Portland Trail Blazers,12,6,6,0.5,48.4,0.631,0.369,0.518,0.129,0.332,0.139,0.149,0.133,0.389,0.425,0.575,0.718,0.282,0.512,0.488,8,11,16,14,11,9,22,13,2,18,6,25,26,21,29,2,28,3,29,2,08/05/2020
1610612758,Sacramento Kings,11,5,6,0.455,48.5,0.618,0.382,0.528,0.069,0.321,0.131,0.151,0.141,0.46,0.489,0.511,0.843,0.157,0.591,0.409,15,18,16,18,8,14,17,11,19,20,12,22,21,7,19,12,13,18,18,13,08/05/2020
1610612759,San Antonio Spurs,12,5,7,0.417,48.4,0.658,0.342,0.52,0.14,0.309,0.104,0.17,0.152,0.38,0.477,0.523,0.91,0.09,0.6,0.4,8,18,24,22,11,4,27,12,1,21,22,12,13,23,23,8,2,29,17,14,08/05/2020
1610612761,Toronto Raptors,11,8,3,0.727,48.0,0.533,0.467,0.415,0.042,0.382,0.185,0.203,0.137,0.373,0.535,0.465,0.782,0.218,0.629,0.371,15,3,1,2,19,29,2,29,27,4,1,1,23,27,10,21,24,7,10,21,08/05/2020
1610612762,Utah Jazz,12,7,5,0.583,48.0,0.54,0.46,0.455,0.046,0.365,0.091,0.18,0.135,0.409,0.448,0.552,0.781,0.219,0.564,0.436,8,7,6,7,19,27,4,25,26,8,26,6,24,19,26,5,25,6,24,7,08/05/2020
1610612764,Washington Wizards,14,4,10,0.286,48.4,0.621,0.379,0.456,0.107,0.352,0.145,0.191,0.176,0.349,0.496,0.504,0.823,0.177,0.607,0.393,1,21,30,29,18,12,19,24,7,13,5,2,4,29,18,13,16,15,15,16,08/05/2020
1610612737,Atlanta Hawks,9,3,6,0.333,49.7,0.584,0.416,0.487,0.072,0.354,0.134,0.16,0.134,0.414,0.527,0.473,0.819,0.181,0.622,0.378,24,26,15,25,1,20,11,18,19,13,7,18,26,15,11,20,16,15,11,20,08/06/2020
1610612738,Boston Celtics,12,6,6,0.5,48.8,0.598,0.402,0.474,0.085,0.356,0.13,0.17,0.14,0.388,0.443,0.557,0.628,0.372,0.505,0.495,9,13,15,13,5,18,13,21,14,11,9,12,20,21,27,4,30,1,30,1,08/06/2020
1610612751,Brooklyn Nets,13,6,7,0.462,48.4,0.556,0.444,0.478,0.05,0.35,0.105,0.172,0.118,0.428,0.525,0.475,0.798,0.202,0.615,0.385,2,13,26,18,14,23,8,20,24,14,20,10,30,12,12,19,21,10,13,18,08/06/2020
1610612766,Charlotte Hornets,9,4,5,0.444,49.1,0.603,0.397,0.47,0.047,0.373,0.101,0.157,0.159,0.423,0.557,0.443,0.838,0.162,0.654,0.346,24,20,5,20,2,17,14,22,25,6,22,19,9,13,8,23,14,17,7,24,08/06/2020
1610612741,Chicago Bulls,7,2,5,0.286,48.0,0.632,0.368,0.571,0.101,0.323,0.1,0.106,0.197,0.47,0.459,0.541,0.819,0.181,0.558,0.442,29,29,5,29,19,8,23,3,9,19,24,30,1,6,24,7,15,16,26,5,08/06/2020
1610612739,Cleveland Cavaliers,9,4,5,0.444,49.1,0.645,0.355,0.545,0.064,0.306,0.12,0.149,0.164,0.48,0.581,0.419,0.853,0.147,0.655,0.345,24,20,5,20,2,6,25,7,23,22,15,25,6,2,4,27,10,21,6,25,08/06/2020
1610612742,Dallas Mavericks,14,7,7,0.5,49.1,0.528,0.472,0.448,0.074,0.387,0.088,0.165,0.125,0.374,0.505,0.495,0.789,0.211,0.609,0.391,1,5,26,13,4,29,2,27,18,4,28,16,28,25,15,16,22,9,14,17,08/06/2020
1610612743,Denver Nuggets,12,6,6,0.5,48.4,0.65,0.35,0.565,0.117,0.296,0.1,0.139,0.148,0.447,0.571,0.429,0.865,0.135,0.647,0.353,9,13,15,13,11,5,26,4,5,24,23,28,17,11,7,24,9,22,9,22,08/06/2020
1610612765,Detroit Pistons,7,1,6,0.143,48.0,0.555,0.445,0.457,0.036,0.4,0.074,0.143,0.158,0.421,0.613,0.387,0.747,0.253,0.663,0.337,29,30,15,30,19,24,7,24,29,3,29,27,11,14,3,28,27,4,5,26,08/06/2020
1610612744,Golden State Warriors,8,3,5,0.375,48.0,0.593,0.407,0.54,0.088,0.29,0.106,0.17,0.139,0.452,0.625,0.375,0.94,0.06,0.708,0.292,28,26,5,23,19,19,12,8,12,26,19,13,22,9,2,29,1,30,2,29,08/06/2020
1610612745,Houston Rockets,12,7,5,0.583,48.8,0.456,0.544,0.401,0.034,0.425,0.129,0.174,0.179,0.367,0.382,0.618,0.8,0.2,0.555,0.445,9,5,5,7,5,30,1,30,30,1,10,8,3,27,30,1,20,11,27,4,08/06/2020
1610612754,Indiana Pacers,12,9,3,0.75,48.0,0.695,0.305,0.604,0.13,0.262,0.126,0.135,0.18,0.474,0.486,0.514,0.88,0.12,0.575,0.425,9,1,1,1,19,2,29,2,3,29,13,29,2,4,20,11,6,25,20,11,08/06/2020
1610612746,LA Clippers,12,9,3,0.75,48.0,0.579,0.421,0.449,0.091,0.368,0.11,0.182,0.163,0.358,0.45,0.55,0.771,0.229,0.564,0.436,9,1,1,1,19,21,10,26,10,7,16,5,8,28,25,6,24,7,25,6,08/06/2020
1610612747,Los Angeles Lakers,13,8,5,0.615,48.0,0.616,0.384,0.553,0.091,0.269,0.173,0.178,0.177,0.462,0.486,0.514,0.806,0.194,0.564,0.436,2,3,5,5,19,16,15,5,11,28,2,7,4,7,21,10,18,13,24,7,08/06/2020
1610612763,Memphis Grizzlies,13,4,9,0.308,48.4,0.632,0.368,0.537,0.068,0.305,0.148,0.157,0.163,0.47,0.523,0.477,0.871,0.129,0.619,0.381,2,20,29,27,14,9,22,9,21,23,3,20,7,5,13,18,8,23,12,19,08/06/2020
1610612748,Miami Heat,13,7,6,0.538,48.4,0.539,0.461,0.411,0.064,0.405,0.107,0.184,0.151,0.347,0.635,0.365,0.889,0.111,0.735,0.265,2,5,15,11,14,27,4,28,22,2,17,4,15,29,1,30,4,27,1,30,08/06/2020
1610612749,Milwaukee Bucks,13,7,6,0.538,48.4,0.545,0.455,0.484,0.079,0.349,0.135,0.168,0.148,0.404,0.494,0.506,0.803,0.197,0.595,0.405,2,5,15,11,14,25,6,19,16,16,6,14,16,19,17,14,19,12,17,14,08/06/2020
1610612750,Minnesota Timberwolves,9,3,6,0.333,48.0,0.573,0.427,0.493,0.043,0.36,0.132,0.147,0.159,0.45,0.502,0.498,0.693,0.307,0.564,0.436,24,26,15,25,19,22,9,16,27,9,8,26,10,10,16,15,29,2,22,9,08/06/2020
1610612740,New Orleans Pelicans,11,4,7,0.364,48.5,0.639,0.361,0.549,0.074,0.296,0.143,0.155,0.137,0.475,0.58,0.42,0.896,0.104,0.664,0.336,18,20,26,24,9,7,24,6,17,25,4,21,24,3,5,26,3,28,4,27,08/06/2020
1610612752,New York Knicks,10,4,6,0.4,48.5,0.738,0.262,0.623,0.085,0.211,0.074,0.166,0.119,0.538,0.506,0.494,0.848,0.152,0.569,0.431,21,20,15,22,7,1,30,1,13,30,30,15,29,1,14,17,11,20,21,10,08/06/2020
1610612760,Oklahoma City Thunder,10,7,3,0.7,48.5,0.655,0.345,0.533,0.138,0.275,0.098,0.192,0.154,0.395,0.421,0.579,0.76,0.24,0.508,0.492,21,5,1,3,7,4,27,10,2,27,25,2,13,20,29,2,26,5,29,2,08/06/2020
1610612753,Orlando Magic,13,8,5,0.615,48.0,0.617,0.383,0.515,0.104,0.321,0.107,0.163,0.147,0.412,0.552,0.448,0.886,0.114,0.65,0.35,2,3,5,5,19,15,16,13,8,20,18,17,18,16,9,22,5,26,8,23,08/06/2020
1610612755,Philadelphia 76ers,11,6,5,0.545,48.0,0.619,0.381,0.488,0.082,0.358,0.088,0.153,0.132,0.407,0.489,0.511,0.845,0.155,0.606,0.394,18,13,5,10,19,14,17,17,15,10,27,22,27,18,19,12,13,18,15,16,08/06/2020
1610612756,Phoenix Suns,12,7,5,0.583,48.0,0.622,0.378,0.496,0.112,0.334,0.128,0.17,0.152,0.384,0.577,0.423,0.877,0.123,0.67,0.33,9,5,5,7,19,12,19,15,6,17,11,11,14,22,6,25,7,24,3,28,08/06/2020
1610612757,Portland Trail Blazers,12,6,6,0.5,48.4,0.625,0.375,0.501,0.119,0.349,0.127,0.15,0.14,0.381,0.44,0.56,0.723,0.277,0.53,0.47,9,13,15,13,11,10,21,14,4,15,12,24,21,23,28,3,28,3,28,3,08/06/2020
1610612758,Sacramento Kings,12,6,6,0.5,48.4,0.62,0.38,0.524,0.069,0.323,0.121,0.153,0.143,0.455,0.477,0.523,0.847,0.153,0.584,0.416,9,13,15,13,11,13,18,11,20,18,14,23,19,8,22,9,12,19,19,12,08/06/2020
1610612759,San Antonio Spurs,11,5,6,0.455,48.5,0.661,0.339,0.52,0.142,0.309,0.103,0.172,0.155,0.377,0.464,0.536,0.91,0.09,0.591,0.409,18,19,15,19,9,3,28,12,1,21,21,9,12,24,23,8,2,29,18,13,08/06/2020
1610612761,Toronto Raptors,10,7,3,0.7,48.0,0.534,0.466,0.408,0.038,0.38,0.177,0.211,0.138,0.37,0.536,0.464,0.763,0.237,0.623,0.377,21,5,1,3,19,28,3,29,28,5,1,1,23,26,10,21,25,6,10,21,08/06/2020
1610612762,Utah Jazz,12,7,5,0.583,48.0,0.54,0.46,0.455,0.046,0.365,0.091,0.18,0.135,0.409,0.448,0.552,0.781,0.219,0.564,0.436,9,5,5,7,19,26,5,25,26,8,26,6,25,17,26,5,23,8,23,8,08/06/2020
1610612764,Washington Wizards,13,4,9,0.308,48.4,0.623,0.377,0.458,0.112,0.356,0.136,0.186,0.172,0.347,0.494,0.506,0.816,0.184,0.604,0.396,2,20,29,27,14,11,20,23,7,12,5,3,5,29,18,13,17,14,16,15,08/06/2020
1610612737,Atlanta Hawks,8,3,5,0.375,49.9,0.581,0.419,0.477,0.075,0.37,0.123,0.153,0.13,0.402,0.548,0.452,0.815,0.185,0.639,0.361,25,25,5,24,1,20,11,19,16,8,13,23,25,19,9,22,18,13,10,21,08/07/2020
1610612738,Boston Celtics,13,7,6,0.538,48.8,0.592,0.408,0.476,0.086,0.359,0.132,0.164,0.146,0.39,0.447,0.553,0.639,0.361,0.511,0.489,1,4,18,11,5,19,12,20,14,11,7,16,18,22,26,5,30,1,30,1,08/07/2020
1610612751,Brooklyn Nets,13,7,6,0.538,48.4,0.55,0.45,0.469,0.054,0.351,0.102,0.18,0.119,0.416,0.527,0.473,0.81,0.19,0.621,0.379,1,4,18,11,13,24,7,22,24,14,21,6,30,14,11,20,19,12,11,20,08/07/2020
1610612766,Charlotte Hornets,9,4,5,0.444,49.1,0.603,0.397,0.47,0.047,0.373,0.101,0.157,0.159,0.423,0.557,0.443,0.838,0.162,0.654,0.346,23,22,5,20,3,17,14,21,26,7,22,19,10,12,8,23,13,18,7,24,08/07/2020
1610612741,Chicago Bulls,7,2,5,0.286,48.0,0.632,0.368,0.571,0.101,0.323,0.1,0.106,0.197,0.47,0.459,0.541,0.819,0.181,0.558,0.442,29,29,5,29,16,8,23,3,9,19,24,30,1,5,24,7,15,16,26,5,08/07/2020
1610612739,Cleveland Cavaliers,8,3,5,0.375,48.6,0.648,0.352,0.556,0.069,0.302,0.126,0.142,0.16,0.487,0.588,0.412,0.875,0.125,0.665,0.335,25,25,5,24,6,5,26,5,21,22,12,26,9,2,4,27,8,23,4,27,08/07/2020
1610612742,Dallas Mavericks,13,6,7,0.462,49.2,0.524,0.476,0.443,0.074,0.391,0.08,0.167,0.128,0.369,0.504,0.496,0.802,0.198,0.615,0.385,1,11,26,18,2,29,2,27,17,4,28,14,27,26,16,15,22,9,13,18,08/07/2020
1610612743,Denver Nuggets,12,6,6,0.5,48.4,0.65,0.35,0.565,0.117,0.296,0.1,0.139,0.148,0.447,0.571,0.429,0.865,0.135,0.647,0.353,9,11,18,14,9,4,27,4,5,25,23,28,16,11,7,24,10,21,8,23,08/07/2020
1610612765,Detroit Pistons,7,1,6,0.143,48.0,0.555,0.445,0.457,0.036,0.4,0.074,0.143,0.158,0.421,0.613,0.387,0.747,0.253,0.663,0.337,29,30,18,30,16,23,8,24,29,3,29,25,11,13,3,28,27,4,5,26,08/07/2020
1610612744,Golden State Warriors,8,3,5,0.375,48.0,0.593,0.407,0.54,0.088,0.29,0.106,0.17,0.139,0.452,0.625,0.375,0.94,0.06,0.708,0.292,25,25,5,24,16,18,13,8,12,26,18,11,23,9,2,29,1,30,2,29,08/07/2020
1610612745,Houston Rockets,11,6,5,0.545,48.9,0.457,0.543,0.397,0.036,0.428,0.121,0.175,0.179,0.362,0.383,0.617,0.815,0.185,0.564,0.436,17,11,5,8,4,30,1,30,30,1,14,8,3,27,30,1,17,14,25,6,08/07/2020
1610612754,Indiana Pacers,12,9,3,0.75,48.0,0.695,0.305,0.604,0.13,0.262,0.126,0.135,0.18,0.474,0.486,0.514,0.88,0.12,0.575,0.425,9,1,1,1,16,2,29,2,3,29,11,29,2,3,19,12,7,24,23,8,08/07/2020
1610612746,LA Clippers,11,8,3,0.727,48.0,0.577,0.423,0.444,0.092,0.367,0.103,0.189,0.161,0.352,0.439,0.561,0.748,0.252,0.549,0.451,17,2,1,2,16,21,10,26,10,9,20,3,8,29,28,3,26,5,27,4,08/07/2020
1610612747,Los Angeles Lakers,13,8,5,0.615,48.0,0.616,0.384,0.553,0.091,0.269,0.173,0.178,0.177,0.462,0.486,0.514,0.806,0.194,0.564,0.436,1,2,5,5,16,14,17,6,11,28,2,7,4,7,20,11,21,10,24,7,08/07/2020
1610612763,Memphis Grizzlies,13,5,8,0.385,48.4,0.627,0.373,0.535,0.067,0.309,0.141,0.156,0.162,0.469,0.517,0.483,0.874,0.126,0.616,0.384,1,20,29,23,13,10,21,9,22,21,5,20,7,6,15,16,9,22,12,19,08/07/2020
1610612748,Miami Heat,12,7,5,0.583,48.0,0.537,0.463,0.405,0.058,0.405,0.112,0.189,0.152,0.347,0.634,0.366,0.885,0.115,0.734,0.266,9,4,5,6,16,28,3,29,23,2,16,2,14,30,1,30,5,26,1,30,08/07/2020
1610612749,Milwaukee Bucks,12,6,6,0.5,48.0,0.543,0.457,0.485,0.071,0.346,0.138,0.169,0.148,0.414,0.503,0.497,0.808,0.192,0.601,0.399,9,11,18,14,16,25,6,18,20,16,6,12,15,15,17,14,20,11,16,15,08/07/2020
1610612750,Minnesota Timberwolves,8,3,5,0.375,48.0,0.575,0.425,0.501,0.039,0.359,0.126,0.14,0.167,0.462,0.517,0.483,0.732,0.268,0.587,0.413,25,25,5,24,16,22,9,15,27,10,10,27,6,8,14,17,28,3,19,12,08/07/2020
1610612740,New Orleans Pelicans,12,5,7,0.417,48.4,0.636,0.364,0.546,0.074,0.297,0.144,0.157,0.141,0.472,0.571,0.429,0.898,0.102,0.658,0.342,9,20,26,22,9,7,24,7,18,24,4,18,21,4,5,25,3,28,6,25,08/07/2020
1610612752,New York Knicks,9,4,5,0.444,48.6,0.745,0.255,0.635,0.087,0.202,0.067,0.163,0.122,0.548,0.517,0.483,0.853,0.147,0.576,0.424,23,22,5,20,7,1,30,1,13,30,30,17,29,1,13,18,11,20,22,9,08/07/2020
1610612760,Oklahoma City Thunder,11,7,4,0.636,48.5,0.644,0.356,0.527,0.132,0.287,0.094,0.186,0.156,0.395,0.421,0.579,0.761,0.239,0.512,0.488,17,4,3,3,8,6,25,11,2,27,25,4,12,20,29,2,25,6,29,2,08/07/2020
1610612753,Orlando Magic,13,7,6,0.538,48.0,0.618,0.382,0.517,0.107,0.314,0.109,0.168,0.143,0.41,0.538,0.463,0.895,0.105,0.641,0.359,1,4,18,11,16,13,18,13,7,20,17,13,19,17,10,21,4,27,9,22,08/07/2020
1610612755,Philadelphia 76ers,11,6,5,0.545,48.0,0.622,0.378,0.492,0.08,0.355,0.087,0.153,0.124,0.412,0.484,0.516,0.834,0.166,0.598,0.402,17,11,5,8,16,12,19,16,15,12,26,22,28,16,21,10,14,17,17,14,08/07/2020
1610612756,Phoenix Suns,11,6,5,0.545,48.0,0.609,0.391,0.489,0.116,0.34,0.129,0.171,0.147,0.373,0.571,0.429,0.881,0.119,0.67,0.33,17,11,5,8,16,16,15,17,6,17,8,10,17,25,5,25,6,25,3,28,08/07/2020
1610612757,Portland Trail Blazers,12,6,6,0.5,48.4,0.625,0.375,0.501,0.119,0.349,0.127,0.15,0.14,0.381,0.44,0.56,0.723,0.277,0.53,0.47,9,11,18,14,9,11,20,14,4,15,9,24,22,24,27,4,29,2,28,3,08/07/2020
1610612758,Sacramento Kings,13,6,7,0.462,48.4,0.615,0.385,0.522,0.072,0.324,0.115,0.154,0.142,0.45,0.468,0.532,0.846,0.154,0.579,0.421,1,11,26,18,13,15,16,12,19,18,15,21,20,10,23,8,12,19,20,11,08/07/2020
1610612759,San Antonio Spurs,12,6,6,0.5,48.4,0.669,0.331,0.527,0.136,0.302,0.104,0.171,0.152,0.391,0.47,0.53,0.908,0.092,0.591,0.409,9,11,18,14,9,3,28,10,1,23,19,9,13,21,22,9,2,29,18,13,08/07/2020
1610612761,Toronto Raptors,11,7,4,0.636,48.0,0.538,0.462,0.421,0.037,0.373,0.173,0.206,0.135,0.384,0.524,0.476,0.765,0.235,0.613,0.387,17,4,3,3,16,27,4,28,28,6,1,1,24,23,12,19,24,7,14,17,08/07/2020
1610612762,Utah Jazz,12,7,5,0.583,48.0,0.54,0.46,0.455,0.052,0.379,0.083,0.167,0.129,0.403,0.458,0.542,0.789,0.211,0.576,0.424,9,4,5,6,16,26,5,25,25,5,27,15,26,18,25,6,23,8,21,10,08/07/2020
1610612764,Washington Wizards,13,4,9,0.308,48.0,0.627,0.373,0.461,0.107,0.352,0.147,0.186,0.17,0.354,0.497,0.503,0.817,0.183,0.605,0.395,1,22,30,28,16,9,22,23,8,13,3,5,5,28,18,13,16,15,15,16,08/07/2020
1610612737,Atlanta Hawks,8,3,5,0.375,49.9,0.581,0.419,0.477,0.075,0.37,0.123,0.153,0.13,0.402,0.548,0.452,0.815,0.185,0.639,0.361,24,25,8,25,1,20,11,20,18,7,12,21,25,19,9,22,18,13,9,22,08/08/2020
1610612738,Boston Celtics,12,6,6,0.5,48.8,0.594,0.406,0.482,0.087,0.349,0.127,0.169,0.145,0.396,0.458,0.542,0.64,0.36,0.517,0.483,9,11,16,13,6,18,13,19,13,15,8,11,17,21,26,5,30,1,29,2,08/08/2020
1610612751,Brooklyn Nets,13,7,6,0.538,48.4,0.55,0.45,0.469,0.054,0.351,0.102,0.18,0.119,0.416,0.527,0.473,0.81,0.19,0.621,0.379,2,3,16,8,16,25,6,22,25,14,20,6,30,15,11,20,20,11,12,19,08/08/2020
1610612766,Charlotte Hornets,8,4,4,0.5,49.3,0.597,0.403,0.465,0.042,0.373,0.095,0.163,0.16,0.423,0.555,0.445,0.822,0.178,0.648,0.352,24,22,4,13,3,17,14,23,26,6,25,16,8,13,6,25,15,16,6,25,08/08/2020
1610612741,Chicago Bulls,6,2,4,0.333,48.0,0.624,0.376,0.555,0.086,0.328,0.096,0.117,0.208,0.468,0.478,0.522,0.859,0.141,0.586,0.414,29,29,4,28,18,10,21,5,14,18,24,30,1,6,20,11,10,21,21,10,08/08/2020
1610612739,Cleveland Cavaliers,8,3,5,0.375,48.6,0.648,0.352,0.556,0.069,0.302,0.126,0.142,0.16,0.487,0.588,0.412,0.875,0.125,0.665,0.335,24,25,8,25,8,4,27,4,21,24,10,25,10,2,4,27,7,24,3,28,08/08/2020
1610612742,Dallas Mavericks,14,7,7,0.5,49.4,0.526,0.474,0.444,0.073,0.389,0.082,0.167,0.129,0.371,0.522,0.478,0.808,0.192,0.628,0.372,1,3,26,13,2,29,2,27,20,5,28,13,26,26,12,19,23,8,11,20,08/08/2020
1610612743,Denver Nuggets,12,6,6,0.5,49.3,0.643,0.357,0.567,0.116,0.292,0.102,0.141,0.149,0.451,0.55,0.45,0.865,0.135,0.631,0.369,9,11,16,13,3,6,25,3,5,26,19,26,14,9,8,23,9,22,10,21,08/08/2020
1610612765,Detroit Pistons,6,1,5,0.167,48.0,0.565,0.435,0.472,0.036,0.39,0.083,0.138,0.156,0.436,0.621,0.379,0.713,0.288,0.653,0.347,29,30,8,30,18,23,8,21,28,3,27,28,12,12,3,28,29,2,5,26,08/08/2020
1610612744,Golden State Warriors,7,3,4,0.429,48.0,0.587,0.413,0.525,0.089,0.31,0.101,0.165,0.145,0.437,0.637,0.363,0.937,0.063,0.721,0.279,28,25,4,21,18,19,12,11,11,21,21,14,18,11,1,30,1,30,2,29,08/08/2020
1610612745,Houston Rockets,11,6,5,0.545,48.9,0.457,0.543,0.397,0.036,0.428,0.121,0.175,0.179,0.362,0.383,0.617,0.815,0.185,0.564,0.436,18,11,8,6,5,30,1,30,29,1,13,8,4,27,30,1,17,14,24,7,08/08/2020
1610612754,Indiana Pacers,12,9,3,0.75,48.0,0.685,0.315,0.59,0.121,0.273,0.125,0.137,0.181,0.469,0.471,0.529,0.852,0.148,0.561,0.439,9,1,1,1,18,2,29,2,3,28,11,29,2,4,21,10,12,19,25,6,08/08/2020
1610612746,LA Clippers,12,9,3,0.75,48.0,0.579,0.421,0.444,0.096,0.367,0.098,0.189,0.16,0.349,0.44,0.56,0.753,0.247,0.551,0.449,9,1,1,1,18,21,10,26,9,8,23,2,9,30,27,4,25,6,27,4,08/08/2020
1610612747,Los Angeles Lakers,13,7,6,0.538,48.0,0.62,0.38,0.552,0.09,0.27,0.16,0.179,0.18,0.462,0.468,0.532,0.815,0.185,0.554,0.446,2,3,16,8,18,12,19,6,10,29,2,7,3,8,23,8,19,12,26,5,08/08/2020
1610612763,Memphis Grizzlies,13,5,8,0.385,48.4,0.627,0.373,0.535,0.067,0.309,0.141,0.156,0.162,0.469,0.517,0.483,0.874,0.126,0.616,0.384,2,18,29,24,16,9,22,9,22,22,5,19,7,5,16,15,8,23,13,18,08/08/2020
1610612748,Miami Heat,13,7,6,0.538,48.0,0.54,0.46,0.415,0.059,0.397,0.116,0.188,0.147,0.356,0.63,0.37,0.886,0.114,0.73,0.27,2,3,16,8,18,27,4,29,23,2,15,3,15,28,2,29,6,25,1,30,08/08/2020
1610612749,Milwaukee Bucks,12,5,7,0.417,48.4,0.547,0.453,0.497,0.076,0.342,0.143,0.161,0.136,0.422,0.488,0.512,0.809,0.191,0.589,0.411,9,18,26,22,12,26,5,16,17,16,4,18,22,14,18,13,21,10,19,12,08/08/2020
1610612750,Minnesota Timberwolves,8,3,5,0.375,48.0,0.575,0.425,0.501,0.039,0.359,0.126,0.14,0.167,0.462,0.517,0.483,0.732,0.268,0.587,0.413,24,25,8,25,18,22,9,14,27,9,9,27,6,7,15,16,27,4,20,11,08/08/2020
1610612740,New Orleans Pelicans,11,5,6,0.455,48.5,0.631,0.369,0.544,0.074,0.303,0.133,0.153,0.136,0.47,0.553,0.447,0.899,0.101,0.647,0.353,18,18,16,19,11,7,24,7,19,23,6,23,23,3,7,24,3,28,7,24,08/08/2020
1610612752,New York Knicks,9,4,5,0.444,48.6,0.745,0.255,0.635,0.087,0.202,0.067,0.163,0.122,0.548,0.517,0.483,0.853,0.147,0.576,0.424,23,22,8,20,9,1,30,1,12,30,30,15,29,1,14,17,11,20,22,9,08/08/2020
1610612760,Oklahoma City Thunder,10,6,4,0.6,48.5,0.648,0.352,0.535,0.131,0.281,0.099,0.184,0.158,0.405,0.417,0.583,0.747,0.253,0.503,0.497,21,11,4,4,10,5,26,8,2,27,22,5,11,18,29,2,26,5,30,1,08/08/2020
1610612753,Orlando Magic,13,7,6,0.538,48.0,0.618,0.382,0.517,0.107,0.314,0.109,0.168,0.143,0.41,0.538,0.463,0.895,0.105,0.641,0.359,2,3,16,8,18,13,18,13,7,20,17,12,19,17,10,21,4,27,8,23,08/08/2020
1610612755,Philadelphia 76ers,11,6,5,0.545,48.0,0.622,0.378,0.492,0.08,0.355,0.087,0.153,0.124,0.412,0.484,0.516,0.834,0.166,0.598,0.402,18,11,8,6,18,11,20,18,15,12,26,20,28,16,19,12,14,17,16,15,08/08/2020
1610612756,Phoenix Suns,12,7,5,0.583,48.0,0.613,0.387,0.493,0.113,0.337,0.13,0.17,0.146,0.38,0.562,0.438,0.89,0.11,0.665,0.335,9,3,8,5,18,16,15,17,6,17,7,10,16,25,5,26,5,26,4,27,08/08/2020
1610612757,Portland Trail Blazers,12,6,6,0.5,48.4,0.616,0.384,0.5,0.118,0.355,0.114,0.145,0.135,0.381,0.429,0.571,0.724,0.276,0.524,0.476,9,11,16,13,12,14,17,15,4,11,16,24,24,24,28,3,28,3,28,3,08/08/2020
1610612758,Sacramento Kings,12,5,7,0.417,48.4,0.616,0.384,0.525,0.076,0.322,0.117,0.153,0.14,0.448,0.462,0.538,0.852,0.148,0.575,0.425,9,18,26,22,12,15,16,12,16,19,14,22,21,10,25,6,13,18,23,8,08/08/2020
1610612759,San Antonio Spurs,12,6,6,0.5,48.4,0.669,0.331,0.527,0.136,0.302,0.104,0.171,0.152,0.391,0.47,0.53,0.908,0.092,0.591,0.409,9,11,16,13,12,3,28,10,1,25,18,9,13,22,22,9,2,29,17,14,08/08/2020
1610612761,Toronto Raptors,10,7,3,0.7,48.0,0.55,0.45,0.433,0.035,0.357,0.175,0.21,0.143,0.398,0.521,0.479,0.771,0.229,0.61,0.39,21,3,1,3,18,24,7,28,30,10,1,1,20,20,13,18,24,7,14,17,08/08/2020
1610612762,Utah Jazz,13,7,6,0.538,48.8,0.534,0.466,0.448,0.058,0.39,0.082,0.162,0.129,0.39,0.463,0.537,0.809,0.191,0.59,0.41,2,3,16,8,7,28,3,25,24,4,29,17,27,23,24,7,22,9,18,13,08/08/2020
1610612764,Washington Wizards,13,4,9,0.308,48.0,0.627,0.373,0.461,0.107,0.352,0.147,0.186,0.17,0.354,0.497,0.503,0.817,0.183,0.605,0.395,2,22,30,29,18,8,23,24,8,13,3,4,5,29,17,14,16,15,15,16,08/08/2020
1610612737,Atlanta Hawks,7,3,4,0.429,50.1,0.576,0.424,0.476,0.073,0.376,0.122,0.148,0.135,0.402,0.527,0.473,0.821,0.179,0.629,0.371,24,23,3,19,1,22,9,20,19,7,12,24,24,17,12,19,18,13,11,20,08/09/2020
1610612738,Boston Celtics,12,6,6,0.5,49.3,0.588,0.412,0.478,0.085,0.349,0.126,0.173,0.151,0.393,0.474,0.526,0.673,0.327,0.539,0.461,9,12,20,14,4,18,13,19,13,13,9,9,14,20,23,8,30,1,28,3,08/09/2020
1610612751,Brooklyn Nets,13,8,5,0.615,48.4,0.543,0.457,0.464,0.05,0.366,0.109,0.171,0.113,0.413,0.531,0.469,0.848,0.152,0.64,0.36,1,2,11,6,14,25,6,23,25,8,18,11,30,15,10,21,13,18,8,23,08/09/2020
1610612766,Charlotte Hornets,7,3,4,0.429,49.4,0.591,0.409,0.454,0.045,0.386,0.101,0.16,0.158,0.408,0.55,0.45,0.825,0.175,0.649,0.351,24,23,3,19,3,17,14,24,26,5,22,18,10,16,7,24,15,16,7,24,08/09/2020
1610612741,Chicago Bulls,6,2,4,0.333,48.0,0.624,0.376,0.555,0.086,0.328,0.096,0.117,0.208,0.468,0.478,0.522,0.859,0.141,0.586,0.414,29,27,3,26,19,10,21,5,12,18,25,30,1,5,21,10,10,21,20,11,08/09/2020
1610612739,Cleveland Cavaliers,7,2,5,0.286,48.7,0.643,0.357,0.556,0.068,0.302,0.129,0.142,0.167,0.488,0.601,0.399,0.883,0.117,0.676,0.324,24,27,11,27,8,5,26,4,21,24,7,25,5,2,4,27,6,25,3,28,08/09/2020
1610612742,Dallas Mavericks,13,6,7,0.462,49.5,0.529,0.471,0.451,0.075,0.384,0.086,0.166,0.123,0.375,0.519,0.481,0.807,0.193,0.623,0.377,1,12,24,17,2,29,2,26,16,6,27,15,27,26,14,17,23,8,12,19,08/09/2020
1610612743,Denver Nuggets,12,6,6,0.5,49.3,0.643,0.357,0.567,0.116,0.292,0.102,0.141,0.149,0.451,0.55,0.45,0.865,0.135,0.631,0.369,9,12,20,14,4,4,27,3,4,27,19,26,15,10,6,25,9,22,10,21,08/09/2020
1610612765,Detroit Pistons,6,1,5,0.167,48.0,0.565,0.435,0.472,0.036,0.39,0.083,0.138,0.156,0.436,0.621,0.379,0.713,0.288,0.653,0.347,29,30,11,30,19,23,8,21,29,4,28,28,11,12,3,28,29,2,4,27,08/09/2020
1610612744,Golden State Warriors,7,3,4,0.429,48.0,0.587,0.413,0.525,0.089,0.31,0.101,0.165,0.145,0.437,0.637,0.363,0.937,0.063,0.721,0.279,24,23,3,19,19,19,12,10,11,22,23,16,19,11,1,30,1,30,2,29,08/09/2020
1610612745,Houston Rockets,11,6,5,0.545,48.9,0.449,0.551,0.394,0.028,0.42,0.113,0.185,0.175,0.366,0.405,0.595,0.81,0.19,0.573,0.427,18,12,11,10,6,30,1,30,30,1,14,4,4,28,30,1,21,10,24,7,08/09/2020
1610612754,Indiana Pacers,12,9,3,0.75,48.0,0.685,0.315,0.59,0.121,0.273,0.125,0.137,0.181,0.469,0.471,0.529,0.852,0.148,0.561,0.439,9,1,1,1,19,2,29,2,3,28,10,29,2,4,24,7,11,20,25,6,08/09/2020
1610612746,LA Clippers,12,8,4,0.667,48.0,0.584,0.416,0.451,0.096,0.36,0.101,0.189,0.162,0.355,0.434,0.566,0.751,0.249,0.544,0.456,9,2,3,3,19,21,10,25,9,10,24,3,7,29,27,4,26,5,27,4,08/09/2020
1610612747,Los Angeles Lakers,13,7,6,0.538,48.0,0.62,0.38,0.552,0.09,0.27,0.16,0.179,0.18,0.462,0.468,0.532,0.815,0.185,0.554,0.446,1,5,20,12,19,11,20,6,10,29,2,8,3,8,26,5,20,11,26,5,08/09/2020
1610612763,Memphis Grizzlies,13,5,8,0.385,48.4,0.619,0.381,0.531,0.066,0.313,0.14,0.156,0.159,0.465,0.513,0.487,0.875,0.125,0.615,0.385,1,18,28,24,14,12,19,8,22,21,5,19,9,7,16,15,8,23,14,17,08/09/2020
1610612748,Miami Heat,12,7,5,0.583,48.0,0.53,0.47,0.41,0.06,0.41,0.122,0.181,0.148,0.35,0.63,0.37,0.879,0.121,0.73,0.27,9,5,11,7,19,28,3,29,23,2,11,6,17,30,2,29,7,24,1,30,08/09/2020
1610612749,Milwaukee Bucks,12,5,7,0.417,48.4,0.547,0.453,0.497,0.076,0.342,0.143,0.161,0.136,0.422,0.488,0.512,0.809,0.191,0.589,0.411,9,18,24,22,11,24,7,16,15,15,3,17,23,13,18,13,22,9,18,13,08/09/2020
1610612750,Minnesota Timberwolves,7,2,5,0.286,48.0,0.586,0.414,0.506,0.04,0.354,0.11,0.14,0.155,0.467,0.515,0.485,0.737,0.263,0.585,0.415,24,27,11,27,19,20,11,14,27,11,17,27,13,6,15,16,27,4,21,10,08/09/2020
1610612740,New Orleans Pelicans,12,5,7,0.417,48.4,0.636,0.364,0.543,0.072,0.305,0.129,0.153,0.14,0.471,0.562,0.438,0.894,0.106,0.653,0.347,9,18,24,22,11,7,24,7,20,23,8,22,22,3,5,26,4,27,5,26,08/09/2020
1610612752,New York Knicks,8,4,4,0.5,48.6,0.735,0.265,0.62,0.075,0.211,0.065,0.169,0.12,0.545,0.525,0.475,0.844,0.156,0.584,0.416,23,22,3,14,9,1,30,1,17,30,30,13,28,1,13,18,14,17,23,8,08/09/2020
1610612760,Oklahoma City Thunder,11,7,4,0.636,48.5,0.638,0.362,0.523,0.124,0.298,0.101,0.179,0.16,0.399,0.412,0.588,0.769,0.231,0.511,0.489,18,5,3,4,10,6,25,11,2,25,21,7,8,18,29,2,25,6,30,1,08/09/2020
1610612753,Orlando Magic,13,6,7,0.462,48.4,0.606,0.394,0.509,0.111,0.319,0.111,0.172,0.141,0.399,0.532,0.468,0.896,0.104,0.639,0.361,1,12,24,17,14,16,15,13,6,19,15,10,21,19,9,22,3,28,9,22,08/09/2020
1610612755,Philadelphia 76ers,11,6,5,0.545,48.0,0.633,0.367,0.497,0.083,0.35,0.089,0.153,0.119,0.414,0.481,0.519,0.816,0.184,0.588,0.412,18,12,11,10,19,8,23,17,14,12,26,21,29,14,19,12,19,12,19,12,08/09/2020
1610612756,Phoenix Suns,11,7,4,0.636,48.0,0.613,0.387,0.489,0.109,0.34,0.136,0.171,0.145,0.38,0.543,0.457,0.884,0.116,0.651,0.349,18,5,3,4,19,14,17,18,7,17,6,12,18,24,8,23,5,26,6,25,08/09/2020
1610612757,Portland Trail Blazers,13,7,6,0.538,48.4,0.616,0.384,0.501,0.114,0.348,0.111,0.151,0.131,0.387,0.425,0.575,0.718,0.282,0.517,0.483,1,5,20,12,14,13,18,15,5,14,16,23,25,22,28,3,28,3,29,2,08/09/2020
1610612758,Sacramento Kings,13,5,8,0.385,48.4,0.613,0.387,0.527,0.073,0.318,0.114,0.155,0.141,0.454,0.478,0.522,0.849,0.151,0.585,0.415,1,18,28,24,14,15,16,9,18,20,13,20,20,9,20,11,12,19,22,9,08/09/2020
1610612759,San Antonio Spurs,12,7,5,0.583,48.4,0.673,0.327,0.521,0.143,0.298,0.101,0.181,0.156,0.379,0.469,0.531,0.908,0.092,0.59,0.41,9,5,11,7,11,3,28,12,1,26,20,5,12,25,25,6,2,29,17,14,08/09/2020
1610612761,Toronto Raptors,11,8,3,0.727,48.0,0.542,0.458,0.425,0.036,0.363,0.165,0.212,0.149,0.389,0.529,0.471,0.781,0.219,0.62,0.38,18,2,1,2,19,26,5,28,28,9,1,1,16,21,11,20,24,7,13,18,08/09/2020
1610612762,Utah Jazz,12,7,5,0.583,48.8,0.533,0.467,0.44,0.055,0.393,0.081,0.167,0.129,0.385,0.476,0.524,0.824,0.176,0.606,0.394,9,5,11,7,7,27,4,27,24,3,29,14,26,23,22,9,16,15,16,15,08/09/2020
1610612764,Washington Wizards,13,3,10,0.231,48.0,0.629,0.371,0.468,0.101,0.341,0.141,0.191,0.163,0.367,0.507,0.493,0.822,0.178,0.61,0.39,1,23,30,29,19,9,22,22,8,16,4,2,6,27,17,14,17,14,15,16,08/09/2020
1610612737,Atlanta Hawks,7,3,4,0.429,50.1,0.576,0.424,0.476,0.073,0.376,0.122,0.148,0.135,0.402,0.527,0.473,0.821,0.179,0.629,0.371,23,23,4,20,1,22,9,20,19,7,11,24,24,17,11,20,19,12,10,21,08/10/2020
1610612738,Boston Celtics,12,6,6,0.5,49.3,0.588,0.412,0.478,0.085,0.349,0.126,0.173,0.151,0.393,0.474,0.526,0.673,0.327,0.539,0.461,11,12,20,14,4,18,13,19,12,13,9,11,16,19,22,9,30,1,28,3,08/10/2020
1610612751,Brooklyn Nets,13,8,5,0.615,48.4,0.543,0.457,0.464,0.05,0.366,0.109,0.171,0.113,0.413,0.531,0.469,0.848,0.152,0.64,0.36,2,2,10,5,15,26,5,23,25,8,18,14,30,14,10,21,12,19,8,23,08/10/2020
1610612766,Charlotte Hornets,7,3,4,0.429,49.4,0.591,0.409,0.454,0.045,0.386,0.101,0.16,0.158,0.408,0.55,0.45,0.825,0.175,0.649,0.351,23,23,4,20,2,17,14,25,26,5,22,18,10,16,6,25,15,16,7,24,08/10/2020
1610612741,Chicago Bulls,6,2,4,0.333,48.0,0.624,0.376,0.555,0.086,0.328,0.096,0.117,0.208,0.468,0.478,0.522,0.859,0.141,0.586,0.414,28,27,4,26,19,10,21,5,10,18,24,30,1,4,21,10,9,22,19,12,08/10/2020
1610612739,Cleveland Cavaliers,7,2,5,0.286,48.7,0.643,0.357,0.556,0.068,0.302,0.129,0.142,0.167,0.488,0.601,0.399,0.883,0.117,0.676,0.324,23,27,10,27,8,5,26,4,21,25,7,25,5,2,4,27,5,26,3,28,08/10/2020
1610612742,Dallas Mavericks,14,7,7,0.5,49.4,0.541,0.459,0.461,0.078,0.377,0.085,0.162,0.126,0.383,0.522,0.478,0.804,0.196,0.622,0.378,1,7,23,14,2,27,4,24,14,6,27,17,27,22,12,19,23,8,12,19,08/10/2020
1610612743,Denver Nuggets,13,6,7,0.462,49.2,0.647,0.353,0.564,0.113,0.295,0.102,0.141,0.144,0.451,0.549,0.451,0.856,0.144,0.628,0.372,2,12,23,18,5,4,27,3,4,27,20,26,19,9,7,24,10,21,11,20,08/10/2020
1610612765,Detroit Pistons,6,1,5,0.167,48.0,0.565,0.435,0.472,0.036,0.39,0.083,0.138,0.156,0.436,0.621,0.379,0.713,0.288,0.653,0.347,28,30,10,30,19,23,8,21,29,4,28,28,11,11,2,29,29,2,5,26,08/10/2020
1610612744,Golden State Warriors,6,3,3,0.5,48.0,0.584,0.416,0.518,0.085,0.309,0.09,0.172,0.152,0.433,0.619,0.381,0.943,0.057,0.711,0.289,28,23,1,14,19,20,11,11,11,23,26,12,14,12,3,28,1,30,2,29,08/10/2020
1610612745,Houston Rockets,11,6,5,0.545,48.9,0.449,0.551,0.394,0.028,0.42,0.113,0.185,0.175,0.366,0.405,0.595,0.81,0.19,0.573,0.427,20,12,10,10,6,30,1,30,30,1,14,4,4,28,30,1,22,9,23,8,08/10/2020
1610612754,Indiana Pacers,12,8,4,0.667,48.0,0.674,0.326,0.583,0.116,0.281,0.118,0.137,0.177,0.466,0.479,0.521,0.839,0.161,0.567,0.433,11,2,4,2,19,2,29,2,3,29,13,29,3,6,20,11,14,17,25,6,08/10/2020
1610612746,LA Clippers,12,8,4,0.667,48.0,0.584,0.416,0.451,0.096,0.36,0.101,0.189,0.162,0.355,0.434,0.566,0.751,0.249,0.544,0.456,11,2,4,2,19,21,10,26,9,9,23,3,8,30,28,3,26,5,27,4,08/10/2020
1610612747,Los Angeles Lakers,13,7,6,0.538,48.0,0.613,0.387,0.538,0.082,0.281,0.152,0.18,0.18,0.456,0.472,0.528,0.823,0.177,0.563,0.437,2,7,20,12,19,13,18,7,13,28,2,6,2,8,23,8,17,14,26,5,08/10/2020
1610612763,Memphis Grizzlies,13,5,8,0.385,48.4,0.619,0.381,0.531,0.066,0.313,0.14,0.156,0.159,0.465,0.513,0.487,0.875,0.125,0.615,0.385,2,17,28,24,15,11,20,8,22,21,5,21,9,7,15,16,8,23,14,17,08/10/2020
1610612748,Miami Heat,13,8,5,0.615,48.0,0.535,0.465,0.42,0.059,0.404,0.124,0.176,0.149,0.361,0.625,0.375,0.877,0.123,0.723,0.277,2,2,10,5,19,28,3,29,23,3,10,8,17,29,1,30,7,24,1,30,08/10/2020
1610612749,Milwaukee Bucks,13,5,8,0.385,48.4,0.543,0.457,0.487,0.076,0.346,0.134,0.167,0.139,0.412,0.493,0.507,0.825,0.175,0.6,0.4,2,17,28,24,15,25,6,17,17,14,6,15,23,15,18,13,16,15,17,14,08/10/2020
1610612750,Minnesota Timberwolves,7,2,5,0.286,48.0,0.586,0.414,0.506,0.04,0.354,0.11,0.14,0.155,0.467,0.515,0.485,0.737,0.263,0.585,0.415,23,27,10,27,19,19,12,14,28,11,17,27,13,5,14,17,27,4,20,11,08/10/2020
1610612740,New Orleans Pelicans,12,5,7,0.417,48.4,0.636,0.364,0.543,0.072,0.305,0.129,0.153,0.14,0.471,0.562,0.438,0.894,0.106,0.653,0.347,11,17,23,22,11,6,25,6,20,24,8,23,22,3,5,26,4,27,6,25,08/10/2020
1610612752,New York Knicks,7,4,3,0.571,48.7,0.737,0.263,0.617,0.075,0.209,0.07,0.174,0.124,0.542,0.512,0.488,0.839,0.161,0.572,0.428,23,22,1,9,8,1,30,1,18,30,30,10,28,1,16,15,13,18,24,7,08/10/2020
1610612760,Oklahoma City Thunder,11,6,5,0.545,48.5,0.626,0.374,0.511,0.123,0.311,0.111,0.178,0.167,0.387,0.426,0.574,0.777,0.223,0.527,0.473,20,12,10,10,10,9,22,12,2,22,16,7,6,21,29,2,25,6,30,1,08/10/2020
1610612753,Orlando Magic,13,6,7,0.462,48.4,0.606,0.394,0.509,0.111,0.319,0.111,0.172,0.141,0.399,0.532,0.468,0.896,0.104,0.639,0.361,2,12,23,18,15,16,15,13,6,19,15,13,21,18,9,22,3,28,9,22,08/10/2020
1610612755,Philadelphia 76ers,10,5,5,0.5,48.0,0.63,0.37,0.495,0.077,0.346,0.093,0.16,0.122,0.417,0.463,0.537,0.818,0.182,0.575,0.425,22,17,10,14,19,7,24,15,15,15,25,19,29,13,25,6,20,11,21,10,08/10/2020
1610612756,Phoenix Suns,12,8,4,0.667,48.0,0.614,0.386,0.48,0.106,0.345,0.14,0.174,0.146,0.374,0.547,0.453,0.877,0.123,0.654,0.346,11,2,4,2,19,12,19,18,7,16,4,9,18,26,8,23,6,25,4,27,08/10/2020
1610612757,Portland Trail Blazers,12,7,5,0.583,48.4,0.612,0.388,0.491,0.111,0.353,0.108,0.155,0.133,0.381,0.44,0.56,0.721,0.279,0.531,0.469,11,7,10,7,11,15,16,16,5,12,19,22,25,23,27,4,28,3,29,2,08/10/2020
1610612758,Sacramento Kings,12,5,7,0.417,48.4,0.613,0.387,0.526,0.076,0.317,0.119,0.157,0.143,0.45,0.462,0.538,0.85,0.15,0.573,0.427,11,17,23,22,11,14,17,9,16,20,12,20,20,10,26,5,11,20,22,9,08/10/2020
1610612759,San Antonio Spurs,12,7,5,0.583,48.4,0.673,0.327,0.521,0.143,0.298,0.101,0.181,0.156,0.379,0.469,0.531,0.908,0.092,0.59,0.41,11,7,10,7,11,3,28,10,1,26,21,5,12,24,24,7,2,29,18,13,08/10/2020
1610612761,Toronto Raptors,12,9,3,0.75,48.0,0.546,0.454,0.434,0.044,0.359,0.163,0.207,0.151,0.39,0.519,0.481,0.791,0.209,0.616,0.384,11,1,1,1,19,24,7,27,27,10,1,1,15,20,13,18,24,7,13,18,08/10/2020
1610612762,Utah Jazz,13,7,6,0.538,48.8,0.526,0.474,0.431,0.056,0.405,0.08,0.164,0.127,0.374,0.487,0.513,0.817,0.183,0.614,0.386,2,7,20,12,7,29,2,28,24,2,29,16,26,25,19,12,21,10,15,16,08/10/2020
1610612764,Washington Wizards,13,3,10,0.231,48.0,0.629,0.371,0.468,0.101,0.341,0.141,0.191,0.163,0.367,0.507,0.493,0.822,0.178,0.61,0.39,2,23,30,29,19,8,23,22,8,17,3,2,7,27,17,14,18,13,16,15,08/10/2020
1610612737,Atlanta Hawks,6,2,4,0.333,50.5,0.572,0.428,0.483,0.068,0.371,0.124,0.146,0.131,0.415,0.541,0.459,0.793,0.207,0.626,0.374,24,25,5,23,1,22,9,18,21,7,10,25,26,15,7,24,23,8,10,21,08/11/2020
1610612738,Boston Celtics,13,7,6,0.538,49.2,0.587,0.413,0.477,0.091,0.352,0.122,0.171,0.142,0.385,0.479,0.521,0.691,0.309,0.549,0.451,2,7,18,11,5,19,12,19,10,11,11,15,21,20,20,11,29,2,27,4,08/11/2020
1610612751,Brooklyn Nets,13,9,4,0.692,48.4,0.544,0.456,0.468,0.052,0.358,0.107,0.174,0.117,0.416,0.524,0.476,0.86,0.14,0.638,0.362,2,1,5,3,13,26,5,21,25,9,17,11,30,14,12,19,11,20,9,22,08/11/2020
1610612766,Charlotte Hornets,6,2,4,0.333,49.7,0.587,0.413,0.458,0.052,0.385,0.09,0.157,0.173,0.406,0.54,0.46,0.833,0.167,0.645,0.355,24,25,5,23,2,18,13,24,26,5,25,20,5,17,8,23,16,15,5,26,08/11/2020
1610612741,Chicago Bulls,6,2,4,0.333,48.0,0.624,0.376,0.555,0.086,0.328,0.096,0.117,0.208,0.468,0.478,0.522,0.859,0.141,0.586,0.414,24,25,5,23,19,10,21,4,11,18,23,30,1,4,21,10,12,19,19,12,08/11/2020
1610612739,Cleveland Cavaliers,6,2,4,0.333,48.8,0.637,0.363,0.547,0.066,0.299,0.125,0.154,0.165,0.48,0.608,0.392,0.894,0.106,0.684,0.316,24,25,5,23,6,5,26,5,22,26,9,23,6,2,4,27,3,28,3,28,08/11/2020
1610612742,Dallas Mavericks,14,7,7,0.5,49.4,0.545,0.455,0.461,0.079,0.373,0.086,0.167,0.127,0.382,0.531,0.469,0.798,0.202,0.625,0.375,1,7,24,13,3,25,6,23,14,6,28,16,27,21,10,21,22,9,11,20,08/11/2020
1610612743,Denver Nuggets,12,6,6,0.5,49.3,0.64,0.36,0.56,0.111,0.297,0.103,0.143,0.143,0.448,0.563,0.437,0.861,0.139,0.641,0.359,11,12,18,13,4,4,27,3,5,27,19,27,20,10,5,26,10,21,7,24,08/11/2020
1610612765,Detroit Pistons,5,0,5,0.0,48.0,0.548,0.452,0.454,0.032,0.4,0.092,0.145,0.151,0.422,0.649,0.351,0.687,0.313,0.663,0.337,30,30,14,30,19,23,8,25,29,4,24,26,15,12,1,30,30,1,4,27,08/11/2020
1610612744,Golden State Warriors,6,3,3,0.5,48.0,0.584,0.416,0.518,0.085,0.309,0.09,0.172,0.152,0.433,0.619,0.381,0.943,0.057,0.711,0.289,24,23,2,13,19,21,10,11,12,23,26,13,14,11,3,28,1,30,2,29,08/11/2020
1610612745,Houston Rockets,12,6,6,0.5,48.8,0.45,0.55,0.396,0.027,0.419,0.113,0.185,0.179,0.369,0.398,0.602,0.808,0.192,0.567,0.433,11,12,18,13,6,30,1,30,30,1,16,4,3,27,30,1,21,10,24,7,08/11/2020
1610612754,Indiana Pacers,12,8,4,0.667,48.0,0.674,0.326,0.583,0.116,0.281,0.118,0.137,0.177,0.466,0.479,0.521,0.839,0.161,0.567,0.433,11,4,5,4,19,2,29,2,3,29,13,29,4,6,19,12,14,17,25,6,08/11/2020
1610612746,LA Clippers,11,7,4,0.636,48.0,0.586,0.414,0.451,0.096,0.355,0.099,0.194,0.16,0.354,0.414,0.586,0.735,0.265,0.524,0.476,19,7,5,5,19,20,11,26,9,10,22,3,10,30,29,2,27,4,29,2,08/11/2020
1610612747,Los Angeles Lakers,13,7,6,0.538,48.0,0.613,0.387,0.538,0.082,0.281,0.152,0.18,0.18,0.456,0.472,0.528,0.823,0.177,0.563,0.437,2,7,18,11,19,15,16,7,13,28,2,6,2,7,23,8,19,12,26,5,08/11/2020
1610612763,Memphis Grizzlies,13,5,8,0.385,48.4,0.619,0.381,0.524,0.068,0.31,0.128,0.166,0.162,0.456,0.517,0.483,0.874,0.126,0.618,0.382,2,16,26,20,13,12,19,9,20,22,6,17,9,8,13,18,7,24,15,16,08/11/2020
1610612748,Miami Heat,12,7,5,0.583,48.0,0.534,0.466,0.424,0.058,0.404,0.126,0.172,0.158,0.366,0.625,0.375,0.876,0.124,0.723,0.277,11,7,14,9,19,28,3,29,24,2,8,14,12,28,2,29,6,25,1,30,08/11/2020
1610612749,Milwaukee Bucks,13,5,8,0.385,48.4,0.544,0.456,0.485,0.075,0.342,0.138,0.173,0.133,0.411,0.478,0.522,0.827,0.173,0.589,0.411,2,16,26,20,13,27,4,17,18,16,3,12,25,16,22,9,17,14,18,13,08/11/2020
1610612750,Minnesota Timberwolves,6,2,4,0.333,48.0,0.594,0.406,0.514,0.035,0.344,0.128,0.142,0.159,0.479,0.514,0.486,0.744,0.256,0.585,0.415,24,25,5,23,19,17,14,12,28,15,7,28,11,3,14,17,26,5,20,11,08/11/2020
1610612740,New Orleans Pelicans,12,4,8,0.333,48.4,0.633,0.367,0.541,0.074,0.302,0.122,0.157,0.149,0.467,0.544,0.456,0.892,0.108,0.639,0.361,11,21,26,23,11,6,25,6,19,24,12,21,16,5,6,25,4,27,8,23,08/11/2020
1610612752,New York Knicks,7,4,3,0.571,48.7,0.737,0.263,0.617,0.075,0.209,0.07,0.174,0.124,0.542,0.512,0.488,0.839,0.161,0.572,0.428,23,21,2,10,9,1,30,1,17,30,30,10,28,1,15,16,13,18,23,8,08/11/2020
1610612760,Oklahoma City Thunder,10,6,4,0.6,48.5,0.627,0.373,0.501,0.124,0.319,0.103,0.179,0.157,0.377,0.432,0.568,0.783,0.217,0.536,0.464,22,12,5,8,10,9,22,14,2,19,20,7,13,24,27,4,25,6,28,3,08/11/2020
1610612753,Orlando Magic,13,5,8,0.385,48.4,0.616,0.384,0.502,0.112,0.317,0.115,0.181,0.145,0.389,0.512,0.488,0.88,0.12,0.621,0.379,2,16,26,20,13,13,18,13,4,20,14,5,17,19,16,15,5,26,13,18,08/11/2020
1610612755,Philadelphia 76ers,11,5,6,0.455,48.0,0.632,0.368,0.498,0.077,0.349,0.087,0.153,0.118,0.421,0.465,0.535,0.822,0.178,0.579,0.421,19,16,18,18,19,7,24,15,16,13,27,24,29,13,25,6,20,11,21,10,08/11/2020
1610612756,Phoenix Suns,12,9,3,0.75,48.0,0.614,0.386,0.475,0.103,0.347,0.135,0.178,0.145,0.372,0.534,0.466,0.867,0.133,0.643,0.357,11,1,2,2,19,14,17,20,7,14,4,9,18,26,9,22,9,22,6,25,08/11/2020
1610612757,Portland Trail Blazers,13,8,5,0.615,48.4,0.612,0.388,0.489,0.109,0.352,0.105,0.159,0.133,0.38,0.431,0.569,0.706,0.294,0.52,0.48,2,4,14,6,13,16,15,16,6,12,18,19,24,22,28,3,28,3,30,1,08/11/2020
1610612758,Sacramento Kings,12,5,7,0.417,48.4,0.623,0.377,0.53,0.079,0.315,0.114,0.154,0.142,0.452,0.456,0.544,0.871,0.129,0.573,0.427,11,16,24,19,11,11,20,8,15,21,15,22,22,9,26,5,8,23,22,9,08/11/2020
1610612759,San Antonio Spurs,13,8,5,0.615,48.4,0.671,0.329,0.523,0.143,0.299,0.102,0.178,0.164,0.38,0.47,0.53,0.91,0.09,0.592,0.408,2,4,14,6,13,3,28,10,1,25,21,8,7,23,24,7,2,29,17,14,08/11/2020
1610612761,Toronto Raptors,11,9,2,0.818,48.0,0.546,0.454,0.431,0.041,0.362,0.152,0.207,0.144,0.39,0.527,0.473,0.784,0.216,0.619,0.381,19,1,1,1,19,24,7,28,27,8,1,1,19,18,11,20,24,7,14,17,08/11/2020
1610612762,Utah Jazz,12,6,6,0.5,48.8,0.521,0.479,0.435,0.06,0.402,0.084,0.163,0.134,0.375,0.498,0.502,0.826,0.174,0.623,0.377,11,12,18,13,6,29,2,27,23,3,29,18,23,25,18,13,18,13,12,19,08/11/2020
1610612764,Washington Wizards,13,3,10,0.231,48.0,0.629,0.371,0.464,0.102,0.339,0.134,0.197,0.163,0.362,0.508,0.492,0.839,0.161,0.616,0.384,2,23,30,29,19,8,23,22,8,17,5,2,8,29,17,14,15,16,16,15,08/11/2020
1610612737,Atlanta Hawks,5,1,4,0.2,51.0,0.585,0.415,0.494,0.07,0.36,0.115,0.146,0.123,0.424,0.521,0.479,0.768,0.232,0.602,0.398,26,29,8,29,1,20,11,14,20,9,12,25,28,12,11,20,25,6,16,15,08/12/2020
1610612738,Boston Celtics,12,7,5,0.583,48.8,0.587,0.413,0.477,0.095,0.352,0.12,0.171,0.142,0.381,0.472,0.528,0.703,0.297,0.548,0.452,5,7,15,8,6,18,13,19,10,13,11,14,19,21,21,10,29,2,27,4,08/12/2020
1610612751,Brooklyn Nets,12,9,3,0.75,48.4,0.549,0.451,0.472,0.056,0.353,0.113,0.176,0.123,0.415,0.517,0.483,0.853,0.147,0.629,0.371,5,2,3,3,10,23,8,21,25,12,14,10,29,14,12,19,13,18,9,22,08/12/2020
1610612766,Charlotte Hornets,6,2,4,0.333,49.7,0.587,0.413,0.458,0.052,0.385,0.09,0.157,0.173,0.406,0.54,0.46,0.833,0.167,0.645,0.355,23,24,8,24,2,19,12,24,26,5,26,21,5,17,7,24,16,15,6,25,08/12/2020
1610612741,Chicago Bulls,5,2,3,0.4,48.0,0.627,0.373,0.584,0.09,0.303,0.096,0.112,0.199,0.494,0.462,0.538,0.907,0.093,0.576,0.424,26,24,3,20,19,7,24,2,11,24,24,30,1,2,24,7,3,28,22,9,08/12/2020
1610612739,Cleveland Cavaliers,5,2,3,0.4,49.0,0.616,0.384,0.52,0.065,0.328,0.109,0.152,0.17,0.455,0.586,0.414,0.885,0.115,0.675,0.325,26,24,3,20,5,12,19,9,21,19,15,24,6,7,4,27,6,25,3,28,08/12/2020
1610612742,Dallas Mavericks,14,7,7,0.5,49.4,0.545,0.455,0.461,0.079,0.373,0.086,0.167,0.127,0.382,0.531,0.469,0.798,0.202,0.625,0.375,1,7,21,11,3,25,6,23,14,6,28,16,27,20,8,23,23,8,11,20,08/12/2020
1610612743,Denver Nuggets,13,6,7,0.462,49.2,0.637,0.363,0.558,0.108,0.301,0.102,0.141,0.137,0.45,0.573,0.427,0.867,0.133,0.651,0.349,2,12,21,15,4,4,27,4,5,26,19,29,22,10,5,26,10,21,5,26,08/12/2020
1610612765,Detroit Pistons,5,0,5,0.0,48.0,0.548,0.452,0.454,0.032,0.4,0.092,0.145,0.151,0.422,0.649,0.351,0.687,0.313,0.663,0.337,26,30,15,30,19,24,7,26,29,4,25,26,15,13,1,30,30,1,4,27,08/12/2020
1610612744,Golden State Warriors,5,2,3,0.4,48.0,0.57,0.43,0.511,0.085,0.324,0.096,0.165,0.152,0.426,0.611,0.389,0.934,0.066,0.707,0.293,26,24,3,20,19,22,9,12,13,20,23,17,14,11,2,29,1,30,2,29,08/12/2020
1610612745,Houston Rockets,12,5,7,0.417,48.4,0.442,0.558,0.384,0.023,0.423,0.109,0.193,0.185,0.36,0.424,0.576,0.804,0.196,0.585,0.415,5,15,21,16,10,30,1,30,30,1,16,3,2,29,30,1,21,10,20,11,08/12/2020
1610612754,Indiana Pacers,12,8,4,0.667,48.0,0.67,0.33,0.57,0.111,0.289,0.12,0.142,0.183,0.459,0.479,0.521,0.819,0.181,0.565,0.435,5,4,8,4,19,3,28,3,4,28,10,28,3,5,19,12,20,11,24,7,08/12/2020
1610612746,LA Clippers,12,8,4,0.667,48.0,0.585,0.415,0.456,0.103,0.354,0.098,0.19,0.161,0.353,0.428,0.572,0.74,0.26,0.534,0.466,5,4,8,4,19,21,10,25,7,11,22,4,10,30,28,3,27,4,29,2,08/12/2020
1610612747,Los Angeles Lakers,12,7,5,0.583,48.0,0.614,0.386,0.533,0.076,0.28,0.152,0.187,0.18,0.458,0.454,0.546,0.826,0.174,0.55,0.45,5,7,15,8,19,13,18,6,17,29,1,5,4,6,26,5,18,13,26,5,08/12/2020
1610612763,Memphis Grizzlies,12,4,8,0.333,48.4,0.614,0.386,0.516,0.063,0.312,0.129,0.172,0.159,0.453,0.514,0.486,0.872,0.128,0.617,0.383,5,20,27,24,10,14,17,10,22,22,7,13,12,8,13,17,8,23,13,18,08/12/2020
1610612748,Miami Heat,12,6,6,0.5,48.0,0.527,0.473,0.426,0.061,0.405,0.13,0.17,0.166,0.365,0.605,0.395,0.888,0.112,0.715,0.285,5,12,19,11,19,28,3,28,23,2,6,15,8,27,3,28,5,26,1,30,08/12/2020
1610612749,Milwaukee Bucks,13,5,8,0.385,48.4,0.544,0.456,0.485,0.075,0.342,0.138,0.173,0.133,0.411,0.478,0.522,0.827,0.173,0.589,0.411,2,15,27,23,18,27,4,17,18,16,3,11,25,15,20,11,17,14,17,14,08/12/2020
1610612750,Minnesota Timberwolves,6,2,4,0.333,48.0,0.594,0.406,0.514,0.035,0.344,0.128,0.142,0.159,0.479,0.514,0.486,0.744,0.256,0.585,0.415,23,24,8,24,19,17,14,11,28,15,8,27,11,3,13,17,26,5,21,10,08/12/2020
1610612740,New Orleans Pelicans,12,4,8,0.333,48.4,0.633,0.367,0.541,0.074,0.302,0.122,0.157,0.149,0.467,0.544,0.456,0.892,0.108,0.639,0.361,5,20,27,24,10,5,26,5,19,25,9,22,16,4,6,25,4,27,7,24,08/12/2020
1610612752,New York Knicks,6,3,3,0.5,48.8,0.732,0.268,0.616,0.085,0.212,0.082,0.172,0.137,0.53,0.498,0.502,0.854,0.146,0.564,0.436,23,22,3,11,6,1,30,1,12,30,30,12,23,1,18,13,12,19,25,6,08/12/2020
1610612760,Oklahoma City Thunder,11,7,4,0.636,48.5,0.618,0.382,0.491,0.12,0.328,0.099,0.18,0.153,0.371,0.425,0.575,0.779,0.221,0.534,0.466,21,7,8,7,9,11,20,15,2,18,20,8,13,26,29,2,24,7,30,1,08/12/2020
1610612753,Orlando Magic,12,5,7,0.417,48.4,0.62,0.38,0.505,0.117,0.31,0.106,0.185,0.14,0.388,0.507,0.493,0.881,0.119,0.616,0.384,5,15,21,16,10,10,21,13,3,23,17,6,21,18,16,15,7,24,14,16,08/12/2020
1610612755,Philadelphia 76ers,12,5,7,0.417,48.0,0.623,0.377,0.486,0.077,0.355,0.088,0.158,0.112,0.409,0.467,0.533,0.834,0.166,0.587,0.413,5,15,21,16,19,8,23,16,16,10,27,20,30,16,23,8,15,16,19,12,08/12/2020
1610612756,Phoenix Suns,11,9,2,0.818,48.0,0.611,0.389,0.478,0.106,0.346,0.135,0.177,0.144,0.371,0.53,0.47,0.864,0.136,0.638,0.362,21,2,1,2,19,15,16,18,6,14,4,9,18,25,9,22,11,20,8,23,08/12/2020
1610612757,Portland Trail Blazers,12,8,4,0.667,48.4,0.604,0.396,0.475,0.1,0.363,0.099,0.162,0.128,0.375,0.453,0.547,0.709,0.291,0.54,0.46,5,4,8,4,10,16,15,20,9,8,21,19,26,23,27,4,28,3,28,3,08/12/2020
1610612758,Sacramento Kings,12,5,7,0.417,48.4,0.623,0.377,0.53,0.079,0.315,0.114,0.154,0.142,0.452,0.456,0.544,0.871,0.129,0.573,0.427,5,15,21,16,10,9,22,7,15,21,13,23,20,9,25,6,9,22,23,8,08/12/2020
1610612759,San Antonio Spurs,12,7,5,0.583,48.4,0.674,0.326,0.522,0.143,0.294,0.105,0.184,0.167,0.379,0.468,0.532,0.908,0.092,0.588,0.412,5,7,15,8,10,2,29,8,1,27,18,7,7,22,22,9,2,29,18,13,08/12/2020
1610612761,Toronto Raptors,12,10,2,0.833,48.0,0.544,0.456,0.423,0.038,0.369,0.147,0.208,0.147,0.385,0.524,0.476,0.801,0.199,0.626,0.374,5,1,1,1,19,26,5,29,27,7,2,1,17,19,10,21,22,9,10,21,08/12/2020
1610612762,Utah Jazz,12,6,6,0.5,48.8,0.521,0.479,0.435,0.06,0.402,0.084,0.163,0.134,0.375,0.498,0.502,0.826,0.174,0.623,0.377,5,12,19,11,6,29,2,27,24,3,29,18,24,24,17,14,19,12,12,19,08/12/2020
1610612764,Washington Wizards,13,3,10,0.231,48.0,0.629,0.371,0.464,0.102,0.339,0.134,0.197,0.163,0.362,0.508,0.492,0.839,0.161,0.616,0.384,2,22,30,28,19,6,25,22,8,17,5,2,9,28,15,16,14,17,14,16,08/12/2020
1610612737,Atlanta Hawks,5,1,4,0.2,51.0,0.585,0.415,0.494,0.07,0.36,0.115,0.146,0.123,0.424,0.521,0.479,0.768,0.232,0.602,0.398,24,29,9,29,1,19,12,13,20,9,12,25,27,12,11,20,26,5,16,15,08/13/2020
1610612738,Boston Celtics,13,7,6,0.538,48.8,0.588,0.412,0.484,0.094,0.347,0.121,0.169,0.144,0.391,0.478,0.522,0.711,0.289,0.553,0.447,2,6,16,8,7,18,13,18,10,13,8,16,19,18,21,10,29,2,27,4,08/13/2020
1610612751,Brooklyn Nets,13,9,4,0.692,48.4,0.557,0.443,0.482,0.064,0.349,0.112,0.169,0.12,0.417,0.503,0.497,0.859,0.141,0.619,0.381,2,3,9,3,13,23,8,20,23,12,14,14,28,14,15,16,12,19,12,19,08/13/2020
1610612766,Charlotte Hornets,5,2,3,0.4,50.0,0.576,0.424,0.435,0.046,0.4,0.096,0.165,0.163,0.389,0.532,0.468,0.829,0.171,0.645,0.355,24,24,4,21,2,21,10,27,26,4,21,18,11,19,7,24,17,14,5,26,08/13/2020
1610612741,Chicago Bulls,5,2,3,0.4,48.0,0.627,0.373,0.584,0.09,0.303,0.096,0.112,0.199,0.494,0.462,0.538,0.907,0.093,0.576,0.424,24,24,4,21,19,8,23,2,11,25,23,30,1,2,26,5,2,29,23,8,08/13/2020
1610612739,Cleveland Cavaliers,5,2,3,0.4,49.0,0.616,0.384,0.52,0.065,0.328,0.109,0.152,0.17,0.455,0.586,0.414,0.885,0.115,0.675,0.325,24,24,4,21,5,11,20,9,22,20,16,23,5,6,4,27,6,25,3,28,08/13/2020
1610612742,Dallas Mavericks,14,6,8,0.429,49.4,0.554,0.446,0.461,0.07,0.369,0.082,0.17,0.118,0.391,0.516,0.484,0.79,0.21,0.611,0.389,1,11,26,17,3,24,7,24,19,6,30,12,29,17,13,18,23,8,14,17,08/13/2020
1610612743,Denver Nuggets,12,5,7,0.417,49.3,0.643,0.357,0.57,0.116,0.291,0.107,0.139,0.135,0.454,0.564,0.436,0.848,0.152,0.637,0.363,11,15,22,18,4,4,27,3,4,27,18,29,25,7,5,26,15,16,7,24,08/13/2020
1610612765,Detroit Pistons,4,0,4,0.0,48.0,0.565,0.435,0.493,0.04,0.366,0.085,0.142,0.157,0.453,0.626,0.374,0.714,0.286,0.655,0.345,29,30,9,30,19,22,9,15,28,7,27,26,13,10,2,29,28,3,4,27,08/13/2020
1610612744,Golden State Warriors,4,2,2,0.5,48.0,0.54,0.46,0.489,0.088,0.344,0.095,0.167,0.156,0.401,0.631,0.369,0.962,0.038,0.736,0.264,29,24,2,11,19,26,5,17,12,15,24,17,14,15,1,30,1,30,1,30,08/13/2020
1610612745,Houston Rockets,12,5,7,0.417,48.4,0.442,0.558,0.384,0.023,0.423,0.109,0.193,0.185,0.36,0.424,0.576,0.804,0.196,0.585,0.415,11,15,22,18,10,30,1,30,30,1,17,3,2,29,30,1,22,9,22,9,08/13/2020
1610612754,Indiana Pacers,12,8,4,0.667,48.0,0.67,0.33,0.57,0.111,0.289,0.12,0.142,0.183,0.459,0.479,0.521,0.819,0.181,0.565,0.435,11,5,9,5,19,3,28,4,7,28,9,27,4,5,20,11,19,12,25,6,08/13/2020
1610612746,LA Clippers,11,7,4,0.636,48.0,0.577,0.423,0.455,0.111,0.361,0.094,0.184,0.164,0.344,0.427,0.573,0.731,0.269,0.532,0.468,19,6,9,6,19,20,11,25,6,8,25,6,8,30,28,3,27,4,30,1,08/13/2020
1610612747,Los Angeles Lakers,12,6,6,0.5,48.0,0.615,0.385,0.527,0.074,0.284,0.13,0.189,0.183,0.453,0.471,0.529,0.829,0.171,0.566,0.434,11,11,16,11,19,13,18,6,18,29,4,4,3,8,24,7,16,15,24,7,08/13/2020
1610612763,Memphis Grizzlies,13,5,8,0.385,48.4,0.616,0.384,0.518,0.065,0.313,0.127,0.169,0.158,0.453,0.531,0.469,0.883,0.117,0.632,0.368,2,15,26,25,13,12,19,10,21,22,7,15,12,9,8,23,7,24,8,23,08/13/2020
1610612748,Miami Heat,12,6,6,0.5,48.0,0.527,0.473,0.426,0.061,0.405,0.13,0.17,0.166,0.365,0.605,0.395,0.888,0.112,0.715,0.285,11,11,16,11,19,28,3,28,24,2,5,13,7,28,3,28,5,26,2,29,08/13/2020
1610612749,Milwaukee Bucks,13,4,9,0.308,48.4,0.54,0.46,0.478,0.085,0.351,0.129,0.171,0.136,0.394,0.486,0.514,0.828,0.172,0.598,0.402,2,20,29,27,13,27,4,23,14,11,6,11,24,16,19,12,18,13,17,14,08/13/2020
1610612750,Minnesota Timberwolves,5,2,3,0.4,48.0,0.598,0.402,0.515,0.031,0.331,0.119,0.154,0.169,0.485,0.52,0.48,0.769,0.231,0.594,0.406,24,24,4,21,19,17,14,11,29,18,11,22,6,3,12,19,25,6,18,13,08/13/2020
1610612740,New Orleans Pelicans,12,4,8,0.333,48.4,0.629,0.371,0.543,0.075,0.306,0.12,0.151,0.153,0.468,0.524,0.476,0.894,0.106,0.625,0.375,11,20,26,26,10,7,24,5,17,24,10,24,15,4,9,22,4,27,10,21,08/13/2020
1610612752,New York Knicks,6,3,3,0.5,48.8,0.732,0.268,0.616,0.085,0.212,0.082,0.172,0.137,0.53,0.498,0.502,0.854,0.146,0.564,0.436,23,22,4,11,6,1,30,1,13,30,29,9,22,1,16,15,13,18,26,5,08/13/2020
1610612760,Oklahoma City Thunder,11,7,4,0.636,48.5,0.618,0.382,0.491,0.12,0.328,0.099,0.18,0.153,0.371,0.425,0.575,0.779,0.221,0.534,0.466,19,6,9,6,9,10,21,16,2,19,20,8,16,26,29,2,24,7,29,2,08/13/2020
1610612753,Orlando Magic,13,6,7,0.462,48.4,0.623,0.377,0.504,0.117,0.313,0.111,0.183,0.143,0.387,0.495,0.505,0.88,0.12,0.607,0.393,2,11,22,15,13,9,22,12,3,23,15,7,20,21,18,13,8,23,15,16,08/13/2020
1610612755,Philadelphia 76ers,11,5,6,0.455,48.0,0.631,0.369,0.493,0.076,0.342,0.091,0.164,0.109,0.418,0.469,0.531,0.851,0.149,0.59,0.41,19,15,16,16,19,6,25,14,16,16,26,19,30,13,25,6,14,17,21,10,08/13/2020
1610612756,Phoenix Suns,12,10,2,0.833,48.0,0.611,0.389,0.484,0.104,0.344,0.139,0.172,0.141,0.38,0.54,0.46,0.863,0.137,0.644,0.356,11,1,2,2,19,15,16,19,8,14,2,10,21,23,6,25,10,21,6,25,08/13/2020
1610612757,Portland Trail Blazers,13,9,4,0.692,48.4,0.606,0.394,0.481,0.102,0.357,0.096,0.161,0.126,0.38,0.451,0.549,0.708,0.292,0.536,0.464,2,3,9,3,13,16,15,21,9,10,22,20,26,24,27,4,30,1,28,3,08/13/2020
1610612758,Sacramento Kings,12,5,7,0.417,48.4,0.613,0.387,0.526,0.08,0.334,0.114,0.14,0.148,0.446,0.473,0.527,0.868,0.132,0.591,0.409,11,15,22,18,10,14,17,7,15,17,13,28,17,11,22,9,9,22,19,12,08/13/2020
1610612759,San Antonio Spurs,13,7,6,0.538,48.4,0.679,0.321,0.522,0.142,0.292,0.103,0.186,0.164,0.38,0.472,0.528,0.907,0.093,0.59,0.41,2,6,16,8,13,2,29,8,1,26,19,5,10,22,23,8,3,28,20,11,08/13/2020
1610612761,Toronto Raptors,11,10,1,0.909,48.0,0.541,0.459,0.414,0.042,0.38,0.147,0.207,0.146,0.371,0.522,0.478,0.808,0.192,0.63,0.37,19,1,1,1,19,25,6,29,27,5,1,1,18,25,10,21,21,10,9,22,08/13/2020
1610612762,Utah Jazz,13,7,6,0.538,48.8,0.523,0.477,0.444,0.057,0.4,0.084,0.156,0.137,0.387,0.495,0.505,0.813,0.187,0.615,0.385,2,6,16,8,7,29,2,26,25,3,28,21,23,20,17,14,20,11,13,18,08/13/2020
1610612764,Washington Wizards,13,3,10,0.231,48.0,0.635,0.365,0.479,0.112,0.324,0.135,0.197,0.164,0.368,0.51,0.49,0.861,0.139,0.619,0.381,2,22,30,28,19,5,26,22,5,21,3,2,9,27,14,17,11,20,11,20,08/13/2020
1610612737,Atlanta Hawks,4,1,3,0.25,51.8,0.569,0.431,0.489,0.07,0.37,0.129,0.142,0.121,0.419,0.521,0.479,0.75,0.25,0.598,0.402,26,28,5,27,1,21,10,17,20,7,6,27,27,12,10,21,26,5,16,15,08/14/2020
1610612738,Boston Celtics,13,7,6,0.538,48.8,0.588,0.412,0.484,0.094,0.347,0.121,0.169,0.144,0.391,0.478,0.522,0.711,0.289,0.553,0.447,1,7,17,9,9,18,13,18,12,14,10,16,21,17,23,8,29,2,27,4,08/14/2020
1610612751,Brooklyn Nets,13,9,4,0.692,48.4,0.557,0.443,0.482,0.064,0.349,0.112,0.169,0.12,0.417,0.503,0.497,0.859,0.141,0.619,0.381,1,3,10,3,19,24,7,20,23,12,16,15,28,13,16,15,12,19,12,19,08/14/2020
1610612766,Charlotte Hornets,5,2,3,0.4,50.0,0.576,0.424,0.435,0.046,0.4,0.096,0.165,0.163,0.389,0.532,0.468,0.829,0.171,0.645,0.355,23,23,5,20,2,19,12,27,26,2,23,18,12,18,7,24,18,13,5,26,08/14/2020
1610612741,Chicago Bulls,4,1,3,0.25,48.0,0.629,0.371,0.574,0.094,0.311,0.099,0.115,0.207,0.48,0.467,0.533,0.909,0.091,0.584,0.416,26,28,5,27,20,8,23,3,10,22,21,30,1,3,26,5,3,27,23,8,08/14/2020
1610612739,Cleveland Cavaliers,4,2,2,0.5,49.3,0.634,0.366,0.539,0.067,0.297,0.097,0.164,0.166,0.472,0.592,0.408,0.909,0.091,0.677,0.323,26,23,2,10,4,6,25,6,21,26,22,20,8,4,3,28,3,27,3,28,08/14/2020
1610612742,Dallas Mavericks,13,6,7,0.462,49.5,0.558,0.442,0.457,0.071,0.371,0.084,0.172,0.117,0.386,0.517,0.483,0.777,0.223,0.608,0.392,1,10,22,16,3,23,8,24,19,6,30,13,30,20,13,18,23,8,14,17,08/14/2020
1610612743,Denver Nuggets,13,5,8,0.385,49.2,0.637,0.363,0.555,0.113,0.302,0.116,0.143,0.14,0.442,0.569,0.431,0.851,0.149,0.644,0.356,1,15,26,23,5,4,27,4,4,25,14,25,23,11,5,26,13,18,6,25,08/14/2020
1610612765,Detroit Pistons,4,0,4,0.0,48.0,0.565,0.435,0.493,0.04,0.366,0.085,0.142,0.157,0.453,0.626,0.374,0.714,0.286,0.655,0.345,26,30,10,30,20,22,9,13,28,8,29,26,14,9,2,29,28,3,4,27,08/14/2020
1610612744,Golden State Warriors,4,2,2,0.5,48.0,0.54,0.46,0.489,0.088,0.344,0.095,0.167,0.156,0.401,0.631,0.369,0.962,0.038,0.736,0.264,26,23,2,10,20,26,5,16,13,16,24,17,15,15,1,30,1,30,1,30,08/14/2020
1610612745,Houston Rockets,12,5,7,0.417,48.4,0.442,0.558,0.397,0.025,0.414,0.117,0.189,0.191,0.372,0.448,0.552,0.796,0.204,0.59,0.41,6,15,22,17,10,30,1,30,30,1,13,5,2,28,28,3,22,9,22,9,08/14/2020
1610612754,Indiana Pacers,12,8,4,0.667,48.0,0.667,0.333,0.579,0.114,0.29,0.125,0.131,0.181,0.465,0.497,0.503,0.827,0.173,0.58,0.42,6,4,10,4,20,3,28,2,3,27,9,29,4,6,17,14,19,12,24,7,08/14/2020
1610612746,LA Clippers,12,8,4,0.667,48.4,0.576,0.424,0.452,0.104,0.359,0.101,0.189,0.171,0.348,0.435,0.565,0.744,0.256,0.542,0.458,6,4,10,4,10,20,11,25,7,9,18,4,6,30,29,2,27,4,28,3,08/14/2020
1610612747,Los Angeles Lakers,12,6,6,0.5,48.0,0.615,0.385,0.527,0.074,0.284,0.13,0.189,0.183,0.453,0.471,0.529,0.829,0.171,0.566,0.434,6,10,17,10,20,11,20,8,18,28,5,6,3,8,25,6,17,14,26,5,08/14/2020
1610612763,Memphis Grizzlies,12,4,8,0.333,48.4,0.612,0.388,0.519,0.065,0.312,0.126,0.169,0.159,0.454,0.526,0.474,0.893,0.107,0.631,0.369,6,19,26,24,10,14,17,10,22,21,8,14,13,7,8,23,6,25,8,23,08/14/2020
1610612748,Miami Heat,12,5,7,0.417,48.0,0.527,0.473,0.433,0.06,0.39,0.128,0.177,0.174,0.373,0.576,0.424,0.888,0.112,0.693,0.307,6,15,22,17,20,28,3,28,24,4,7,9,5,27,4,27,7,24,2,29,08/14/2020
1610612749,Milwaukee Bucks,12,4,8,0.333,48.4,0.534,0.466,0.469,0.083,0.358,0.132,0.173,0.138,0.386,0.482,0.518,0.838,0.162,0.602,0.398,6,19,26,24,10,27,4,23,14,10,4,11,24,21,19,12,14,17,15,16,08/14/2020
1610612750,Minnesota Timberwolves,5,2,3,0.4,48.0,0.598,0.402,0.515,0.031,0.331,0.119,0.154,0.169,0.485,0.52,0.48,0.769,0.231,0.594,0.406,23,23,5,20,20,17,14,11,29,19,12,23,7,2,11,20,25,6,18,13,08/14/2020
1610612740,New Orleans Pelicans,12,4,8,0.333,48.4,0.629,0.371,0.543,0.075,0.306,0.12,0.151,0.153,0.468,0.524,0.476,0.894,0.106,0.625,0.375,6,19,26,24,10,9,22,5,16,24,11,24,17,5,9,22,5,26,10,21,08/14/2020
1610612752,New York Knicks,5,2,3,0.4,49.0,0.741,0.259,0.628,0.094,0.195,0.085,0.177,0.137,0.534,0.511,0.489,0.833,0.167,0.567,0.433,23,23,5,20,6,1,30,1,11,30,28,8,25,1,14,17,16,15,25,6,08/14/2020
1610612760,Oklahoma City Thunder,12,7,5,0.583,48.8,0.614,0.386,0.489,0.115,0.335,0.099,0.176,0.164,0.374,0.418,0.582,0.772,0.228,0.529,0.471,6,7,15,7,7,12,19,15,2,17,20,10,10,26,30,1,24,7,30,1,08/14/2020
1610612753,Orlando Magic,12,6,6,0.5,48.4,0.63,0.37,0.51,0.112,0.307,0.11,0.183,0.148,0.398,0.479,0.521,0.882,0.118,0.594,0.406,6,10,17,10,10,7,24,12,5,23,17,7,19,16,21,10,8,23,19,12,08/14/2020
1610612755,Philadelphia 76ers,12,6,6,0.5,48.0,0.625,0.375,0.491,0.074,0.348,0.089,0.161,0.118,0.416,0.479,0.521,0.837,0.163,0.594,0.406,6,10,17,10,20,10,21,14,17,13,26,22,29,14,22,9,15,16,20,11,08/14/2020
1610612756,Phoenix Suns,12,10,2,0.833,48.0,0.611,0.389,0.484,0.104,0.344,0.139,0.172,0.141,0.38,0.54,0.46,0.863,0.137,0.644,0.356,6,2,2,2,20,15,16,19,8,15,2,12,22,24,6,25,10,21,7,24,08/14/2020
1610612757,Portland Trail Blazers,12,8,4,0.667,48.4,0.604,0.396,0.479,0.097,0.356,0.093,0.165,0.131,0.382,0.456,0.544,0.693,0.307,0.535,0.465,6,4,10,4,10,16,15,22,9,11,25,19,26,22,27,4,30,1,29,2,08/14/2020
1610612758,Sacramento Kings,12,5,7,0.417,48.4,0.613,0.387,0.526,0.08,0.334,0.114,0.14,0.148,0.446,0.473,0.527,0.868,0.132,0.591,0.409,6,15,22,17,10,13,18,9,15,18,15,28,18,10,24,7,9,22,21,10,08/14/2020
1610612759,San Antonio Spurs,12,7,5,0.583,48.4,0.686,0.314,0.529,0.149,0.281,0.1,0.19,0.166,0.38,0.48,0.52,0.919,0.081,0.595,0.405,6,7,15,7,10,2,29,7,1,29,19,3,9,23,20,11,2,29,17,14,08/14/2020
1610612761,Toronto Raptors,12,11,1,0.917,48.0,0.547,0.453,0.418,0.043,0.387,0.15,0.196,0.153,0.375,0.518,0.482,0.805,0.195,0.627,0.373,6,1,1,1,20,25,6,29,27,5,1,2,16,25,12,19,21,10,9,22,08/14/2020
1610612762,Utah Jazz,12,6,6,0.5,48.8,0.524,0.476,0.445,0.058,0.393,0.086,0.162,0.144,0.388,0.49,0.51,0.821,0.179,0.612,0.388,6,10,17,10,7,29,2,26,25,3,27,21,20,19,18,13,20,11,13,18,08/14/2020
1610612764,Washington Wizards,13,3,10,0.231,48.0,0.635,0.365,0.479,0.112,0.324,0.135,0.197,0.164,0.368,0.51,0.49,0.861,0.139,0.619,0.381,1,22,30,29,20,5,26,21,6,20,3,1,11,29,15,16,11,20,11,20,08/14/2020
