TEAM_ID,TEAM_NAME_base,GP_base,W_base,L_base,W_PCT_base,MIN_base,FGM_base,FGA_base,FG_PCT_base,FG3M_base,FG3A_base,FG3_PCT_base,FTM_base,FTA_base,FT_PCT_base,OREB_base,DREB_base,REB_base,AST_base,TOV_base,STL_base,BLK_base,BLKA_base,PF_base,PFD_base,PTS_base,PLUS_MINUS_base,GP_RANK_base,W_RANK_base,L_RANK_base,W_PCT_RANK_base,MIN_RANK_base,FGM_RANK_base,FGA_RANK_base,FG_PCT_RANK_base,FG3M_RANK_base,FG3A_RANK_base,FG3_PCT_RANK_base,FTM_RANK_base,FTA_RANK_base,FT_PCT_RANK_base,OREB_RANK_base,DREB_RANK_base,REB_RANK_base,AST_RANK_base,TOV_RANK_base,STL_RANK_base,BLK_RANK_base,BLKA_RANK_base,PF_RANK_base,PFD_RANK_base,PTS_RANK_base,PLUS_MINUS_RANK_base,Date,E_OFF_RATING_advanced,OFF_RATING_advanced,E_DEF_RATING_advanced,DEF_RATING_advanced,E_NET_RATING_advanced,NET_RATING_advanced,AST_PCT_advanced,AST_TO_advanced,AST_RATIO_advanced,OREB_PCT_advanced,DREB_PCT_advanced,REB_PCT_advanced,TM_TOV_PCT_advanced,EFG_PCT_advanced,TS_PCT_advanced,E_PACE_advanced,PACE_advanced,PACE_PER40_advanced,POSS_advanced,PIE_advanced,GP_RANK_advanced,W_RANK_advanced,L_RANK_advanced,W_PCT_RANK_advanced,MIN_RANK_advanced,OFF_RATING_RANK_advanced,DEF_RATING_RANK_advanced,NET_RATING_RANK_advanced,AST_PCT_RANK_advanced,AST_TO_RANK_advanced,AST_RATIO_RANK_advanced,OREB_PCT_RANK_advanced,DREB_PCT_RANK_advanced,REB_PCT_RANK_advanced,TM_TOV_PCT_RANK_advanced,EFG_PCT_RANK_advanced,TS_PCT_RANK_advanced,PACE_RANK_advanced,PIE_RANK_advanced,PTS_OFF_TOV_misc,PTS_2ND_CHANCE_misc,PTS_FB_misc,PTS_PAINT_misc,OPP_PTS_OFF_TOV_misc,OPP_PTS_2ND_CHANCE_misc,OPP_PTS_FB_misc,OPP_PTS_PAINT_misc,GP_RANK_misc,W_RANK_misc,L_RANK_misc,W_PCT_RANK_misc,MIN_RANK_misc,PTS_OFF_TOV_RANK_misc,PTS_2ND_CHANCE_RANK_misc,PTS_FB_RANK_misc,PTS_PAINT_RANK_misc,OPP_PTS_OFF_TOV_RANK_misc,OPP_PTS_2ND_CHANCE_RANK_misc,OPP_PTS_FB_RANK_misc,OPP_PTS_PAINT_RANK_misc,EFG_PCT_four_factors,FTA_RATE_four_factors,TM_TOV_PCT_four_factors,OREB_PCT_four_factors,OPP_EFG_PCT_four_factors,OPP_FTA_RATE_four_factors,OPP_TOV_PCT_four_factors,OPP_OREB_PCT_four_factors,GP_RANK_four_factors,W_RANK_four_factors,L_RANK_four_factors,W_PCT_RANK_four_factors,MIN_RANK_four_factors,EFG_PCT_RANK_four_factors,FTA_RATE_RANK_four_factors,TM_TOV_PCT_RANK_four_factors,OREB_PCT_RANK_four_factors,OPP_EFG_PCT_RANK_four_factors,OPP_FTA_RATE_RANK_four_factors,OPP_TOV_PCT_RANK_four_factors,OPP_OREB_PCT_RANK_four_factors,PCT_FGA_2PT_scoring,PCT_FGA_3PT_scoring,PCT_PTS_2PT_scoring,PCT_PTS_2PT_MR_scoring,PCT_PTS_3PT_scoring,PCT_PTS_FB_scoring,PCT_PTS_FT_scoring,PCT_PTS_OFF_TOV_scoring,PCT_PTS_PAINT_scoring,PCT_AST_2PM_scoring,PCT_UAST_2PM_scoring,PCT_AST_3PM_scoring,PCT_UAST_3PM_scoring,PCT_AST_FGM_scoring,PCT_UAST_FGM_scoring,GP_RANK_scoring,W_RANK_scoring,L_RANK_scoring,W_PCT_RANK_scoring,MIN_RANK_scoring,PCT_FGA_2PT_RANK_scoring,PCT_FGA_3PT_RANK_scoring,PCT_PTS_2PT_RANK_scoring,PCT_PTS_2PT_MR_RANK_scoring,PCT_PTS_3PT_RANK_scoring,PCT_PTS_FB_RANK_scoring,PCT_PTS_FT_RANK_scoring,PCT_PTS_OFF_TOV_RANK_scoring,PCT_PTS_PAINT_RANK_scoring,PCT_AST_2PM_RANK_scoring,PCT_UAST_2PM_RANK_scoring,PCT_AST_3PM_RANK_scoring,PCT_UAST_3PM_RANK_scoring,PCT_AST_FGM_RANK_scoring,PCT_UAST_FGM_RANK_scoring,OPP_FGM_opponent,OPP_FGA_opponent,OPP_FG_PCT_opponent,OPP_FG3M_opponent,OPP_FG3A_opponent,OPP_FG3_PCT_opponent,OPP_FTM_opponent,OPP_FTA_opponent,OPP_FT_PCT_opponent,OPP_OREB_opponent,OPP_DREB_opponent,OPP_REB_opponent,OPP_AST_opponent,OPP_TOV_opponent,OPP_STL_opponent,OPP_BLK_opponent,OPP_BLKA_opponent,OPP_PF_opponent,OPP_PFD_opponent,OPP_PTS_opponent,PLUS_MINUS_opponent,GP_RANK_opponent,W_RANK_opponent,L_RANK_opponent,W_PCT_RANK_opponent,MIN_RANK_opponent,OPP_FGM_RANK_opponent,OPP_FGA_RANK_opponent,OPP_FG_PCT_RANK_opponent,OPP_FG3M_RANK_opponent,OPP_FG3A_RANK_opponent,OPP_FG3_PCT_RANK_opponent,OPP_FTM_RANK_opponent,OPP_FTA_RANK_opponent,OPP_FT_PCT_RANK_opponent,OPP_OREB_RANK_opponent,OPP_DREB_RANK_opponent,OPP_REB_RANK_opponent,OPP_AST_RANK_opponent,OPP_TOV_RANK_opponent,OPP_STL_RANK_opponent,OPP_BLK_RANK_opponent,OPP_BLKA_RANK_opponent,OPP_PF_RANK_opponent,OPP_PFD1_opponent,OPP_PTS_RANK_opponent,PLUS_MINUS_RANK_opponent,DEF_RATING_defense,DREB_defense,DREB_PCT_defense,STL_defense,BLK_defense,OPP_PTS_OFF_TOV_defense,OPP_PTS_2ND_CHANCE_defense,OPP_PTS_FB_defense,OPP_PTS_PAINT_defense,GP_RANK_defense,W_RANK_defense,L_RANK_defense,W_PCT_RANK_defense,MIN_RANK_defense,DEF_RATING_RANK_defense,DREB_RANK_defense,DREB_PCT_RANK_defense,STL_RANK_defense,BLK_RANK_defense,OPP_PTS_OFF_TOV_RANK_defense,OPP_PTS_2ND_CHANCE_RANK_defense,OPP_PTS_FB_RANK_defense,OPP_PTS_PAINT_RANK_defense
1610612737,Atlanta Hawks,75,35,40,0.467,3625.0,3242,6948,0.467,1038,2827,0.367,1409,1759,0.801,954,2398,3352,1982,991.0,561,347,422,1389,1463,8931,-89.0,4,21,20,21,7,6,2,20,6,6,14,5,6,8,1,22,6,15,16,15,23,23,13,6,3,20,2024-04-02,115.1,117.4,116.6,118.5,-1.5,-1.1,0.611,2.0,18.4,0.312,0.71,0.503,0.13,0.541,0.578,102.6,100.79,83.99,7610,0.487,4,21,20,21,7,8,27,20,20,17,21,5,21,13,11,16,16,6,21,1303.0,1217.0,1022.0,3810.0,1234.0,1053.0,1235.0,4040.0,4,21,20,20,7,6,3,19,12,16,18,28,25,0.541,0.253,0.13,0.312,0.57,0.244,0.139,0.29,4,21,20,21,7,16,12,11,5,29,15,12,21,0.593,0.407,0.494,0.067,0.349,0.114,0.158,0.146,0.427,0.53,0.47,0.783,0.217,0.611,0.389,4,21,20,21,12,20,11,25,19,10,23,9,12,24,18,13,27,4,20,11,3340.0,6772.0,0.493,1035.0,2713.0,0.381,1305.0,1654.0,0.789,816.0,2504.0,3320.0,2108.0,1055.0,571.0,422.0,347.0,1463.0,1389.0,9020.0,89.0,4,21,20,21,7,27,22,27,27,21,28,20,19,20,21,21,22,25,8,20,23,23,24,18,27,20,118.5,2398,0.71,561,347,1234.0,1053.0,1235.0,4040.0,4,21,20,21,7,27,22,21,15,23,16,18,28,25
1610612738,Boston Celtics,75,59,16,0.787,3630.0,3282,6756,0.486,1243,3193,0.389,1257,1554,0.809,800,2687,3487,2000,900.0,493,484,274,1228,1331,9064,856.0,4,1,1,1,6,4,9,9,1,1,2,18,24,6,13,1,1,13,2,28,2,1,2,29,2,1,2024-04-02,120.2,122.4,109.2,110.7,11.0,11.7,0.609,2.22,19.2,0.288,0.729,0.517,0.122,0.578,0.609,99.5,98.0,81.67,7406,0.554,4,1,1,1,6,1,3,1,22,3,14,13,7,4,2,1,2,18,1,1139.0,1089.0,1140.0,3512.0,1003.0,1003.0,972.0,3588.0,4,1,1,1,6,27,9,10,28,1,11,6,10,0.578,0.23,0.122,0.288,0.523,0.193,0.119,0.271,4,1,1,1,6,1,24,2,13,2,1,29,7,0.527,0.473,0.45,0.062,0.411,0.126,0.139,0.126,0.387,0.498,0.502,0.792,0.208,0.609,0.391,4,1,1,1,7,30,1,30,24,1,14,23,29,30,26,5,26,5,22,9,3117.0,6874.0,0.453,963.0,2750.0,0.35,1011.0,1324.0,0.764,826.0,2418.0,3244.0,1868.0,885.0,465.0,274.0,484.0,1331.0,1228.0,8208.0,-856.0,4,1,1,1,6,14,27,2,13,26,3,1,1,3,24,9,14,5,30,2,1,2,2,29,5,1,110.7,2687,0.729,493,484,1003.0,1003.0,972.0,3588.0,4,1,1,1,6,3,1,7,28,2,1,11,6,10
1610612751,Brooklyn Nets,76,29,47,0.382,3673.0,3113,6810,0.457,1028,2819,0.365,1192,1578,0.755,871,2455,3326,1977,986.0,529,379,372,1426,1381,8446,-200.0,1,22,23,23,2,20,5,28,7,8,17,22,20,26,6,15,7,16,15,23,15,15,18,20,19,22,2024-04-02,110.8,113.0,113.4,115.6,-2.6,-2.6,0.635,2.01,18.8,0.289,0.714,0.495,0.132,0.533,0.563,99.6,97.69,81.41,7474,0.483,1,22,23,23,2,22,20,22,14,16,19,12,18,19,13,22,27,22,22,1153.0,1097.0,1015.0,3616.0,1149.0,1057.0,1164.0,3688.0,1,22,23,20,2,24,8,20,19,10,19,25,14,0.533,0.232,0.132,0.289,0.547,0.246,0.131,0.286,1,22,23,23,2,22,22,13,12,16,16,22,18,0.586,0.414,0.494,0.066,0.365,0.12,0.141,0.137,0.428,0.529,0.471,0.85,0.15,0.635,0.365,1,22,23,23,15,23,8,24,21,5,20,22,22,22,19,12,15,16,14,17,3168.0,6693.0,0.473,980.0,2626.0,0.373,1330.0,1647.0,0.808,772.0,2599.0,3371.0,1935.0,978.0,512.0,372.0,379.0,1381.0,1426.0,8646.0,200.0,1,22,23,23,2,17,19,18,18,15,23,22,17,30,10,26,26,9,21,9,14,15,11,12,19,22,115.6,2455,0.714,529,379,1149.0,1057.0,1164.0,3688.0,1,22,23,23,2,20,15,18,23,15,10,19,25,14
1610612766,Charlotte Hornets,75,18,57,0.24,3610.0,3004,6565,0.458,894,2544,0.351,1073,1377,0.779,725,2318,3043,1848,1024.0,502,329,376,1361,1310,7975,-795.0,4,27,27,27,15,27,23,27,22,16,24,30,30,15,23,29,30,26,19,26,26,16,9,30,29,30,2024-04-02,106.8,108.3,117.1,119.3,-10.4,-11.0,0.615,1.8,18.2,0.258,0.713,0.478,0.139,0.526,0.556,99.4,97.83,81.52,7364,0.443,4,27,27,27,15,28,29,30,18,25,23,26,19,29,21,28,28,21,29,1151.0,924.0,929.0,3604.0,1268.0,1032.0,1039.0,3936.0,4,27,27,20,15,25,26,27,23,21,16,11,23,0.526,0.21,0.139,0.258,0.573,0.242,0.139,0.287,4,27,27,27,15,28,30,21,26,30,12,10,19,0.612,0.388,0.529,0.077,0.336,0.116,0.135,0.144,0.452,0.52,0.48,0.84,0.16,0.615,0.385,4,27,27,27,21,16,15,9,12,12,22,26,14,10,21,10,20,11,18,13,3240.0,6545.0,0.495,1019.0,2701.0,0.377,1271.0,1586.0,0.801,777.0,2626.0,3403.0,2146.0,1021.0,526.0,376.0,329.0,1310.0,1361.0,8770.0,795.0,4,27,27,27,15,22,10,28,26,20,25,13,9,26,11,28,28,28,14,12,16,26,1,22,23,30,119.3,2318,0.713,502,329,1268.0,1032.0,1039.0,3936.0,4,27,27,27,15,29,29,19,26,26,21,16,11,23
1610612741,Chicago Bulls,76,36,40,0.474,3703.0,3171,6788,0.467,882,2457,0.359,1284,1615,0.795,834,2484,3318,1900,923.0,578,365,381,1426,1440,8508,-123.0,1,20,20,20,1,14,7,19,24,21,20,15,16,9,9,13,11,23,4,8,17,18,18,10,16,21,2024-04-02,112.1,113.7,113.2,115.6,-1.0,-1.9,0.599,2.06,18.2,0.289,0.716,0.5,0.123,0.532,0.567,98.6,96.87,80.72,7480,0.492,1,20,20,20,1,19,19,21,25,14,24,11,17,16,4,23,22,29,20,1292.0,1038.0,946.0,3610.0,1146.0,1044.0,991.0,3422.0,1,20,20,20,1,8,14,25,20,8,17,7,2,0.532,0.238,0.123,0.289,0.555,0.25,0.141,0.284,1,20,20,20,1,23,18,4,11,20,18,9,17,0.638,0.362,0.538,0.114,0.311,0.111,0.151,0.152,0.424,0.491,0.509,0.88,0.12,0.599,0.401,1,20,20,20,1,4,27,7,1,25,26,17,6,25,27,4,9,22,25,6,3117.0,6621.0,0.471,1114.0,3026.0,0.368,1283.0,1653.0,0.776,777.0,2542.0,3319.0,2124.0,1055.0,511.0,381.0,365.0,1440.0,1426.0,8631.0,123.0,1,20,20,20,1,14,16,13,30,30,19,16,18,11,11,25,21,26,8,8,18,17,21,12,18,21,115.6,2484,0.716,578,365,1146.0,1044.0,991.0,3422.0,1,20,20,20,1,19,13,17,8,17,8,17,7,2
1610612739,Cleveland Cavaliers,75,45,30,0.6,3625.0,3128,6532,0.479,1019,2784,0.366,1167,1528,0.764,739,2526,3265,2097,1011.0,541,352,371,1344,1414,8442,213.0,4,7,8,8,7,19,25,13,8,9,16,26,25,24,21,9,15,8,17,20,22,14,6,14,20,9,2024-04-02,112.9,114.7,109.5,111.8,3.5,3.0,0.67,2.07,20.1,0.274,0.721,0.502,0.137,0.557,0.586,99.3,97.46,81.21,7357,0.522,4,7,8,8,7,17,7,9,3,11,5,22,14,15,19,12,12,25,8,1221.0,1021.0,1118.0,3736.0,1280.0,968.0,1044.0,3488.0,4,7,8,1,7,13,15,12,16,24,5,12,6,0.557,0.234,0.137,0.274,0.53,0.243,0.136,0.279,4,7,8,8,7,12,20,19,22,4,13,17,14,0.574,0.426,0.5,0.057,0.362,0.132,0.138,0.145,0.443,0.584,0.416,0.85,0.15,0.67,0.33,4,7,8,8,12,25,6,21,27,7,8,24,13,13,6,25,16,15,3,28,3027.0,6576.0,0.46,923.0,2527.0,0.365,1252.0,1597.0,0.784,764.0,2441.0,3205.0,1864.0,1003.0,571.0,372.0,352.0,1414.0,1344.0,8229.0,-213.0,4,7,8,8,7,8,14,5,10,9,15,10,11,17,6,12,13,4,19,20,14,22,17,25,6,9,111.8,2526,0.721,541,352,1280.0,968.0,1044.0,3488.0,4,7,8,8,7,7,9,14,20,22,24,5,12,6
1610612742,Dallas Mavericks,74,45,29,0.608,3552.0,3211,6640,0.484,1089,2918,0.373,1273,1686,0.755,719,2435,3154,1907,906.0,508,355,297,1370,1515,8784,180.0,20,7,7,7,30,11,16,11,2,2,11,16,11,27,24,18,22,20,3,25,20,2,12,2,7,12,2024-04-02,116.1,117.9,113.3,115.7,2.8,2.2,0.594,2.1,18.5,0.26,0.705,0.484,0.122,0.566,0.595,102.5,100.57,83.81,7448,0.507,20,7,7,7,30,6,21,13,27,7,20,25,23,26,3,7,8,8,16,1214.0,985.0,1154.0,3520.0,1112.0,1059.0,1169.0,3812.0,20,7,7,1,30,14,22,8,27,7,21,26,20,0.566,0.254,0.122,0.26,0.549,0.244,0.136,0.295,20,7,7,7,30,7,11,3,25,18,14,19,23,0.561,0.439,0.483,0.082,0.372,0.131,0.145,0.138,0.401,0.521,0.479,0.736,0.264,0.594,0.406,20,7,7,7,30,29,2,28,7,4,9,19,21,28,20,11,30,1,27,4,3188.0,6690.0,0.477,973.0,2648.0,0.367,1255.0,1632.0,0.769,822.0,2507.0,3329.0,2043.0,1011.0,536.0,297.0,355.0,1515.0,1370.0,8604.0,-180.0,20,7,7,7,30,19,18,20,17,18,17,11,15,6,22,22,24,22,18,16,2,20,29,19,17,12,115.7,2435,0.705,508,355,1112.0,1059.0,1169.0,3812.0,20,7,7,7,30,21,18,23,25,20,7,21,26,20
1610612743,Denver Nuggets,75,52,23,0.693,3605.0,3291,6647,0.495,863,2316,0.373,1148,1501,0.765,812,2507,3319,2198,946.0,531,406,364,1367,1349,8593,357.0,4,2,3,3,18,3,15,5,27,30,12,29,29,22,10,11,10,3,8,22,11,12,10,25,14,4,2024-04-02,115.5,117.7,111.1,112.7,4.4,5.0,0.668,2.32,20.8,0.303,0.718,0.516,0.13,0.56,0.588,98.9,97.26,81.05,7303,0.53,4,2,3,3,18,7,10,5,5,2,2,6,15,5,10,9,11,27,4,1169.0,1012.0,1037.0,3996.0,1210.0,985.0,1009.0,3772.0,4,2,3,1,18,23,16,18,6,14,8,8,18,0.56,0.226,0.13,0.303,0.529,0.254,0.127,0.282,4,2,3,3,18,9,25,10,6,3,21,25,15,0.652,0.348,0.565,0.1,0.301,0.121,0.134,0.136,0.465,0.598,0.402,0.863,0.137,0.668,0.332,4,2,3,3,27,1,30,1,3,28,18,29,23,6,2,29,13,18,5,26,3052.0,6569.0,0.465,841.0,2346.0,0.358,1291.0,1667.0,0.774,814.0,2337.0,3151.0,1928.0,927.0,531.0,364.0,406.0,1349.0,1367.0,8236.0,-357.0,4,2,3,3,18,9,13,8,3,2,11,18,21,9,19,6,7,8,26,14,12,11,6,21,7,4,112.7,2507,0.718,531,406,1210.0,985.0,1009.0,3772.0,4,2,3,3,18,10,11,15,22,11,14,8,8,18
1610612765,Detroit Pistons,75,13,62,0.173,3615.0,3082,6623,0.465,827,2374,0.348,1304,1655,0.788,805,2483,3288,1930,1153.0,470,358,447,1589,1360,8295,-661.0,4,30,30,30,14,23,17,21,30,27,27,13,13,11,12,14,12,19,29,30,18,25,29,23,25,27,2024-04-02,107.7,109.5,116.2,118.3,-8.4,-8.7,0.626,1.67,18.3,0.282,0.734,0.504,0.152,0.528,0.564,102.3,100.56,83.8,7574,0.452,4,30,30,30,14,27,26,27,17,27,22,18,4,12,27,27,25,9,28,1072.0,1008.0,1072.0,3794.0,1480.0,1016.0,1054.0,4076.0,4,30,30,20,14,30,17,15,13,30,12,15,27,0.528,0.25,0.152,0.282,0.557,0.282,0.12,0.266,4,30,30,30,14,27,14,27,18,22,28,28,4,0.642,0.358,0.544,0.086,0.299,0.129,0.157,0.129,0.457,0.546,0.454,0.844,0.156,0.626,0.374,4,30,30,30,20,3,28,4,5,30,13,12,27,8,10,21,18,13,17,14,3269.0,6680.0,0.489,907.0,2450.0,0.37,1511.0,1885.0,0.802,711.0,2484.0,3195.0,2026.0,912.0,663.0,447.0,358.0,1360.0,1589.0,8956.0,661.0,4,30,30,30,14,23,17,23,7,5,20,29,29,27,4,16,11,20,28,28,25,18,8,2,26,27,118.3,2483,0.734,470,358,1480.0,1016.0,1054.0,4076.0,4,30,30,30,14,26,14,4,30,18,30,12,15,27
1610612744,Golden State Warriors,74,40,34,0.541,3582.0,3236,6823,0.474,1088,2901,0.375,1170,1503,0.778,914,2547,3461,2162,1049.0,509,322,368,1455,1347,8730,157.0,20,17,17,17,21,7,4,15,3,3,10,25,28,16,4,6,2,4,22,24,27,13,22,26,9,15,2024-04-02,114.6,116.9,112.9,115.0,1.7,1.9,0.668,2.06,20.0,0.318,0.723,0.521,0.14,0.554,0.583,101.9,99.99,83.33,7468,0.508,20,17,17,17,21,11,16,15,4,12,7,3,11,3,22,14,14,11,14,1179.0,1178.0,913.0,3606.0,1252.0,991.0,1101.0,3702.0,20,17,17,1,21,21,4,28,22,20,9,20,15,0.554,0.22,0.14,0.318,0.54,0.251,0.129,0.277,20,17,17,17,21,14,29,22,3,11,19,23,11,0.575,0.425,0.492,0.079,0.374,0.105,0.134,0.135,0.413,0.596,0.404,0.811,0.189,0.668,0.332,20,17,17,17,5,24,7,26,9,3,30,27,24,26,4,27,25,6,4,27,3132.0,6702.0,0.467,980.0,2740.0,0.358,1329.0,1684.0,0.789,809.0,2394.0,3203.0,1987.0,961.0,567.0,368.0,322.0,1347.0,1455.0,8573.0,-157.0,20,17,17,17,21,16,20,9,18,24,8,21,22,21,17,8,12,15,24,19,13,27,5,9,15,15,115.0,2547,0.723,509,322,1252.0,991.0,1101.0,3702.0,20,17,17,17,21,16,6,11,24,27,20,9,20,15
1610612745,Houston Rockets,74,38,36,0.514,3582.0,3089,6722,0.46,928,2632,0.353,1342,1738,0.772,851,2550,3401,1826,949.0,574,340,439,1541,1462,8448,119.0,20,19,19,19,21,22,11,26,17,15,23,9,7,19,7,5,4,28,9,10,24,24,28,8,18,16,2024-04-02,111.4,113.6,110.1,112.2,1.3,1.4,0.591,1.92,17.6,0.294,0.725,0.507,0.128,0.529,0.564,101.5,99.58,82.99,7439,0.504,20,19,19,19,21,20,9,17,28,21,29,9,9,10,8,26,24,14,17,1206.0,1069.0,1149.0,3706.0,1086.0,995.0,853.0,3570.0,20,19,19,1,21,17,12,9,18,3,10,1,8,0.529,0.259,0.128,0.294,0.531,0.285,0.137,0.275,20,19,19,19,21,26,10,8,9,6,29,14,9,0.608,0.392,0.512,0.073,0.33,0.136,0.159,0.143,0.439,0.509,0.491,0.782,0.218,0.591,0.409,20,19,19,19,5,18,13,16,15,18,6,7,17,17,23,8,28,3,28,3,3005.0,6523.0,0.461,915.0,2633.0,0.348,1404.0,1856.0,0.756,789.0,2525.0,3314.0,1798.0,1017.0,533.0,439.0,340.0,1462.0,1541.0,8329.0,-119.0,20,19,19,19,21,5,8,6,8,16,2,27,28,1,13,24,17,2,17,15,24,24,23,3,9,16,112.2,2550,0.725,574,340,1086.0,995.0,853.0,3570.0,20,19,19,19,21,9,5,9,10,24,3,10,1,8
1610612754,Indiana Pacers,76,43,33,0.566,3653.0,3554,7034,0.505,1004,2673,0.376,1227,1577,0.778,762,2391,3153,2327,985.0,585,445,411,1624,1400,9339,188.0,1,13,14,14,3,1,1,1,9,13,9,20,21,17,20,24,23,1,14,6,7,22,30,18,1,11,2024-04-02,117.5,120.0,115.5,117.6,1.9,2.4,0.655,2.36,20.9,0.282,0.7,0.49,0.127,0.577,0.604,104.3,102.24,85.2,7783,0.514,1,13,14,14,3,2,24,12,7,1,1,19,25,23,7,2,5,2,12,1338.0,1103.0,1258.0,4380.0,1211.0,1114.0,1050.0,4448.0,1,13,14,1,3,3,7,3,1,15,26,14,30,0.577,0.224,0.127,0.282,0.557,0.288,0.137,0.3,1,13,14,14,3,2,26,7,19,21,30,15,25,0.62,0.38,0.546,0.077,0.323,0.135,0.131,0.143,0.469,0.576,0.424,0.856,0.144,0.655,0.345,1,13,14,14,29,11,20,3,13,21,7,30,16,4,7,24,14,17,7,24,3394.0,6827.0,0.497,819.0,2226.0,0.368,1544.0,1964.0,0.786,834.0,2481.0,3315.0,1879.0,1064.0,505.0,411.0,445.0,1400.0,1624.0,9151.0,-188.0,1,13,14,14,3,29,23,30,1,1,18,30,30,19,27,15,19,6,6,6,22,7,13,1,29,11,117.6,2391,0.7,585,445,1211.0,1114.0,1050.0,4448.0,1,13,14,14,3,24,24,25,6,7,15,26,14,30
1610612746,LA Clippers,74,47,27,0.635,3557.0,3147,6385,0.493,949,2451,0.387,1363,1659,0.822,732,2404,3136,1902,965.0,574,383,343,1368,1415,8606,265.0,20,5,5,5,27,17,27,6,14,23,3,8,12,4,22,21,26,22,10,10,13,5,11,13,13,7,2024-04-02,117.1,119.0,113.0,115.3,4.1,3.7,0.604,1.97,18.9,0.284,0.703,0.502,0.133,0.567,0.605,99.4,97.61,81.34,7233,0.522,20,5,5,5,27,3,18,7,23,20,18,15,24,14,15,5,3,24,7,1208.0,947.0,1077.0,3716.0,1164.0,1023.0,1101.0,3664.0,20,5,5,1,27,16,24,14,17,12,13,20,13,0.567,0.26,0.133,0.284,0.546,0.233,0.133,0.297,20,5,5,5,27,5,8,15,15,14,8,20,24,0.616,0.384,0.511,0.079,0.331,0.125,0.158,0.14,0.432,0.545,0.455,0.743,0.257,0.604,0.396,20,5,5,5,24,14,17,17,10,17,15,8,18,20,12,19,29,2,23,8,3094.0,6559.0,0.472,968.0,2607.0,0.371,1185.0,1530.0,0.775,814.0,2269.0,3083.0,1959.0,962.0,525.0,343.0,383.0,1415.0,1368.0,8341.0,-265.0,20,5,5,5,27,11,11,14,15,13,21,6,6,10,19,3,4,10,23,11,5,13,18,20,10,7,115.3,2404,0.703,574,383,1164.0,1023.0,1101.0,3664.0,20,5,5,5,27,18,21,24,10,13,12,13,20,13
1610612747,Los Angeles Lakers,75,42,33,0.56,3635.0,3264,6557,0.498,880,2334,0.377,1418,1818,0.78,609,2631,3240,2136,1037.0,543,416,359,1186,1486,8826,13.0,4,15,14,15,5,5,24,3,25,29,7,3,3,13,30,2,16,6,20,18,10,11,1,4,6,19,2024-04-02,113.4,115.1,112.8,115.0,0.5,0.2,0.654,2.06,20.1,0.241,0.724,0.495,0.135,0.565,0.6,103.0,101.22,84.35,7665,0.517,4,15,14,15,5,15,15,19,8,13,6,30,10,20,16,8,7,4,9,1189.0,777.0,1251.0,4158.0,1270.0,1145.0,1213.0,3856.0,4,15,14,1,5,20,30,4,2,22,29,27,22,0.565,0.277,0.135,0.241,0.547,0.193,0.128,0.276,4,15,14,15,5,8,2,16,30,17,2,24,10,0.644,0.356,0.54,0.069,0.299,0.142,0.161,0.135,0.471,0.594,0.406,0.818,0.182,0.654,0.346,4,15,14,15,4,2,29,6,17,29,3,6,25,3,5,26,24,7,8,23,3335.0,7059.0,0.472,1058.0,2844.0,0.372,1085.0,1360.0,0.798,828.0,2496.0,3324.0,2130.0,981.0,603.0,359.0,416.0,1486.0,1186.0,8813.0,-13.0,4,15,14,15,5,26,30,16,28,28,22,2,2,25,25,19,23,27,20,23,11,10,27,30,24,19,115.0,2631,0.724,543,416,1270.0,1145.0,1213.0,3856.0,4,15,14,15,5,15,2,10,18,10,22,29,27,22
1610612763,Memphis Grizzlies,75,25,50,0.333,3620.0,2864,6578,0.435,1000,2883,0.347,1218,1599,0.762,794,2375,3169,1872,1135.0,603,465,480,1440,1428,7946,-537.0,4,24,24,24,10,30,20,30,10,4,29,21,17,25,15,26,21,24,27,5,4,29,20,11,30,26,2024-04-02,104.2,106.8,111.9,113.9,-7.7,-7.1,0.654,1.65,18.1,0.282,0.705,0.486,0.153,0.511,0.546,100.8,98.69,82.24,7437,0.457,4,24,24,24,10,30,11,26,10,29,26,16,22,25,28,29,29,17,26,1292.0,998.0,877.0,3398.0,1393.0,1070.0,1128.0,3624.0,4,24,24,20,10,8,19,30,30,27,24,22,11,0.511,0.243,0.153,0.282,0.552,0.249,0.151,0.295,4,24,24,24,10,29,16,28,16,19,17,3,22,0.562,0.438,0.469,0.042,0.378,0.11,0.153,0.163,0.428,0.532,0.468,0.881,0.119,0.654,0.346,4,24,24,24,16,28,3,29,30,2,27,15,3,23,16,15,8,23,10,21,3103.0,6536.0,0.475,1006.0,2642.0,0.381,1271.0,1629.0,0.78,794.0,2632.0,3426.0,1991.0,1121.0,608.0,480.0,465.0,1428.0,1440.0,8483.0,537.0,4,24,24,24,10,12,9,19,24,17,27,13,14,13,15,29,29,16,3,24,29,4,20,11,13,26,113.9,2375,0.705,603,465,1393.0,1070.0,1128.0,3624.0,4,24,24,24,10,11,26,22,5,4,27,24,22,11
1610612748,Miami Heat,74,41,33,0.554,3557.0,2942,6339,0.464,914,2469,0.37,1334,1640,0.813,691,2425,3116,1903,925.0,562,253,357,1284,1403,8132,101.0,20,16,14,16,27,29,29,23,21,19,13,10,14,5,27,20,27,21,5,14,30,10,3,17,27,17,2024-04-02,111.5,113.1,109.7,111.7,1.7,1.5,0.647,2.06,19.0,0.261,0.734,0.497,0.129,0.536,0.576,98.6,97.01,80.84,7187,0.507,20,16,14,16,27,21,5,16,12,15,16,24,2,18,9,20,18,28,15,1228.0,858.0,955.0,3492.0,1161.0,975.0,958.0,3434.0,20,16,14,1,27,11,29,24,29,11,7,4,3,0.536,0.259,0.129,0.261,0.546,0.225,0.143,0.266,20,16,14,16,27,20,9,9,24,15,4,7,2,0.611,0.389,0.499,0.069,0.337,0.117,0.164,0.151,0.429,0.535,0.465,0.895,0.105,0.647,0.353,20,16,14,16,24,17,14,22,16,11,21,3,8,21,15,16,3,28,12,19,2978.0,6345.0,0.469,971.0,2713.0,0.358,1104.0,1429.0,0.773,681.0,2493.0,3174.0,1967.0,1026.0,482.0,357.0,253.0,1403.0,1284.0,8031.0,-101.0,20,16,14,16,27,3,3,12,16,21,10,3,3,7,2,17,9,11,13,3,10,30,14,28,3,17,111.7,2425,0.734,562,253,1161.0,975.0,958.0,3434.0,20,16,14,16,27,5,20,2,14,30,11,7,4,3
1610612749,Milwaukee Bucks,74,47,27,0.635,3577.0,3221,6566,0.491,1060,2821,0.376,1404,1819,0.772,685,2585,3270,1972,940.0,502,368,313,1446,1451,8906,260.0,20,5,5,5,23,9,22,7,4,7,8,6,2,20,28,3,14,17,7,26,16,3,21,9,5,8,2024-04-02,116.9,118.4,112.8,115.0,4.0,3.5,0.612,2.1,19.0,0.253,0.73,0.499,0.125,0.571,0.605,102.6,100.91,84.09,7520,0.515,20,5,5,5,23,5,14,8,19,8,17,27,6,17,6,4,4,5,11,1076.0,970.0,969.0,3528.0,1090.0,1028.0,1013.0,3766.0,20,5,5,1,23,29,23,23,26,4,14,9,17,0.571,0.277,0.125,0.253,0.538,0.235,0.118,0.27,20,5,5,5,23,4,3,6,27,9,9,30,6,0.57,0.43,0.485,0.089,0.357,0.109,0.158,0.121,0.396,0.503,0.497,0.836,0.164,0.612,0.388,20,5,5,5,8,27,4,27,4,8,28,11,30,29,25,6,22,9,19,12,3207.0,6837.0,0.469,936.0,2616.0,0.358,1296.0,1610.0,0.805,771.0,2498.0,3269.0,1967.0,890.0,507.0,313.0,368.0,1451.0,1446.0,8646.0,-260.0,20,5,5,5,23,20,25,11,12,14,9,19,12,29,9,20,15,11,29,7,3,16,22,10,19,8,115.0,2585,0.73,502,368,1090.0,1028.0,1013.0,3766.0,20,5,5,5,23,14,3,6,26,16,4,14,9,17
1610612750,Minnesota Timberwolves,74,51,23,0.689,3577.0,3052,6298,0.485,931,2410,0.386,1317,1696,0.777,696,2543,3239,1962,1044.0,568,444,344,1398,1467,8352,490.0,20,4,3,4,23,24,30,10,16,26,4,12,10,18,26,7,17,18,21,12,8,7,15,5,22,3,2024-04-02,113.0,114.6,106.0,108.2,7.0,6.4,0.643,1.88,19.3,0.276,0.726,0.51,0.143,0.559,0.593,99.4,97.68,81.4,7291,0.543,20,4,3,4,23,18,1,3,13,22,13,21,8,8,23,11,9,23,2,1251.0,991.0,908.0,3766.0,1188.0,943.0,962.0,3416.0,20,4,3,1,23,10,20,29,15,13,4,5,1,0.559,0.269,0.143,0.276,0.513,0.252,0.143,0.274,20,4,3,4,23,11,5,23,21,1,20,6,8,0.617,0.383,0.508,0.057,0.334,0.109,0.158,0.15,0.451,0.544,0.456,0.868,0.132,0.643,0.357,20,4,3,4,8,12,19,18,28,15,29,10,10,11,13,18,11,20,13,18,2875.0,6424.0,0.448,840.0,2383.0,0.352,1272.0,1622.0,0.784,764.0,2302.0,3066.0,1802.0,1042.0,551.0,344.0,444.0,1467.0,1398.0,7862.0,-490.0,20,4,3,4,23,1,4,1,2,3,4,15,13,18,6,4,3,3,11,18,7,8,26,16,1,3,108.2,2543,0.726,568,444,1188.0,943.0,962.0,3416.0,20,4,3,4,23,1,7,8,12,8,13,4,5,1
1610612740,New Orleans Pelicans,75,45,30,0.6,3605.0,3196,6569,0.487,918,2425,0.379,1329,1737,0.765,793,2532,3325,2025,972.0,617,358,395,1393,1392,8639,354.0,4,7,8,8,18,13,21,8,19,25,6,11,8,21,16,8,8,12,11,2,18,20,14,19,12,5,2024-04-02,115.0,116.6,109.8,111.7,5.2,4.9,0.634,2.08,19.4,0.282,0.722,0.506,0.131,0.556,0.589,100.2,98.7,82.25,7408,0.526,4,7,8,8,18,12,6,6,15,9,10,17,12,11,12,13,10,16,6,1309.0,1076.0,1125.0,3886.0,1148.0,974.0,1028.0,3474.0,4,7,8,1,18,5,11,11,7,9,6,10,5,0.556,0.264,0.131,0.282,0.537,0.24,0.142,0.278,4,7,8,8,18,13,7,12,17,8,11,8,12,0.631,0.369,0.527,0.078,0.319,0.13,0.154,0.152,0.45,0.531,0.469,0.888,0.112,0.634,0.366,4,7,8,8,27,6,25,10,11,22,12,13,7,12,17,14,5,26,15,16,3021.0,6563.0,0.46,1012.0,2920.0,0.347,1231.0,1575.0,0.782,768.0,2420.0,3188.0,1992.0,1055.0,483.0,395.0,358.0,1393.0,1393.0,8285.0,-354.0,4,7,8,8,18,7,12,4,25,29,1,9,8,15,8,10,10,17,8,4,20,18,12,17,8,5,111.7,2532,0.722,617,358,1148.0,974.0,1028.0,3474.0,4,7,8,8,18,6,8,12,2,18,9,6,10,5
1610612752,New York Knicks,74,44,30,0.595,3557.0,3046,6585,0.463,978,2682,0.365,1261,1617,0.78,954,2435,3389,1789,981.0,544,307,388,1314,1416,8331,345.0,20,10,8,10,27,25,19,25,12,12,18,17,15,14,1,18,5,29,12,17,28,19,5,12,24,6,2024-04-02,113.8,117.0,110.7,112.0,3.1,5.0,0.587,1.82,17.7,0.335,0.733,0.529,0.138,0.537,0.571,98.1,96.14,80.12,7120,0.515,20,10,8,10,27,10,8,4,29,23,28,1,5,1,20,19,20,30,10,1226.0,1220.0,1090.0,3610.0,1104.0,899.0,1047.0,3450.0,20,10,8,1,27,12,2,13,20,6,2,13,4,0.537,0.246,0.138,0.335,0.542,0.232,0.136,0.267,20,10,8,10,27,19,15,20,1,12,6,18,5,0.593,0.407,0.496,0.063,0.352,0.131,0.151,0.147,0.433,0.467,0.533,0.843,0.157,0.587,0.413,20,10,8,10,24,22,9,23,22,9,10,16,11,19,30,1,19,12,29,2,2970.0,6341.0,0.468,929.0,2543.0,0.365,1117.0,1469.0,0.76,742.0,2256.0,2998.0,1902.0,970.0,498.0,388.0,307.0,1416.0,1314.0,7986.0,-345.0,20,10,8,10,27,2,2,10,11,11,16,4,5,2,5,2,1,7,22,5,19,28,19,26,2,6,112.0,2435,0.733,544,307,1104.0,899.0,1047.0,3450.0,20,10,8,10,27,8,18,5,17,28,6,2,13,4
1610612760,Oklahoma City Thunder,74,52,22,0.703,3577.0,3307,6616,0.5,992,2536,0.391,1304,1580,0.825,654,2444,3098,1994,927.0,612,489,378,1419,1407,8910,546.0,20,2,2,2,23,2,18,2,11,17,1,13,18,2,29,17,28,14,6,3,1,17,17,15,4,2,2024-04-02,117.5,118.7,109.5,111.5,8.0,7.3,0.603,2.15,19.3,0.25,0.693,0.482,0.124,0.575,0.609,102.1,100.7,83.92,7505,0.538,20,2,2,2,23,4,4,2,24,4,12,28,27,28,5,3,1,7,3,1501.0,859.0,1161.0,3882.0,1094.0,1141.0,912.0,3498.0,20,2,2,1,23,1,28,6,8,5,28,3,7,0.575,0.239,0.124,0.25,0.531,0.261,0.155,0.307,20,2,2,2,23,3,17,5,28,5,23,1,27,0.617,0.383,0.52,0.084,0.334,0.13,0.146,0.168,0.436,0.479,0.521,0.892,0.108,0.603,0.397,20,2,2,2,8,13,18,14,6,16,11,18,1,18,28,3,4,27,24,7,3012.0,6607.0,0.456,990.0,2740.0,0.361,1350.0,1723.0,0.784,888.0,2426.0,3314.0,1995.0,1160.0,516.0,378.0,489.0,1407.0,1419.0,8364.0,-546.0,20,2,2,2,23,6,15,3,21,24,12,23,24,16,29,11,17,18,1,10,17,1,16,14,11,2,111.5,2444,0.693,612,489,1094.0,1141.0,912.0,3498.0,20,2,2,2,23,4,17,27,3,1,5,28,3,7
1610612753,Orlando Magic,75,44,31,0.587,3620.0,3033,6356,0.477,833,2348,0.355,1383,1837,0.753,797,2392,3189,1854,1117.0,606,395,348,1493,1566,8282,168.0,4,10,11,11,10,26,28,14,29,28,21,7,1,28,14,23,20,25,24,4,12,9,25,1,26,13,2024-04-02,110.7,112.8,108.2,110.4,2.4,2.4,0.611,1.66,18.1,0.297,0.734,0.515,0.152,0.543,0.578,99.3,97.41,81.18,7343,0.514,4,10,11,11,10,23,2,11,21,28,25,7,3,7,26,15,17,26,13,1379.0,1085.0,939.0,3880.0,1244.0,921.0,1096.0,3580.0,4,10,11,1,10,2,10,26,9,18,3,19,9,0.543,0.289,0.152,0.297,0.54,0.262,0.153,0.266,4,10,11,11,10,15,1,26,7,10,24,2,3,0.631,0.369,0.531,0.063,0.302,0.113,0.167,0.167,0.468,0.509,0.491,0.881,0.119,0.611,0.389,4,10,11,11,16,7,24,8,23,27,25,2,2,5,22,9,7,24,21,10,2987.0,6328.0,0.472,857.0,2418.0,0.354,1283.0,1657.0,0.774,681.0,2321.0,3002.0,1794.0,1122.0,611.0,348.0,395.0,1566.0,1493.0,8114.0,-168.0,4,10,11,11,10,4,1,15,4,4,5,16,20,8,2,5,2,1,2,25,9,12,30,6,4,13,110.4,2392,0.734,606,395,1244.0,921.0,1096.0,3580.0,4,10,11,11,10,2,23,3,4,12,18,3,19,9
1610612755,Philadelphia 76ers,75,40,35,0.533,3610.0,3105,6686,0.464,891,2467,0.361,1477,1790,0.825,835,2365,3200,1847,888.0,623,449,459,1537,1404,8578,164.0,4,17,18,18,15,21,13,22,23,20,19,1,4,3,8,27,19,27,1,1,6,27,27,16,15,14,2024-04-02,114.0,116.4,112.0,114.2,2.0,2.2,0.595,2.08,17.9,0.294,0.698,0.492,0.121,0.531,0.574,100.0,97.98,81.65,7369,0.501,4,17,18,18,15,14,12,14,26,10,27,10,26,22,1,25,19,19,18,1315.0,1128.0,1178.0,3782.0,1054.0,1030.0,1149.0,3792.0,4,17,18,1,15,4,6,5,14,2,15,24,19,0.531,0.268,0.121,0.294,0.542,0.274,0.147,0.302,4,17,18,18,15,25,6,1,10,13,27,4,26,0.631,0.369,0.516,0.075,0.312,0.137,0.172,0.153,0.441,0.503,0.497,0.823,0.177,0.595,0.405,4,17,18,18,21,5,26,15,14,24,5,1,4,15,24,7,23,8,26,5,3057.0,6470.0,0.472,897.0,2522.0,0.356,1403.0,1775.0,0.79,823.0,2494.0,3317.0,1973.0,1085.0,456.0,459.0,449.0,1404.0,1537.0,8414.0,-164.0,4,17,18,18,15,10,6,17,6,8,6,26,25,22,23,18,20,13,5,1,27,6,15,4,12,14,114.2,2365,0.698,623,449,1054.0,1030.0,1149.0,3792.0,4,17,18,18,15,12,27,26,1,6,2,15,24,19
1610612756,Phoenix Suns,75,44,31,0.587,3620.0,3203,6467,0.495,925,2427,0.381,1428,1777,0.804,771,2554,3325,2028,1118.0,539,459,343,1356,1487,8759,205.0,4,10,11,11,10,12,26,4,18,24,5,2,5,7,19,4,8,11,25,21,5,5,8,3,8,10,2024-04-02,115.3,117.3,112.2,114.5,3.1,2.9,0.633,1.81,19.3,0.297,0.711,0.515,0.15,0.567,0.604,100.9,99.03,82.52,7465,0.527,4,10,11,11,10,9,13,10,16,24,11,8,20,6,25,6,6,15,5,1149.0,988.0,998.0,3560.0,1377.0,1069.0,1091.0,3736.0,4,10,11,1,10,26,21,21,24,25,23,18,16,0.567,0.275,0.15,0.297,0.537,0.232,0.124,0.289,4,10,11,11,10,6,4,25,8,7,7,26,20,0.625,0.375,0.52,0.114,0.317,0.114,0.163,0.131,0.406,0.539,0.461,0.865,0.135,0.633,0.367,4,10,11,11,16,10,21,13,2,23,24,4,26,27,14,17,12,19,16,15,3171.0,6832.0,0.464,994.0,2729.0,0.364,1218.0,1587.0,0.767,835.0,2252.0,3087.0,1979.0,930.0,626.0,343.0,459.0,1487.0,1356.0,8554.0,-205.0,4,10,11,11,10,18,24,7,22,23,14,7,10,4,28,1,5,14,25,26,5,5,28,23,14,10,114.5,2554,0.711,539,459,1377.0,1069.0,1091.0,3736.0,4,10,11,11,10,13,4,20,21,5,25,23,18,16
1610612757,Portland Trail Blazers,75,19,56,0.253,3640.0,2966,6692,0.443,869,2478,0.351,1236,1560,0.792,912,2232,3144,1732,1145.0,581,332,481,1530,1353,8037,-666.0,4,26,26,26,4,28,12,29,26,18,25,19,22,10,5,30,25,30,28,7,25,30,26,24,28,28,2024-04-02,105.6,108.2,114.8,117.1,-9.3,-8.9,0.584,1.51,16.8,0.314,0.692,0.493,0.154,0.508,0.545,100.1,97.97,81.64,7426,0.435,4,26,26,26,4,29,23,28,30,30,30,4,28,21,30,30,30,20,30,1212.0,1174.0,972.0,3540.0,1453.0,1064.0,1284.0,4042.0,4,26,26,20,4,15,5,22,25,29,22,29,26,0.508,0.233,0.154,0.314,0.561,0.273,0.147,0.308,4,26,26,26,4,30,21,30,4,24,26,5,28,0.63,0.37,0.522,0.081,0.324,0.121,0.154,0.151,0.44,0.478,0.522,0.839,0.161,0.584,0.416,4,26,26,26,2,9,22,12,8,19,17,14,9,16,29,2,21,10,30,1,3207.0,6508.0,0.493,884.0,2484.0,0.356,1405.0,1777.0,0.791,803.0,2480.0,3283.0,2042.0,1091.0,664.0,481.0,332.0,1353.0,1530.0,8703.0,666.0,4,26,26,26,4,20,7,26,5,6,7,28,26,23,16,14,16,21,4,29,30,25,7,5,21,28,117.1,2232,0.692,581,332,1453.0,1064.0,1284.0,4042.0,4,26,26,26,4,23,30,28,7,25,29,22,29,26
1610612758,Sacramento Kings,74,43,31,0.581,3587.0,3232,6726,0.481,1053,2868,0.367,1160,1557,0.745,785,2449,3234,2113,984.0,559,307,342,1482,1369,8677,92.0,20,13,11,13,20,8,10,12,5,5,15,27,23,30,17,16,18,7,13,16,28,4,23,21,11,18,2024-04-02,114.0,116.5,113.7,115.2,0.3,1.3,0.654,2.15,20.0,0.284,0.745,0.508,0.132,0.559,0.585,101.4,99.71,83.09,7449,0.498,20,13,11,13,20,13,17,18,9,5,8,14,1,9,14,10,13,12,19,1204.0,1063.0,1054.0,3830.0,1243.0,818.0,874.0,3660.0,20,13,11,1,20,18,13,16,11,17,1,2,12,0.559,0.231,0.132,0.284,0.559,0.267,0.137,0.255,20,13,11,13,20,10,23,14,14,23,25,13,1,0.574,0.426,0.502,0.061,0.364,0.121,0.134,0.139,0.441,0.545,0.455,0.879,0.121,0.654,0.346,20,13,11,13,3,26,5,19,25,6,16,28,20,14,11,20,10,21,9,22,3112.0,6443.0,0.483,980.0,2499.0,0.392,1381.0,1722.0,0.802,670.0,2466.0,3136.0,2015.0,1021.0,547.0,342.0,307.0,1369.0,1482.0,8585.0,-92.0,20,13,11,13,20,13,5,21,18,7,29,24,23,28,1,13,6,19,14,17,4,28,10,8,16,18,115.2,2449,0.745,559,307,1243.0,818.0,874.0,3660.0,20,13,11,13,20,17,16,1,16,28,17,1,2,12
1610612759,San Antonio Spurs,75,18,57,0.24,3620.0,3142,6791,0.463,941,2702,0.348,1190,1517,0.784,777,2497,3274,2233,1128.0,542,467,347,1309,1361,8415,-528.0,4,27,27,27,10,18,6,24,15,11,28,23,26,12,18,12,13,2,26,19,3,8,4,22,21,25,2024-04-02,107.8,109.6,114.7,116.5,-6.9,-6.9,0.711,1.98,20.5,0.27,0.718,0.49,0.147,0.532,0.564,103.5,101.83,84.86,7681,0.477,4,27,27,27,10,26,22,25,1,19,3,23,16,24,24,24,26,3,25,1175.0,943.0,1158.0,3840.0,1387.0,1071.0,1086.0,4088.0,4,27,27,20,10,22,25,7,10,26,25,17,28,0.532,0.223,0.147,0.27,0.561,0.228,0.133,0.282,4,27,27,27,10,24,27,24,23,25,5,21,16,0.602,0.398,0.523,0.067,0.335,0.138,0.141,0.14,0.456,0.624,0.376,0.913,0.087,0.711,0.289,4,27,27,27,16,19,12,11,20,14,4,21,19,9,1,30,1,30,1,30,3377.0,6878.0,0.491,965.0,2552.0,0.378,1224.0,1570.0,0.78,789.0,2605.0,3394.0,2107.0,1018.0,664.0,347.0,467.0,1361.0,1309.0,8943.0,528.0,4,27,27,27,10,28,28,25,14,12,26,8,7,12,13,27,27,24,16,29,8,3,9,27,25,25,116.5,2497,0.718,542,467,1387.0,1071.0,1086.0,4088.0,4,27,27,27,10,22,12,16,19,3,26,25,17,28
1610612761,Toronto Raptors,74,23,51,0.311,3577.0,3148,6648,0.474,860,2457,0.35,1183,1579,0.749,808,2339,3147,2148,1017.0,578,354,408,1347,1338,8339,-419.0,20,25,25,25,23,16,14,16,28,21,26,24,19,29,11,28,24,5,18,8,21,21,7,28,23,24,2024-04-02,110.4,112.3,115.6,117.9,-5.1,-5.6,0.682,2.11,20.3,0.281,0.691,0.483,0.137,0.538,0.568,101.5,99.64,83.04,7424,0.479,20,25,25,25,23,24,25,24,2,6,4,20,29,27,18,18,21,13,24,1203.0,1007.0,1405.0,4014.0,1247.0,1137.0,1060.0,4016.0,20,25,25,20,23,19,18,1,4,19,27,16,24,0.538,0.238,0.137,0.281,0.564,0.216,0.139,0.309,20,25,25,25,23,18,19,18,20,27,3,11,29,0.63,0.37,0.549,0.067,0.309,0.168,0.142,0.144,0.481,0.597,0.403,0.909,0.091,0.682,0.318,20,25,25,25,8,8,23,2,18,26,1,20,15,2,3,28,2,29,2,29,3302.0,6738.0,0.49,1001.0,2655.0,0.377,1153.0,1453.0,0.794,829.0,2507.0,3336.0,2097.0,1030.0,526.0,408.0,354.0,1338.0,1347.0,8758.0,419.0,20,25,25,25,23,24,21,24,23,19,24,5,4,24,26,22,25,23,12,12,21,21,3,24,22,24,117.9,2339,0.691,578,354,1247.0,1137.0,1060.0,4016.0,20,25,25,25,23,25,28,29,8,21,19,27,16,24
1610612762,Utah Jazz,75,29,46,0.387,3625.0,3161,6757,0.468,976,2752,0.355,1416,1704,0.831,921,2514,3435,2071,1170.0,489,427,479,1413,1463,8714,-329.0,4,22,22,22,7,15,8,18,13,10,22,4,9,1,3,10,3,10,30,29,9,28,16,6,10,23,2024-04-02,112.4,114.8,117.5,119.3,-5.2,-4.6,0.655,1.77,19.1,0.325,0.721,0.523,0.154,0.54,0.58,102.3,100.44,83.7,7593,0.482,4,22,22,22,7,16,30,23,6,26,15,2,13,2,29,17,15,10,23,1115.0,1230.0,1049.0,4008.0,1450.0,1058.0,1390.0,3854.0,4,22,22,20,7,28,1,17,5,28,20,30,21,0.54,0.252,0.154,0.325,0.567,0.24,0.122,0.279,4,22,22,22,7,17,13,29,2,28,10,27,13,0.593,0.407,0.501,0.042,0.336,0.12,0.162,0.128,0.46,0.552,0.448,0.886,0.114,0.655,0.345,4,22,22,22,12,21,10,20,29,13,19,5,28,7,9,22,6,25,6,25,3334.0,6862.0,0.486,1111.0,2795.0,0.397,1264.0,1645.0,0.768,811.0,2346.0,3157.0,2230.0,921.0,637.0,479.0,427.0,1463.0,1413.0,9043.0,329.0,4,22,22,22,7,25,26,22,29,27,30,12,16,5,18,7,8,30,27,27,28,9,24,15,28,23,119.3,2514,0.721,489,427,1450.0,1058.0,1390.0,3854.0,4,22,22,22,7,30,10,13,29,9,28,20,30,21
1610612764,Washington Wizards,75,14,61,0.187,3610.0,3213,6854,0.469,915,2638,0.347,1155,1511,0.764,705,2376,3081,2094,1056.0,565,380,448,1489,1345,8496,-726.0,4,29,29,29,15,10,3,17,20,14,30,28,27,23,25,25,29,9,23,13,14,26,24,27,17,29,2024-04-02,108.0,109.9,116.8,118.9,-8.8,-9.1,0.652,1.98,19.5,0.243,0.683,0.46,0.137,0.536,0.565,104.8,102.94,85.78,7731,0.452,4,29,29,29,15,25,28,29,11,18,9,29,30,30,17,21,23,1,27,1299.0,862.0,1287.0,4104.0,1270.0,1234.0,1133.0,4392.0,4,29,29,20,15,7,27,2,3,22,30,23,29,0.536,0.22,0.137,0.243,0.563,0.257,0.136,0.317,4,29,29,29,15,21,28,17,29,26,22,16,30,0.615,0.385,0.541,0.058,0.323,0.151,0.136,0.153,0.483,0.574,0.426,0.847,0.153,0.652,0.348,4,29,29,29,21,15,16,5,26,20,2,25,5,1,8,23,17,14,11,20,3454.0,6956.0,0.497,920.0,2538.0,0.362,1394.0,1786.0,0.781,903.0,2752.0,3655.0,2181.0,1058.0,593.0,448.0,380.0,1345.0,1489.0,9222.0,726.0,4,29,29,29,15,30,29,29,9,10,13,25,27,14,30,30,30,29,7,22,26,14,4,7,30,29,118.9,2376,0.683,565,380,1270.0,1234.0,1133.0,4392.0,4,29,29,29,15,28,25,30,13,14,22,30,23,29
1610612737,Atlanta Hawks,75,35,40,0.467,3625.0,3242,6948,0.467,1038,2827,0.367,1409,1759,0.801,954,2398,3352,1982,991.0,561,347,422,1389,1463,8931,-89.0,11,21,20,21,16,11,2,20,6,7,14,6,6,8,2,23,7,17,14,16,23,23,12,9,6,20,2024-04-02,115.1,117.4,116.6,118.5,-1.5,-1.1,0.611,2.0,18.4,0.312,0.71,0.503,0.13,0.541,0.578,102.6,100.79,83.99,7610,0.487,11,21,20,21,16,8,27,20,20,17,21,5,21,13,11,16,16,6,21,1303.0,1217.0,1022.0,3810.0,1234.0,1053.0,1235.0,4040.0,11,21,20,20,16,7,3,19,14,16,18,28,24,0.541,0.253,0.13,0.312,0.57,0.244,0.139,0.29,11,21,20,21,16,16,11,11,5,29,15,12,21,0.593,0.407,0.494,0.067,0.349,0.114,0.158,0.146,0.427,0.53,0.47,0.783,0.217,0.611,0.389,11,21,20,21,8,20,11,25,19,10,23,10,12,24,18,13,27,4,20,11,3340.0,6772.0,0.493,1035.0,2713.0,0.381,1305.0,1654.0,0.789,816.0,2504.0,3320.0,2108.0,1055.0,571.0,422.0,347.0,1463.0,1389.0,9020.0,89.0,11,21,20,21,16,24,19,27,27,21,28,19,18,21,17,17,19,23,9,19,23,23,22,18,26,20,118.5,2398,0.71,561,347,1234.0,1053.0,1235.0,4040.0,11,21,20,21,16,27,23,21,16,23,16,18,28,24
1610612738,Boston Celtics,75,59,16,0.787,3630.0,3282,6756,0.486,1243,3193,0.389,1257,1554,0.809,800,2687,3487,2000,900.0,493,484,274,1228,1331,9064,856.0,11,1,1,1,13,5,12,9,1,1,2,18,24,6,14,1,2,15,1,29,2,1,2,29,2,1,2024-04-02,120.2,122.4,109.2,110.7,11.0,11.7,0.609,2.22,19.2,0.288,0.729,0.517,0.122,0.578,0.609,99.5,98.0,81.67,7406,0.554,11,1,1,1,13,1,3,1,22,3,14,13,7,4,2,1,1,18,1,1139.0,1089.0,1140.0,3512.0,1003.0,1003.0,972.0,3588.0,11,1,1,1,13,27,9,10,29,1,10,4,9,0.578,0.23,0.122,0.288,0.523,0.193,0.119,0.271,11,1,1,1,13,1,24,2,13,2,1,29,7,0.527,0.473,0.45,0.062,0.411,0.126,0.139,0.126,0.387,0.498,0.502,0.792,0.208,0.609,0.391,11,1,1,1,5,30,1,30,24,1,14,23,29,30,26,5,26,5,22,9,3117.0,6874.0,0.453,963.0,2750.0,0.35,1011.0,1324.0,0.764,826.0,2418.0,3244.0,1868.0,885.0,465.0,274.0,484.0,1331.0,1228.0,8208.0,-856.0,11,1,1,1,13,12,25,2,13,24,3,1,1,3,20,8,13,4,30,1,1,2,2,29,5,1,110.7,2687,0.729,493,484,1003.0,1003.0,972.0,3588.0,11,1,1,1,13,3,1,7,29,2,1,10,4,9
1610612751,Brooklyn Nets,76,29,47,0.382,3673.0,3113,6810,0.457,1028,2819,0.365,1192,1578,0.755,871,2455,3326,1977,986.0,529,379,372,1426,1381,8446,-200.0,1,22,22,22,3,22,9,28,8,9,17,24,21,26,6,20,10,18,13,23,15,12,16,21,23,22,2024-04-02,110.8,113.0,113.4,115.6,-2.6,-2.6,0.635,2.01,18.8,0.289,0.714,0.495,0.132,0.533,0.563,99.6,97.69,81.41,7474,0.483,1,22,22,22,3,22,21,22,14,16,19,12,18,20,14,22,26,22,22,1153.0,1097.0,1015.0,3616.0,1149.0,1057.0,1164.0,3688.0,1,22,22,20,3,24,8,20,21,10,19,25,12,0.533,0.232,0.132,0.289,0.547,0.246,0.131,0.286,1,22,22,22,3,22,23,14,12,16,16,22,18,0.586,0.414,0.494,0.066,0.365,0.12,0.141,0.137,0.428,0.529,0.471,0.85,0.15,0.635,0.365,1,22,22,22,13,23,8,24,21,5,20,21,22,21,19,12,16,15,14,17,3168.0,6693.0,0.473,980.0,2626.0,0.373,1330.0,1647.0,0.808,772.0,2599.0,3371.0,1935.0,978.0,512.0,372.0,379.0,1381.0,1426.0,8646.0,200.0,1,22,22,22,3,16,18,18,15,13,23,21,16,30,8,26,24,8,22,8,12,15,10,14,16,22,115.6,2455,0.714,529,379,1149.0,1057.0,1164.0,3688.0,1,22,22,22,3,21,20,18,23,15,10,19,25,12
1610612766,Charlotte Hornets,75,18,57,0.24,3610.0,3004,6565,0.458,894,2544,0.351,1073,1377,0.779,725,2318,3043,1848,1024.0,502,329,376,1361,1310,7975,-795.0,11,27,27,27,25,27,25,27,24,17,24,30,30,15,24,29,30,28,17,27,26,15,8,30,29,30,2024-04-02,106.8,108.3,117.1,119.3,-10.4,-11.0,0.615,1.8,18.2,0.258,0.713,0.478,0.139,0.526,0.556,99.4,97.83,81.52,7364,0.443,11,27,27,27,25,28,29,30,18,25,23,26,19,29,21,28,28,21,29,1151.0,924.0,929.0,3604.0,1268.0,1032.0,1039.0,3936.0,11,27,27,20,25,25,26,27,23,20,13,11,23,0.526,0.21,0.139,0.258,0.573,0.242,0.139,0.287,11,27,27,27,25,28,30,21,26,30,13,10,19,0.612,0.388,0.529,0.077,0.336,0.116,0.135,0.144,0.452,0.52,0.48,0.84,0.16,0.615,0.385,11,27,27,27,21,16,15,9,12,13,22,26,14,10,21,10,20,11,18,13,3240.0,6545.0,0.495,1019.0,2701.0,0.377,1271.0,1586.0,0.801,777.0,2626.0,3403.0,2146.0,1021.0,526.0,376.0,329.0,1310.0,1361.0,8770.0,795.0,11,27,27,27,25,21,8,28,25,20,24,12,8,26,11,27,27,27,19,11,15,26,1,23,22,30,119.3,2318,0.713,502,329,1268.0,1032.0,1039.0,3936.0,11,27,27,27,25,29,29,19,27,26,20,13,11,23
1610612741,Chicago Bulls,76,36,40,0.474,3703.0,3171,6788,0.467,882,2457,0.359,1284,1615,0.795,834,2484,3318,1900,923.0,578,365,381,1426,1440,8508,-123.0,1,20,20,20,1,19,10,19,25,23,20,15,16,9,9,14,13,23,4,12,17,17,16,10,20,21,2024-04-02,112.1,113.7,113.2,115.6,-1.0,-1.9,0.599,2.06,18.2,0.289,0.716,0.5,0.123,0.532,0.567,98.6,96.87,80.72,7480,0.492,1,20,20,20,1,19,20,21,25,13,24,11,17,16,4,23,22,29,20,1292.0,1038.0,946.0,3610.0,1146.0,1044.0,991.0,3422.0,1,20,20,20,1,8,15,25,22,8,16,7,1,0.532,0.238,0.123,0.289,0.555,0.25,0.141,0.284,1,20,20,20,1,23,18,4,11,20,19,9,17,0.638,0.362,0.538,0.114,0.311,0.111,0.151,0.152,0.424,0.491,0.509,0.88,0.12,0.599,0.401,1,20,20,20,1,4,27,7,1,25,26,17,6,25,27,4,10,21,25,6,3117.0,6621.0,0.471,1114.0,3026.0,0.368,1283.0,1653.0,0.776,777.0,2542.0,3319.0,2124.0,1055.0,511.0,381.0,365.0,1440.0,1426.0,8631.0,123.0,1,20,20,20,1,12,12,13,29,30,18,15,17,11,11,23,18,24,9,7,17,17,21,14,15,21,115.6,2484,0.716,578,365,1146.0,1044.0,991.0,3422.0,1,20,20,20,1,20,14,17,12,17,8,16,7,1
1610612739,Cleveland Cavaliers,76,46,30,0.605,3673.0,3174,6617,0.48,1035,2823,0.367,1188,1552,0.765,748,2558,3306,2135,1026.0,551,358,374,1358,1436,8571,229.0,1,7,7,7,3,18,22,13,7,8,15,25,25,21,21,7,14,8,18,18,20,13,7,11,17,9,2024-04-02,113.1,114.9,109.4,111.8,3.7,3.2,0.673,2.08,20.2,0.275,0.72,0.502,0.138,0.558,0.587,99.3,97.49,81.24,7457,0.523,1,7,7,7,3,16,7,9,3,10,5,22,14,14,19,11,11,25,7,1247.0,1039.0,1131.0,3790.0,1300.0,983.0,1058.0,3536.0,1,7,7,1,3,11,14,11,16,24,7,15,7,0.558,0.235,0.138,0.275,0.531,0.242,0.137,0.28,1,7,7,7,3,11,20,19,22,5,14,15,14,0.573,0.427,0.499,0.057,0.362,0.132,0.139,0.145,0.442,0.587,0.413,0.85,0.15,0.673,0.327,1,7,7,7,13,25,6,21,28,7,9,24,13,13,6,25,15,16,3,28,3068.0,6661.0,0.461,939.0,2564.0,0.366,1267.0,1615.0,0.785,771.0,2467.0,3238.0,1890.0,1023.0,578.0,375.0,358.0,1436.0,1358.0,8342.0,-229.0,1,7,7,7,3,8,14,5,10,9,15,11,11,17,7,12,12,6,18,21,13,20,20,24,8,9,111.8,2558,0.72,551,358,1300.0,983.0,1058.0,3536.0,1,7,7,7,3,7,7,14,18,20,24,7,15,7
1610612742,Dallas Mavericks,75,45,30,0.6,3600.0,3250,6729,0.483,1104,2958,0.373,1280,1697,0.754,727,2469,3196,1934,921.0,516,362,301,1384,1533,8884,176.0,11,8,7,8,30,10,15,11,2,2,11,16,11,27,23,17,20,19,3,25,18,2,11,2,7,12,2024-04-02,115.8,117.7,113.1,115.5,2.7,2.2,0.595,2.1,18.6,0.258,0.706,0.483,0.122,0.565,0.594,102.4,100.58,83.82,7549,0.506,11,8,7,8,30,6,19,14,27,8,20,25,22,26,3,8,8,8,16,1239.0,989.0,1174.0,3558.0,1128.0,1073.0,1183.0,3846.0,11,8,7,1,30,14,22,7,26,7,23,26,20,0.565,0.252,0.122,0.258,0.549,0.242,0.136,0.294,11,8,7,8,30,8,12,3,25,18,12,18,22,0.56,0.44,0.483,0.083,0.373,0.132,0.144,0.139,0.4,0.522,0.478,0.736,0.264,0.595,0.405,11,8,7,8,30,29,2,28,7,4,8,19,19,28,20,11,30,1,27,4,3229.0,6780.0,0.476,988.0,2680.0,0.369,1262.0,1639.0,0.77,833.0,2548.0,3381.0,2072.0,1028.0,545.0,301.0,362.0,1533.0,1384.0,8708.0,-176.0,11,8,7,8,30,20,20,20,18,18,19,10,15,6,22,24,25,22,16,15,2,18,29,20,20,12,115.5,2469,0.706,516,362,1128.0,1073.0,1183.0,3846.0,11,8,7,8,30,19,17,22,25,18,7,23,26,20
1610612743,Denver Nuggets,76,53,23,0.697,3653.0,3334,6745,0.494,874,2350,0.372,1161,1517,0.765,823,2548,3371,2226,954.0,536,416,377,1382,1368,8703,362.0,1,2,2,2,9,3,13,5,26,29,12,29,28,22,10,9,6,3,8,22,11,16,10,23,12,4,2024-04-02,115.4,117.6,110.9,112.6,4.5,5.0,0.668,2.33,20.8,0.302,0.717,0.515,0.129,0.559,0.587,99.0,97.31,81.09,7403,0.53,1,2,2,2,9,7,10,4,5,2,2,6,16,6,9,9,12,27,4,1179.0,1031.0,1049.0,4054.0,1222.0,1001.0,1031.0,3826.0,1,2,2,1,9,23,16,18,6,15,9,9,17,0.559,0.225,0.129,0.302,0.528,0.252,0.126,0.283,1,2,2,2,9,9,25,9,6,3,21,25,16,0.652,0.348,0.565,0.1,0.301,0.121,0.133,0.135,0.466,0.598,0.402,0.864,0.136,0.668,0.332,1,2,2,2,28,1,30,1,3,28,18,28,23,6,2,29,13,18,5,26,3094.0,6674.0,0.464,854.0,2390.0,0.357,1299.0,1683.0,0.772,829.0,2381.0,3210.0,1961.0,935.0,535.0,377.0,416.0,1368.0,1382.0,8341.0,-362.0,1,2,2,2,9,9,15,7,2,2,9,18,21,7,21,7,11,9,26,13,16,11,8,21,7,4,112.6,2548,0.717,536,416,1222.0,1001.0,1031.0,3826.0,1,2,2,2,9,10,9,16,22,11,15,9,9,17
1610612765,Detroit Pistons,75,13,62,0.173,3615.0,3082,6623,0.465,827,2374,0.348,1304,1655,0.788,805,2483,3288,1930,1153.0,470,358,447,1589,1360,8295,-661.0,11,30,30,30,24,24,21,21,30,28,27,14,14,11,12,15,16,20,29,30,20,25,29,26,25,27,2024-04-02,107.7,109.5,116.2,118.3,-8.4,-8.7,0.626,1.67,18.3,0.282,0.734,0.504,0.152,0.528,0.564,102.3,100.56,83.8,7574,0.452,11,30,30,30,24,26,26,27,17,27,22,18,4,12,27,27,24,9,28,1072.0,1008.0,1072.0,3794.0,1480.0,1016.0,1054.0,4076.0,11,30,30,20,24,30,18,15,15,30,12,13,26,0.528,0.25,0.152,0.282,0.557,0.282,0.12,0.266,11,30,30,30,24,27,14,27,18,22,28,28,4,0.642,0.358,0.544,0.086,0.299,0.129,0.157,0.129,0.457,0.546,0.454,0.844,0.156,0.626,0.374,11,30,30,30,20,3,28,4,5,30,13,11,27,8,10,21,19,12,17,14,3269.0,6680.0,0.489,907.0,2450.0,0.37,1511.0,1885.0,0.802,711.0,2484.0,3195.0,2026.0,912.0,663.0,447.0,358.0,1360.0,1589.0,8956.0,661.0,11,30,30,30,24,23,16,23,6,5,21,29,29,27,4,15,8,19,28,28,25,20,5,2,25,27,118.3,2483,0.734,470,358,1480.0,1016.0,1054.0,4076.0,11,30,30,30,24,26,15,4,30,20,30,12,13,26
1610612744,Golden State Warriors,75,41,34,0.547,3630.0,3277,6913,0.474,1103,2933,0.376,1177,1510,0.779,925,2588,3513,2191,1066.0,518,326,375,1473,1361,8834,161.0,11,17,17,17,13,6,4,15,3,3,8,27,29,14,4,4,1,4,22,24,27,14,22,25,8,15,2024-04-02,114.5,116.7,112.7,114.8,1.8,1.9,0.669,2.06,20.0,0.317,0.724,0.521,0.141,0.554,0.583,101.9,100.01,83.34,7569,0.509,11,17,17,17,13,11,14,15,4,14,7,3,10,3,22,14,14,11,14,1195.0,1192.0,927.0,3640.0,1277.0,995.0,1121.0,3740.0,11,17,17,1,13,21,4,28,20,21,8,21,16,0.554,0.218,0.141,0.317,0.54,0.25,0.129,0.276,11,17,17,17,13,14,29,22,3,11,18,23,10,0.576,0.424,0.492,0.08,0.375,0.105,0.133,0.135,0.412,0.597,0.403,0.811,0.189,0.669,0.331,11,17,17,17,5,24,7,26,9,3,30,29,24,26,3,28,25,6,4,27,3171.0,6791.0,0.467,995.0,2780.0,0.358,1336.0,1695.0,0.788,817.0,2428.0,3245.0,2014.0,976.0,575.0,375.0,326.0,1361.0,1473.0,8673.0,-161.0,11,17,17,17,13,17,21,9,21,26,11,22,22,20,18,10,14,17,23,20,13,27,6,9,17,15,114.8,2588,0.724,518,326,1277.0,995.0,1121.0,3740.0,11,17,17,17,13,14,4,10,24,27,21,8,21,16
1610612745,Houston Rockets,75,38,37,0.507,3630.0,3130,6814,0.459,942,2680,0.351,1352,1752,0.772,863,2575,3438,1849,964.0,584,340,444,1564,1479,8554,112.0,11,19,19,19,13,21,8,26,16,13,23,10,7,19,7,6,4,27,9,8,24,24,28,6,18,16,2024-04-02,111.3,113.5,110.1,112.3,1.2,1.2,0.591,1.92,17.6,0.295,0.725,0.507,0.128,0.528,0.564,101.5,99.53,82.94,7535,0.503,11,19,19,19,13,20,9,18,28,21,29,9,9,10,8,26,25,14,17,1233.0,1082.0,1171.0,3752.0,1103.0,1008.0,862.0,3622.0,11,19,19,1,13,15,12,8,17,4,11,1,10,0.528,0.257,0.128,0.295,0.532,0.285,0.138,0.275,11,19,19,19,13,26,10,8,9,6,29,13,9,0.607,0.393,0.512,0.073,0.33,0.137,0.158,0.144,0.439,0.509,0.491,0.78,0.22,0.591,0.409,11,19,19,19,5,18,13,16,15,18,5,8,15,17,22,9,28,3,28,3,3046.0,6600.0,0.462,926.0,2659.0,0.348,1424.0,1878.0,0.758,795.0,2558.0,3353.0,1827.0,1035.0,545.0,444.0,340.0,1479.0,1564.0,8442.0,-112.0,11,19,19,19,13,6,11,6,8,17,2,28,28,1,14,25,20,3,15,15,24,24,25,3,9,16,112.3,2575,0.725,584,340,1103.0,1008.0,862.0,3622.0,11,19,19,19,13,9,6,9,8,24,4,11,1,10
1610612754,Indiana Pacers,76,43,33,0.566,3653.0,3554,7034,0.505,1004,2673,0.376,1227,1577,0.778,762,2391,3153,2327,985.0,585,445,411,1624,1400,9339,188.0,1,14,14,14,9,1,1,1,10,15,9,20,22,18,20,26,26,1,12,7,8,21,30,18,1,11,2024-04-02,117.5,120.0,115.5,117.6,1.9,2.4,0.655,2.36,20.9,0.282,0.7,0.49,0.127,0.577,0.604,104.3,102.24,85.2,7783,0.514,1,14,14,14,9,2,24,12,9,1,1,19,25,24,7,2,3,2,12,1338.0,1103.0,1258.0,4380.0,1211.0,1114.0,1050.0,4448.0,1,14,14,1,9,3,7,4,1,13,26,12,29,0.577,0.224,0.127,0.282,0.557,0.288,0.137,0.3,1,14,14,14,9,2,26,7,19,21,30,17,25,0.62,0.38,0.546,0.077,0.323,0.135,0.131,0.143,0.469,0.576,0.424,0.856,0.144,0.655,0.345,1,14,14,14,28,11,20,3,13,20,7,30,17,4,7,24,14,17,9,22,3394.0,6827.0,0.497,819.0,2226.0,0.368,1544.0,1964.0,0.786,834.0,2481.0,3315.0,1879.0,1064.0,505.0,411.0,445.0,1400.0,1624.0,9151.0,-188.0,1,14,14,14,9,28,22,30,1,1,17,30,30,19,24,14,17,5,7,6,21,8,13,1,28,11,117.6,2391,0.7,585,445,1211.0,1114.0,1050.0,4448.0,1,14,14,14,9,24,26,25,7,8,13,26,12,29
1610612746,LA Clippers,75,47,28,0.627,3605.0,3178,6461,0.492,960,2478,0.387,1385,1686,0.821,741,2433,3174,1920,981.0,580,384,349,1389,1433,8701,251.0,11,5,5,5,26,17,27,6,14,21,3,7,12,4,22,21,23,22,11,10,13,8,12,12,13,8,2024-04-02,116.9,118.8,113.1,115.3,3.8,3.4,0.604,1.96,18.8,0.283,0.702,0.501,0.134,0.566,0.604,99.3,97.56,81.3,7327,0.52,11,5,5,5,26,3,18,7,24,20,18,15,24,15,15,6,5,24,8,1217.0,951.0,1077.0,3746.0,1179.0,1043.0,1108.0,3710.0,11,5,5,1,26,18,25,14,18,11,15,20,14,0.566,0.261,0.134,0.283,0.545,0.234,0.133,0.298,11,5,5,5,26,6,8,15,15,14,8,20,24,0.616,0.384,0.51,0.079,0.331,0.124,0.159,0.14,0.431,0.543,0.457,0.745,0.255,0.604,0.396,11,5,5,5,24,13,18,17,10,17,15,6,18,20,13,18,29,2,24,7,3133.0,6651.0,0.471,980.0,2649.0,0.37,1204.0,1555.0,0.774,834.0,2305.0,3139.0,1988.0,972.0,535.0,349.0,384.0,1433.0,1389.0,8450.0,-251.0,11,5,5,5,26,14,13,14,15,15,20,6,6,9,24,3,5,11,24,13,8,13,18,18,10,8,115.3,2433,0.702,580,384,1179.0,1043.0,1108.0,3710.0,11,5,5,5,26,18,21,24,10,13,11,15,20,14
1610612747,Los Angeles Lakers,76,43,33,0.566,3683.0,3316,6658,0.498,898,2375,0.378,1424,1830,0.778,622,2665,3287,2174,1052.0,549,424,365,1203,1505,8954,30.0,1,14,14,14,2,4,20,3,23,27,7,4,3,17,30,2,17,5,20,19,10,11,1,3,5,19,2024-04-02,113.4,115.2,112.7,114.9,0.8,0.4,0.656,2.07,20.2,0.242,0.724,0.496,0.135,0.565,0.6,103.0,101.27,84.39,7771,0.517,1,14,14,14,2,15,15,19,6,12,6,30,11,19,16,7,7,4,9,1208.0,792.0,1270.0,4220.0,1285.0,1161.0,1234.0,3916.0,1,14,14,1,2,20,30,3,2,23,29,27,22,0.565,0.275,0.135,0.242,0.547,0.193,0.128,0.276,1,14,14,14,2,7,3,16,30,17,2,24,11,0.643,0.357,0.54,0.069,0.301,0.142,0.159,0.135,0.471,0.594,0.406,0.821,0.179,0.656,0.344,1,14,14,14,4,2,29,6,17,29,3,7,25,3,5,26,24,7,6,25,3378.0,7148.0,0.473,1068.0,2876.0,0.371,1100.0,1381.0,0.797,833.0,2531.0,3364.0,2155.0,998.0,614.0,365.0,424.0,1505.0,1203.0,8924.0,-30.0,1,14,14,14,2,26,30,17,28,28,22,2,2,25,22,20,23,28,20,25,11,10,28,30,24,19,114.9,2665,0.724,549,424,1285.0,1161.0,1234.0,3916.0,1,14,14,14,2,15,2,11,19,10,23,29,27,22
1610612763,Memphis Grizzlies,75,25,50,0.333,3620.0,2864,6578,0.435,1000,2883,0.347,1218,1599,0.762,794,2375,3169,1872,1135.0,603,465,480,1440,1428,7946,-537.0,11,24,24,24,21,30,23,30,11,5,29,21,19,25,16,27,24,25,26,5,4,28,20,14,30,26,2024-04-02,104.2,106.8,111.9,113.9,-7.7,-7.1,0.654,1.65,18.1,0.282,0.705,0.486,0.153,0.511,0.546,100.8,98.69,82.24,7437,0.457,11,24,24,24,21,30,11,26,10,29,26,16,23,25,28,29,29,17,26,1292.0,998.0,877.0,3398.0,1393.0,1070.0,1128.0,3624.0,11,24,24,20,21,8,20,30,30,26,22,22,11,0.511,0.243,0.153,0.282,0.552,0.249,0.151,0.295,11,24,24,24,21,29,16,28,16,19,17,3,23,0.562,0.438,0.469,0.042,0.378,0.11,0.153,0.163,0.428,0.532,0.468,0.881,0.119,0.654,0.346,11,24,24,24,16,28,3,29,29,2,27,15,3,23,16,15,8,23,10,21,3103.0,6536.0,0.475,1006.0,2642.0,0.381,1271.0,1629.0,0.78,794.0,2632.0,3426.0,1991.0,1121.0,608.0,480.0,465.0,1428.0,1440.0,8483.0,537.0,11,24,24,24,21,11,7,19,23,14,27,12,13,14,13,28,28,12,3,23,28,4,17,11,12,26,113.9,2375,0.705,603,465,1393.0,1070.0,1128.0,3624.0,11,24,24,24,21,11,27,23,5,4,26,22,22,11
1610612748,Miami Heat,75,42,33,0.56,3605.0,2978,6413,0.464,931,2507,0.371,1354,1661,0.815,698,2457,3155,1927,943.0,567,257,359,1301,1420,8241,111.0,11,16,14,16,26,28,28,23,18,18,13,9,13,5,28,19,25,21,6,15,30,10,3,17,27,17,2024-04-02,111.5,113.2,109.7,111.6,1.8,1.6,0.647,2.04,19.0,0.261,0.735,0.498,0.13,0.537,0.577,98.5,96.95,80.79,7280,0.507,11,16,14,16,26,21,5,16,12,15,17,24,2,18,10,19,18,28,15,1242.0,869.0,964.0,3526.0,1182.0,982.0,972.0,3472.0,11,16,14,1,26,13,28,24,28,12,6,4,3,0.537,0.259,0.13,0.261,0.546,0.226,0.143,0.265,11,16,14,16,26,19,9,10,24,15,4,7,2,0.609,0.391,0.497,0.069,0.339,0.117,0.164,0.151,0.428,0.535,0.465,0.894,0.106,0.647,0.353,11,16,14,16,24,17,14,22,16,11,21,3,9,22,15,16,3,28,12,19,3013.0,6421.0,0.469,983.0,2747.0,0.358,1121.0,1450.0,0.773,688.0,2516.0,3204.0,1992.0,1040.0,493.0,359.0,257.0,1420.0,1301.0,8130.0,-111.0,11,16,14,16,26,4,3,11,17,23,10,3,3,8,3,18,10,13,13,4,10,30,14,28,4,17,111.6,2457,0.735,567,257,1182.0,982.0,972.0,3472.0,11,16,14,16,26,5,19,2,15,30,12,6,4,3
1610612749,Milwaukee Bucks,75,47,28,0.627,3625.0,3266,6669,0.49,1071,2869,0.373,1416,1837,0.771,703,2624,3327,2003,952.0,510,374,315,1463,1471,9019,256.0,11,5,5,5,16,8,18,7,4,6,10,5,1,20,26,3,9,14,7,26,16,3,21,8,3,7,2024-04-02,116.7,118.3,112.8,114.9,4.0,3.4,0.613,2.1,19.0,0.254,0.731,0.499,0.125,0.57,0.603,102.6,100.95,84.13,7623,0.514,11,5,5,5,16,5,16,8,19,6,16,27,6,17,6,4,6,5,11,1084.0,993.0,979.0,3584.0,1101.0,1032.0,1031.0,3836.0,11,5,5,1,16,29,21,22,24,3,13,9,19,0.57,0.275,0.125,0.254,0.538,0.235,0.118,0.269,11,5,5,5,16,4,2,6,27,9,9,30,6,0.57,0.43,0.487,0.089,0.356,0.109,0.157,0.12,0.397,0.504,0.496,0.837,0.163,0.613,0.387,11,5,5,5,8,27,4,27,4,8,28,12,30,29,25,6,22,9,19,12,3254.0,6930.0,0.47,945.0,2654.0,0.356,1310.0,1627.0,0.805,776.0,2537.0,3313.0,1993.0,901.0,516.0,315.0,374.0,1471.0,1463.0,8763.0,-256.0,11,5,5,5,16,22,26,12,11,16,8,20,12,29,9,21,16,15,29,9,3,16,23,10,21,7,114.9,2624,0.731,510,374,1101.0,1032.0,1031.0,3836.0,11,5,5,5,16,16,3,6,26,16,3,13,9,19
1610612750,Minnesota Timberwolves,75,52,23,0.693,3625.0,3093,6375,0.485,942,2436,0.387,1337,1718,0.778,702,2576,3278,1991,1062.0,580,450,344,1415,1490,8465,497.0,11,3,2,3,16,23,29,10,16,24,4,11,10,16,27,5,18,16,21,10,7,6,15,4,21,3,2024-04-02,113.0,114.6,106.0,108.2,7.0,6.4,0.644,1.87,19.3,0.276,0.725,0.509,0.144,0.559,0.594,99.4,97.65,81.37,7386,0.544,11,3,2,3,16,18,1,3,13,22,13,21,8,8,23,10,9,23,2,1268.0,1004.0,917.0,3818.0,1215.0,956.0,984.0,3462.0,11,3,2,1,16,10,19,29,12,14,4,6,2,0.559,0.269,0.144,0.276,0.513,0.251,0.144,0.275,11,3,2,3,16,10,5,23,21,1,20,6,8,0.618,0.382,0.508,0.057,0.334,0.108,0.158,0.15,0.451,0.546,0.454,0.867,0.133,0.644,0.356,11,3,2,3,8,12,19,18,27,16,29,9,10,11,11,20,11,20,13,18,2916.0,6516.0,0.448,854.0,2431.0,0.351,1282.0,1636.0,0.784,776.0,2327.0,3103.0,1825.0,1057.0,561.0,344.0,450.0,1490.0,1415.0,7968.0,-497.0,11,3,2,3,16,1,5,1,2,4,4,14,14,16,9,5,4,2,8,18,6,7,27,16,1,3,108.2,2576,0.725,580,450,1215.0,956.0,984.0,3462.0,11,3,2,3,16,1,5,8,10,7,14,4,6,2
1610612740,New Orleans Pelicans,75,45,30,0.6,3605.0,3196,6569,0.487,918,2425,0.379,1329,1737,0.765,793,2532,3325,2025,972.0,617,358,395,1393,1392,8639,354.0,11,8,7,8,26,14,24,8,21,26,6,12,8,23,17,12,11,12,10,3,20,20,14,19,15,5,2024-04-02,115.0,116.6,109.8,111.7,5.2,4.9,0.634,2.08,19.4,0.282,0.722,0.506,0.131,0.556,0.589,100.2,98.7,82.25,7408,0.526,11,8,7,8,26,12,6,5,15,9,10,17,12,11,12,13,10,16,6,1309.0,1076.0,1125.0,3886.0,1148.0,974.0,1028.0,3474.0,11,8,7,1,26,6,13,12,9,9,5,8,4,0.556,0.264,0.131,0.282,0.537,0.24,0.142,0.278,11,8,7,8,26,13,7,12,17,8,10,8,12,0.631,0.369,0.527,0.078,0.319,0.13,0.154,0.152,0.45,0.531,0.469,0.888,0.112,0.634,0.366,11,8,7,8,24,5,26,10,11,22,11,13,7,12,17,14,5,26,15,16,3021.0,6563.0,0.46,1012.0,2920.0,0.347,1231.0,1575.0,0.782,768.0,2420.0,3188.0,1992.0,1055.0,483.0,395.0,358.0,1393.0,1393.0,8285.0,-354.0,11,8,7,8,26,5,10,4,24,29,1,8,7,15,6,9,7,13,9,3,20,20,12,17,6,5,111.7,2532,0.722,617,358,1148.0,974.0,1028.0,3474.0,11,8,7,8,26,6,12,12,3,20,9,5,8,4
1610612752,New York Knicks,75,44,31,0.587,3605.0,3081,6661,0.463,990,2716,0.365,1278,1638,0.78,961,2458,3419,1814,995.0,555,309,392,1331,1433,8430,335.0,11,10,10,10,26,25,19,24,13,12,18,17,15,13,1,18,5,29,16,17,29,19,5,12,24,6,2024-04-02,113.7,116.9,110.7,112.1,2.9,4.8,0.589,1.82,17.7,0.333,0.733,0.528,0.138,0.537,0.571,98.0,96.09,80.08,7212,0.514,11,10,10,10,26,10,8,6,29,23,28,1,5,1,20,20,20,30,10,1247.0,1227.0,1104.0,3648.0,1118.0,910.0,1056.0,3484.0,11,10,10,1,26,11,2,13,19,6,2,14,5,0.537,0.246,0.138,0.333,0.542,0.232,0.137,0.267,11,10,10,10,26,20,15,20,1,13,6,16,5,0.592,0.408,0.496,0.063,0.352,0.131,0.152,0.148,0.433,0.468,0.532,0.844,0.156,0.589,0.411,11,10,10,10,24,22,9,23,22,9,10,16,11,19,30,1,17,14,29,2,3006.0,6415.0,0.469,946.0,2581.0,0.367,1137.0,1490.0,0.763,749.0,2288.0,3037.0,1926.0,988.0,503.0,392.0,309.0,1433.0,1331.0,8095.0,-335.0,11,10,10,10,26,3,2,10,12,10,16,4,5,2,5,2,2,7,21,5,19,29,18,26,2,6,112.1,2458,0.733,555,309,1118.0,910.0,1056.0,3484.0,11,10,10,10,26,8,18,5,17,29,6,2,14,5
1610612760,Oklahoma City Thunder,75,52,23,0.693,3625.0,3344,6703,0.499,1005,2575,0.39,1322,1602,0.825,666,2475,3141,2024,942.0,622,498,382,1437,1427,9015,542.0,11,3,2,3,16,2,16,2,9,16,1,13,17,3,29,16,28,13,5,2,1,18,19,15,4,2,2024-04-02,117.3,118.6,109.5,111.5,7.8,7.1,0.605,2.15,19.3,0.251,0.694,0.482,0.124,0.574,0.608,102.1,100.67,83.9,7604,0.537,11,3,2,3,16,4,4,2,23,5,12,28,27,28,5,3,2,7,3,1524.0,874.0,1171.0,3920.0,1105.0,1157.0,923.0,3532.0,11,3,2,1,16,1,27,8,7,5,28,3,6,0.574,0.239,0.124,0.251,0.531,0.261,0.155,0.306,11,3,2,3,16,3,17,5,28,4,23,1,27,0.616,0.384,0.519,0.084,0.334,0.13,0.147,0.169,0.435,0.481,0.519,0.894,0.106,0.605,0.395,11,3,2,3,8,14,17,14,6,15,12,18,1,18,28,3,4,27,23,8,3048.0,6685.0,0.456,1004.0,2770.0,0.362,1373.0,1748.0,0.785,897.0,2459.0,3356.0,2022.0,1178.0,524.0,382.0,498.0,1427.0,1437.0,8473.0,-542.0,11,3,2,3,16,7,17,3,22,25,13,23,23,18,29,11,21,18,1,10,18,1,16,12,11,2,111.5,2475,0.694,622,498,1105.0,1157.0,923.0,3532.0,11,3,2,3,16,4,16,27,2,1,5,28,3,6
1610612753,Orlando Magic,75,44,31,0.587,3620.0,3033,6356,0.477,833,2348,0.355,1383,1837,0.753,797,2392,3189,1854,1117.0,606,395,348,1493,1566,8282,168.0,11,10,10,10,21,26,30,14,29,30,22,8,1,28,15,25,21,26,24,4,12,7,23,1,26,13,2024-04-02,110.7,112.8,108.2,110.4,2.4,2.4,0.611,1.66,18.1,0.297,0.734,0.515,0.152,0.543,0.578,99.3,97.41,81.18,7343,0.514,11,10,10,10,21,23,2,11,21,28,25,7,3,7,26,15,17,26,13,1379.0,1085.0,939.0,3880.0,1244.0,921.0,1096.0,3580.0,11,10,10,1,21,2,10,26,10,17,3,18,8,0.543,0.289,0.152,0.297,0.54,0.262,0.153,0.266,11,10,10,10,21,15,1,26,7,10,24,2,3,0.631,0.369,0.531,0.063,0.302,0.113,0.167,0.167,0.468,0.509,0.491,0.881,0.119,0.611,0.389,11,10,10,10,16,7,24,8,23,27,25,2,2,5,23,8,7,24,21,10,2987.0,6328.0,0.472,857.0,2418.0,0.354,1283.0,1657.0,0.774,681.0,2321.0,3002.0,1794.0,1122.0,611.0,348.0,395.0,1566.0,1493.0,8114.0,-168.0,11,10,10,10,21,2,1,16,4,3,5,15,19,10,2,4,1,1,2,24,7,12,30,8,3,13,110.4,2392,0.734,606,395,1244.0,921.0,1096.0,3580.0,11,10,10,10,21,2,25,3,4,12,17,3,18,8
1610612755,Philadelphia 76ers,76,41,35,0.539,3658.0,3141,6764,0.464,905,2497,0.362,1500,1815,0.826,844,2398,3242,1874,906.0,631,453,468,1557,1422,8687,168.0,1,17,18,18,7,20,11,22,22,19,19,1,4,2,8,23,19,24,2,1,6,27,27,16,14,13,2024-04-02,113.9,116.3,111.9,114.1,2.0,2.3,0.597,2.07,17.9,0.293,0.698,0.492,0.121,0.531,0.574,100.0,97.99,81.66,7467,0.501,1,17,18,18,7,14,12,13,26,11,27,10,26,22,1,24,19,19,18,1326.0,1144.0,1189.0,3816.0,1077.0,1045.0,1159.0,3830.0,1,17,18,1,7,4,6,5,13,2,17,24,18,0.531,0.268,0.121,0.293,0.541,0.274,0.147,0.302,1,17,18,18,7,24,6,1,10,12,27,4,26,0.631,0.369,0.515,0.076,0.313,0.137,0.173,0.153,0.439,0.505,0.495,0.823,0.177,0.597,0.403,1,17,18,18,22,6,25,15,14,24,6,1,4,16,24,7,23,8,26,5,3094.0,6557.0,0.472,910.0,2561.0,0.355,1421.0,1797.0,0.791,835.0,2525.0,3360.0,2003.0,1100.0,466.0,468.0,453.0,1422.0,1557.0,8519.0,-168.0,1,17,18,18,7,9,9,15,7,8,6,27,26,23,26,19,22,16,4,2,27,6,15,4,13,13,114.1,2398,0.698,631,453,1077.0,1045.0,1159.0,3830.0,1,17,18,18,7,12,23,26,1,6,2,17,24,18
1610612756,Phoenix Suns,75,44,31,0.587,3620.0,3203,6467,0.495,925,2427,0.381,1428,1777,0.804,771,2554,3325,2028,1118.0,539,459,343,1356,1487,8759,205.0,11,10,10,10,21,12,26,4,19,25,5,3,5,7,19,8,11,11,25,21,5,4,6,5,11,10,2024-04-02,115.3,117.3,112.2,114.5,3.1,2.9,0.633,1.81,19.3,0.297,0.711,0.515,0.15,0.567,0.604,100.9,99.03,82.52,7465,0.527,11,10,10,10,21,9,13,10,16,24,11,8,20,5,25,5,4,15,5,1149.0,988.0,998.0,3560.0,1377.0,1069.0,1091.0,3736.0,11,10,10,1,21,26,23,21,25,25,21,17,15,0.567,0.275,0.15,0.297,0.537,0.232,0.124,0.289,11,10,10,10,21,5,4,25,8,7,7,26,20,0.625,0.375,0.52,0.114,0.317,0.114,0.163,0.131,0.406,0.539,0.461,0.865,0.135,0.633,0.367,11,10,10,10,16,10,21,13,2,23,24,4,26,27,14,17,12,19,16,15,3171.0,6832.0,0.464,994.0,2729.0,0.364,1218.0,1587.0,0.767,835.0,2252.0,3087.0,1979.0,930.0,626.0,343.0,459.0,1487.0,1356.0,8554.0,-205.0,11,10,10,10,21,17,23,8,20,22,14,7,10,4,26,1,3,10,27,26,4,5,26,25,14,10,114.5,2554,0.711,539,459,1377.0,1069.0,1091.0,3736.0,11,10,10,10,21,13,8,20,21,5,25,21,17,15
1610612757,Portland Trail Blazers,75,19,56,0.253,3640.0,2966,6692,0.443,869,2478,0.351,1236,1560,0.792,912,2232,3144,1732,1145.0,581,332,481,1530,1353,8037,-666.0,11,26,26,26,11,29,17,29,28,21,25,19,23,10,5,30,27,30,28,9,25,29,26,28,28,28,2024-04-02,105.6,108.2,114.8,117.1,-9.3,-8.9,0.584,1.51,16.8,0.314,0.692,0.493,0.154,0.508,0.545,100.1,97.97,81.64,7426,0.435,11,26,26,26,11,29,23,28,30,30,30,4,28,21,29,30,30,20,30,1212.0,1174.0,972.0,3540.0,1453.0,1064.0,1284.0,4042.0,11,26,26,20,11,19,5,23,27,28,20,29,25,0.508,0.233,0.154,0.314,0.561,0.273,0.147,0.308,11,26,26,26,11,30,21,29,4,25,26,5,28,0.63,0.37,0.522,0.081,0.324,0.121,0.154,0.151,0.44,0.478,0.522,0.839,0.161,0.584,0.416,11,26,26,26,2,9,22,12,8,19,16,14,8,15,29,2,21,10,30,1,3207.0,6508.0,0.493,884.0,2484.0,0.356,1405.0,1777.0,0.791,803.0,2480.0,3283.0,2042.0,1091.0,664.0,481.0,332.0,1353.0,1530.0,8703.0,666.0,11,26,26,26,11,19,4,26,5,6,7,25,25,22,16,13,15,21,5,29,29,25,3,5,19,28,117.1,2232,0.692,581,332,1453.0,1064.0,1284.0,4042.0,11,26,26,26,11,23,30,28,9,25,28,20,29,25
1610612758,Sacramento Kings,75,44,31,0.587,3635.0,3271,6818,0.48,1065,2910,0.366,1179,1582,0.745,805,2485,3290,2142,994.0,569,313,343,1500,1390,8786,106.0,11,10,10,10,12,7,7,12,5,4,16,26,20,30,12,13,15,7,15,14,28,4,24,20,10,18,2024-04-02,114.1,116.5,113.5,115.0,0.5,1.5,0.655,2.15,20.0,0.286,0.745,0.508,0.132,0.558,0.585,101.3,99.63,83.03,7543,0.499,11,10,10,10,12,13,17,17,8,4,8,14,1,9,13,12,13,13,19,1219.0,1083.0,1061.0,3876.0,1252.0,822.0,874.0,3690.0,11,10,10,1,12,16,11,17,11,18,1,2,13,0.558,0.232,0.132,0.286,0.558,0.268,0.137,0.255,11,10,10,10,12,12,22,13,14,23,25,14,1,0.573,0.427,0.502,0.061,0.364,0.121,0.134,0.139,0.441,0.546,0.454,0.881,0.119,0.655,0.345,11,10,10,10,3,26,5,19,25,6,17,27,21,14,12,19,9,22,8,23,3143.0,6519.0,0.482,991.0,2526.0,0.392,1403.0,1749.0,0.802,679.0,2495.0,3174.0,2033.0,1037.0,553.0,343.0,313.0,1390.0,1500.0,8680.0,-106.0,11,10,10,10,12,15,6,21,19,7,29,24,24,28,1,16,6,20,14,17,4,28,11,7,18,18,115.0,2485,0.745,569,313,1252.0,822.0,874.0,3690.0,11,10,10,10,12,17,13,1,14,28,18,1,2,13
1610612759,San Antonio Spurs,76,18,58,0.237,3668.0,3184,6896,0.462,954,2746,0.347,1198,1533,0.781,792,2541,3333,2266,1136.0,546,479,357,1328,1376,8520,-533.0,1,27,28,28,6,16,5,25,15,11,28,22,26,12,18,10,8,2,27,20,3,9,4,22,19,25,2024-04-02,107.7,109.5,114.6,116.4,-6.9,-6.9,0.712,1.99,20.5,0.271,0.719,0.491,0.146,0.531,0.563,103.5,101.82,84.85,7782,0.477,1,27,28,28,6,27,22,25,1,18,3,23,15,23,24,25,27,3,25,1187.0,959.0,1180.0,3894.0,1397.0,1090.0,1098.0,4146.0,1,27,28,20,6,22,24,6,8,27,25,19,28,0.531,0.222,0.146,0.271,0.56,0.227,0.132,0.281,1,27,28,28,6,25,27,24,23,24,5,21,15,0.602,0.398,0.523,0.066,0.336,0.138,0.141,0.139,0.457,0.625,0.375,0.914,0.086,0.712,0.288,1,27,28,28,19,19,12,11,20,14,4,22,20,9,1,30,1,30,1,30,3420.0,6976.0,0.49,976.0,2586.0,0.377,1237.0,1586.0,0.78,800.0,2646.0,3446.0,2135.0,1026.0,669.0,357.0,479.0,1376.0,1328.0,9053.0,533.0,1,27,28,28,6,29,28,24,14,11,25,9,8,13,15,29,29,25,17,30,9,3,9,27,27,25,116.4,2541,0.719,546,479,1397.0,1090.0,1098.0,4146.0,1,27,28,28,6,22,10,15,20,3,27,25,19,28
1610612761,Toronto Raptors,75,23,52,0.307,3625.0,3191,6737,0.474,870,2489,0.35,1198,1600,0.749,813,2374,3187,2173,1034.0,589,360,416,1366,1355,8450,-436.0,11,25,25,25,16,15,14,16,27,20,26,22,18,29,11,28,22,6,19,6,19,22,9,27,22,24,2024-04-02,110.3,112.2,115.6,118.0,-5.3,-5.7,0.681,2.1,20.2,0.281,0.692,0.483,0.137,0.538,0.568,101.6,99.72,83.1,7529,0.478,11,25,25,25,16,24,25,24,2,7,4,20,29,27,18,18,21,12,24,1218.0,1023.0,1426.0,4074.0,1266.0,1152.0,1079.0,4078.0,11,25,25,20,16,17,17,1,4,19,27,16,27,0.538,0.237,0.137,0.281,0.565,0.214,0.139,0.308,11,25,25,25,16,18,19,18,20,27,3,11,29,0.631,0.369,0.549,0.067,0.309,0.169,0.142,0.144,0.482,0.596,0.404,0.907,0.093,0.681,0.319,11,25,25,25,8,8,23,2,18,26,1,20,16,2,4,27,2,29,2,29,3354.0,6839.0,0.49,1019.0,2696.0,0.378,1159.0,1465.0,0.791,842.0,2541.0,3383.0,2135.0,1045.0,532.0,416.0,360.0,1355.0,1366.0,8886.0,436.0,11,25,25,25,16,25,24,25,25,19,26,5,4,24,28,22,26,25,12,12,22,19,4,22,23,24,118.0,2374,0.692,589,360,1266.0,1152.0,1079.0,4078.0,11,25,25,25,16,25,28,29,6,19,19,27,16,27
1610612762,Utah Jazz,76,29,47,0.382,3673.0,3202,6842,0.468,992,2789,0.356,1431,1722,0.831,928,2540,3468,2097,1190.0,496,430,485,1435,1477,8827,-345.0,1,22,22,22,3,13,6,18,12,10,21,2,9,1,3,11,3,10,30,28,9,30,18,7,9,23,2024-04-02,112.3,114.7,117.6,119.5,-5.4,-4.7,0.655,1.76,19.1,0.324,0.721,0.522,0.155,0.54,0.581,102.3,100.44,83.7,7693,0.48,1,22,22,22,3,17,30,23,7,26,15,2,13,2,30,17,15,10,23,1135.0,1245.0,1063.0,4056.0,1476.0,1076.0,1403.0,3908.0,1,22,22,20,3,28,1,16,5,29,24,30,21,0.54,0.252,0.155,0.324,0.568,0.24,0.122,0.279,1,22,22,22,3,17,13,30,2,28,11,27,13,0.592,0.408,0.501,0.041,0.337,0.12,0.162,0.129,0.459,0.552,0.448,0.885,0.115,0.655,0.345,1,22,22,22,13,21,10,20,30,12,19,5,28,7,9,22,6,25,7,24,3380.0,6947.0,0.487,1127.0,2834.0,0.398,1285.0,1669.0,0.77,820.0,2378.0,3198.0,2268.0,936.0,647.0,485.0,430.0,1477.0,1435.0,9172.0,345.0,1,22,22,22,3,27,27,22,30,27,30,17,20,5,19,6,9,30,25,27,30,9,24,13,29,23,119.5,2540,0.721,496,430,1476.0,1076.0,1403.0,3908.0,1,22,22,22,3,30,11,13,28,9,29,24,30,21
1610612764,Washington Wizards,76,15,61,0.197,3658.0,3260,6947,0.469,924,2676,0.345,1169,1528,0.765,710,2415,3125,2120,1067.0,574,382,454,1509,1362,8613,-722.0,1,29,29,29,7,9,3,17,20,14,30,28,27,24,25,22,29,9,23,13,14,26,25,24,16,29,2024-04-02,108.0,109.9,116.7,118.8,-8.7,-8.9,0.65,1.99,19.5,0.242,0.683,0.46,0.136,0.536,0.565,104.8,102.95,85.8,7836,0.453,1,29,29,29,7,25,28,29,11,19,9,29,30,30,17,21,23,1,27,1310.0,866.0,1305.0,4174.0,1278.0,1257.0,1143.0,4448.0,1,29,29,20,7,5,29,2,3,22,30,23,29,0.536,0.22,0.136,0.242,0.562,0.256,0.136,0.317,1,29,29,29,7,21,28,17,29,26,22,19,30,0.615,0.385,0.542,0.058,0.322,0.152,0.136,0.152,0.485,0.574,0.426,0.844,0.156,0.65,0.35,1,29,29,29,22,15,16,5,26,21,2,25,5,1,8,23,18,13,11,20,3499.0,7059.0,0.496,931.0,2586.0,0.36,1406.0,1804.0,0.779,921.0,2791.0,3712.0,2212.0,1070.0,601.0,454.0,382.0,1362.0,1509.0,9335.0,722.0,1,29,29,29,7,30,29,29,9,11,12,26,27,12,30,30,30,29,6,22,26,14,7,6,30,29,118.8,2415,0.683,574,382,1278.0,1257.0,1143.0,4448.0,1,29,29,29,7,28,22,30,13,14,22,30,23,29
