,Date,Teams,Predictions,Probabilities,Actual
0,2023-03-17,CHO,0,0.18,0
1,2023-03-16,BRK,1,0.5952380952380951,0
2,2023-03-16,OKC,0,0.2649006622516556,0
3,2023-03-17,POR,0,0.39545454545454545,0
4,2023-03-17,CLE,1,0.6206896551724138,1
5,2023-03-17,DAL,0,0.39545454545454545,1
6,2023-03-17,SAS,0,0.2649006622516556,0
7,2023-03-18,MIA,1,0.5952380952380951,0
8,2023-03-17,MEM,1,0.7804878048780488,1
9,2023-03-16,SAC,0,0.39545454545454545,1
10,2023-03-17,CHI,1,0.5952380952380951,1
11,2023-03-17,LAL,1,0.6666666666666666,0
12,2023-03-17,MIN,0,0.39545454545454545,0
13,2023-03-17,HOU,0,0.39545454545454545,1
14,2023-03-18,LAC,1,0.6206896551724138,0
15,2023-03-17,PHI,1,0.7857142857142857,1
16,2023-03-17,GSW,0,0.39545454545454545,0
17,2023-03-17,BOS,1,0.5952380952380951,1
18,2023-03-18,SAC,1,0.5952380952380951,1
19,2023-03-19,BRK,1,0.5818181818181818,0
20,2023-03-18,IND,0,0.2649006622516556,0
21,2023-03-19,MIL,1,0.7733333333333333,1
22,2023-03-19,OKC,1,0.5818181818181818,1
23,2023-03-18,DEN,0,0.4264705882352941,0
24,2023-03-19,DET,0,0.18,0
25,2023-03-19,PHO,0,0.4264705882352941,0
26,2023-03-18,TOR,1,0.7804878048780488,1
27,2023-03-18,ORL,0,0.2649006622516556,1
28,2023-03-19,HOU,0,0.39545454545454545,0
29,2023-03-21,CLE,1,0.5818181818181818,1
30,2023-03-19,ATL,1,0.7804878048780488,0
31,2023-03-18,GSW,0,0.4264705882352941,0
32,2023-03-18,MIN,0,0.18,0
33,2023-03-19,LAL,1,0.7733333333333333,1
34,2023-03-19,NOP,1,0.6206896551724138,1
35,2023-03-18,CHI,0,0.39545454545454545,1
36,2023-03-18,MEM,1,0.5818181818181818,1
37,2023-03-20,DAL,0,0.4264705882352941,0
38,2023-03-18,BOS,1,0.5952380952380951,0
39,2023-03-18,PHI,1,0.6666666666666666,1
40,2023-03-19,POR,0,0.39545454545454545,0
41,2023-03-20,CHO,1,0.5434782608695653,1
42,2023-03-19,SAS,0,0.2649006622516556,1
43,2023-03-18,WAS,0,0.39545454545454545,0
44,2023-03-19,LAC,1,0.5818181818181818,1
45,2023-03-19,ORL,0,0.2649006622516556,0
46,2023-03-20,IND,0,0.4264705882352941,0
47,2023-03-21,BOS,1,0.5952380952380951,1
48,2023-03-20,UTA,0,0.39545454545454545,1
49,2023-03-19,MIA,1,0.7804878048780488,1
50,2023-03-20,CHI,0,0.2649006622516556,1
51,2023-03-19,DEN,0,0.4264705882352941,1
52,2023-03-20,PHI,1,0.7733333333333333,0
53,2023-03-20,MEM,1,0.5818181818181818,1
54,2023-03-20,NYK,1,0.7804878048780488,0
55,2023-03-20,GSW,1,0.7857142857142857,1
56,2023-03-19,TOR,0,0.2649006622516556,0
57,2023-03-20,MIN,0,0.2649006622516556,1
58,2023-03-21,WAS,1,0.5434782608695653,0
59,2023-03-20,SAC,1,0.5952380952380951,0
60,2023-03-22,MIA,1,0.5818181818181818,1
61,2023-03-21,SAS,0,0.18,0
62,2023-03-21,LAC,1,0.6666666666666666,0
63,2023-03-22,MIL,1,1.0,1
64,2023-03-21,ORL,0,0.4264705882352941,1
65,2023-03-22,TOR,1,0.7804878048780488,0
66,2023-03-22,LAL,1,0.5818181818181818,1
67,2023-03-22,DEN,1,0.6666666666666666,1
68,2023-03-21,BRK,0,0.39545454545454545,0
69,2023-03-22,POR,0,0.39545454545454545,1
70,2023-03-21,NOP,1,0.7857142857142857,1
71,2023-03-20,HOU,0,0.18,0
72,2023-03-22,PHO,1,0.5818181818181818,0
73,2023-03-21,OKC,0,0.2649006622516556,1
74,2023-03-21,DET,0,0.0,0
75,2023-03-21,ATL,1,1.0,1
76,2023-03-22,MIN,1,0.6206896551724138,1
77,2023-03-21,SAC,0,0.2649006622516556,0
78,2023-03-22,NYK,0,0.4264705882352941,0
79,2023-03-22,PHI,1,0.5952380952380951,1
80,2023-03-22,DAL,0,0.4264705882352941,0
81,2023-03-22,MEM,1,0.7857142857142857,1
82,2023-03-23,CHO,0,0.2649006622516556,0
83,2023-03-22,GSW,1,0.5818181818181818,1
84,2023-03-22,HOU,0,0.18,0
85,2023-03-22,IND,0,0.2649006622516556,1
86,2023-03-22,CHI,0,0.39545454545454545,0
87,2023-03-22,UTA,1,0.6206896551724138,0
88,2023-03-22,SAS,0,0.0,0
89,2023-03-22,WAS,0,0.2649006622516556,0
90,2023-03-23,CLE,1,0.5952380952380951,1
91,2023-03-24,SAC,1,0.5818181818181818,1
92,2023-03-24,BOS,1,0.7857142857142857,1
93,2023-03-23,ORL,0,0.39545454545454545,1
94,2023-03-23,NOP,1,0.7804878048780488,1
95,2023-03-23,OKC,0,0.39545454545454545,0
96,2023-03-23,LAC,1,0.5952380952380951,1
97,2023-03-24,DET,0,0.0,0
98,2023-03-22,ATL,0,0.39545454545454545,0
99,2023-03-23,BRK,0,0.39545454545454545,0
100,2023-03-25,MIA,1,0.6206896551724138,0
101,2023-03-23,NYK,1,0.5952380952380951,0
102,2023-03-24,MIL,1,0.7804878048780488,1
103,2023-03-24,LAL,1,0.6666666666666666,1
104,2023-03-24,PHI,0,0.2649006622516556,0
105,2023-03-24,DAL,1,1.0,0
106,2023-03-24,MEM,1,0.7857142857142857,1
107,2023-03-24,HOU,0,0.18,0
108,2023-03-26,MIN,0,0.2649006622516556,1
109,2023-03-25,DEN,1,0.5952380952380951,1
110,2023-03-24,GSW,1,0.6206896551724138,1
111,2023-03-24,POR,0,0.39545454545454545,0
112,2023-03-24,CHI,1,0.5818181818181818,1
113,2023-03-25,ATL,1,0.7804878048780488,1
114,2023-03-24,PHO,0,0.39545454545454545,0
115,2023-03-24,IND,0,0.18,0
116,2023-03-24,UTA,0,0.2649006622516556,0
117,2023-03-24,TOR,1,1.0,1
118,2023-03-24,WAS,1,0.7733333333333333,1
119,2023-03-24,SAS,0,0.2649006622516556,0
120,2023-03-27,NYK,1,1.0,1
121,2023-03-26,ORL,1,0.5818181818181818,1
122,2023-03-24,OKC,0,0.39545454545454545,0
123,2023-03-25,NOP,0,0.39545454545454545,1
124,2023-03-25,BRK,0,0.39545454545454545,1
125,2023-03-25,LAC,1,0.6206896551724138,0
126,2023-03-26,CLE,1,1.0,1
127,2023-03-24,CHO,0,0.18,1
128,2023-03-26,BOS,1,1.0,1
129,2023-03-25,UTA,0,0.2649006622516556,0
130,2023-03-25,MIL,0,0.39545454545454545,0
131,2023-03-26,TOR,1,0.7857142857142857,1
132,2023-03-26,POR,0,0.18,0
133,2023-03-26,CHI,0,0.39545454545454545,1
134,2023-03-26,MEM,1,0.5818181818181818,1
135,2023-03-26,OKC,1,0.7804878048780488,1
136,2023-03-26,LAL,1,0.6206896551724138,0
137,2023-03-26,DAL,1,0.7857142857142857,0
138,2023-03-26,CHO,0,0.18,1
139,2023-03-25,IND,0,0.18,0
140,2023-03-26,HOU,0,0.0,0
141,2023-03-26,SAS,0,0.0,0
142,2023-03-27,DET,0,0.0,0
143,2023-03-25,SAC,1,0.6206896551724138,1
144,2023-03-25,PHI,0,0.39545454545454545,0
145,2023-03-26,GSW,1,0.7272727272727273,0
146,2023-03-26,WAS,0,0.18,0
147,2023-03-25,PHO,1,0.5952380952380951,1
148,2023-03-26,BRK,1,0.5434782608695653,0
149,2023-03-28,MIA,0,0.39545454545454545,0
150,2023-03-27,NOP,1,0.7857142857142857,1
151,2023-03-27,SAC,1,0.5952380952380951,0
152,2023-03-27,PHO,1,0.7272727272727273,1
153,2023-03-27,PHI,0,0.39545454545454545,0
154,2023-03-27,UTA,0,0.2649006622516556,0
155,2023-03-27,IND,0,0.39545454545454545,0
156,2023-03-26,ATL,0,0.4264705882352941,0
157,2023-03-27,DEN,1,0.6206896551724138,1
158,2023-03-27,MIL,1,1.0,1
159,2023-03-27,LAC,1,0.6206896551724138,1
160,2023-03-28,MEM,1,0.6666666666666666,1
161,2023-03-27,MIN,0,0.39545454545454545,1
162,2023-03-28,GSW,1,0.7733333333333333,1
163,2023-03-28,WAS,0,0.18,1
164,2023-03-28,TOR,1,0.6206896551724138,1
165,2023-03-27,CHI,0,0.39545454545454545,0
166,2023-03-29,LAL,1,0.5952380952380951,1
167,2023-03-28,ORL,0,0.2649006622516556,0
168,2023-03-29,BRK,1,0.7857142857142857,1
169,2023-03-28,BOS,1,0.7857142857142857,0
170,2023-03-28,ATL,0,0.4264705882352941,1
171,2023-03-29,SAS,0,0.39545454545454545,0
172,2023-03-28,OKC,1,0.7804878048780488,0
173,2023-03-27,DAL,1,0.5818181818181818,1
174,2023-03-28,CLE,1,0.5818181818181818,0
175,2023-03-27,HOU,0,0.0,0
176,2023-03-28,CHO,0,0.18,1
177,2023-03-27,POR,0,0.18,0
178,2023-03-29,IND,0,0.18,0
179,2023-03-29,PHI,1,0.5952380952380951,1
180,2023-03-30,DEN,1,0.6206896551724138,0
181,2023-03-29,NYK,1,0.6206896551724138,1
182,2023-03-29,HOU,0,0.18,0
183,2023-03-29,POR,0,0.0,0
184,2023-03-29,DET,0,0.18,0
185,2023-03-28,NOP,0,0.2649006622516556,0
186,2023-03-29,MIL,1,0.7857142857142857,1
187,2023-03-29,SAC,1,0.7857142857142857,1
188,2023-03-29,MIN,0,0.39545454545454545,0
189,2023-03-29,UTA,1,0.6206896551724138,1
190,2023-03-29,PHO,1,0.6666666666666666,1
191,2023-03-29,LAC,0,0.39545454545454545,1
192,2023-03-29,CHI,0,0.39545454545454545,0
193,2023-03-29,DAL,0,0.39545454545454545,0
194,2023-03-29,MIA,0,0.39545454545454545,0
195,2023-03-31,ATL,1,0.5818181818181818,0
196,2023-03-30,BOS,0,0.39545454545454545,1
197,2023-11-24,WAS,0,0.18,0
198,2023-03-31,CLE,1,0.6206896551724138,0
199,2023-03-29,MEM,1,0.5952380952380951,0
200,2023-03-31,GSW,1,1.0,1
201,2023-03-31,CHO,0,0.18793627135095972,0
202,2023-11-22,ORL,0,0.39545454545454545,1
203,2023-03-30,NOP,0,0.39545454545454545,1
204,2023-03-29,OKC,1,0.7857142857142857,1
205,2023-11-22,POR,0,0.39545454545454545,0
206,2023-04-01,MIA,1,0.5434782608695653,1
207,2023-03-31,NYK,0,0.39545454545454545,1
208,2023-03-31,CHI,1,0.7804878048780488,1
209,2023-11-22,PHO,1,0.5818181818181818,1
210,2023-11-24,MIN,1,0.6206896551724138,0
211,2023-11-28,HOU,0,0.39545454545454545,1
212,2023-11-24,SAC,0,0.39545454545454545,1
213,2023-03-30,MIL,1,0.5818181818181818,0
214,2023-11-22,OKC,1,0.6206896551724138,0
215,2023-11-24,IND,1,0.7733333333333333,1
216,2023-03-31,UTA,0,0.18,0
217,2023-04-01,DAL,0,0.4264705882352941,0
218,2023-11-25,LAC,0,0.39545454545454545,0
219,2023-03-31,SAS,0,0.0,0
220,2023-11-24,MEM,0,0.2649006622516556,1
221,2023-03-31,BRK,0,0.4264705882352941,1
222,2023-11-22,DEN,1,0.5952380952380951,0
223,2023-03-31,BOS,1,0.7857142857142857,1
224,2023-04-02,ATL,1,0.5952380952380951,1
225,2023-04-02,BRK,1,0.7733333333333333,1
226,2023-04-02,UTA,0,0.2649006622516556,0
227,2023-04-02,DAL,0,0.39545454545454545,0
228,2023-04-04,CHI,1,0.5818181818181818,0
229,2023-04-04,ATL,0,0.39545454545454545,1
230,2023-04-05,MIL,1,0.6666666666666666,1
231,2023-04-05,CHI,0,0.2649006622516556,0
232,2023-04-07,NOP,1,0.7804878048780488,1
233,2023-04-07,DAL,1,0.7804878048780488,0
234,2023-04-07,CHI,0,0.18,1
235,2023-04-07,NYK,0,0.2649006622516556,0
236,2023-04-09,CLE,1,0.6206896551724138,0
237,2023-04-09,CHO,0,0.39545454545454545,1
238,2023-04-09,DAL,1,0.5818181818181818,0
239,2023-04-09,ATL,0,0.2727272727272727,0
240,2023-04-09,BOS,1,0.6206896551724138,1
241,2023-04-09,SAS,0,0.39545454545454545,1
242,2023-11-22,CLE,0,0.39545454545454545,1
243,2023-11-22,UTA,1,0.5818181818181818,0
244,2023-11-26,CHO,0,0.2727272727272727,1
245,2023-11-25,BRK,1,0.5952380952380951,0
246,2023-11-22,MIL,0,0.2649006622516556,1
247,2023-11-22,MIA,1,0.5818181818181818,1
248,2023-11-25,ATL,1,0.7733333333333333,0
249,2023-11-22,BOS,1,0.6206896551724138,1
250,2023-11-22,DAL,1,0.5818181818181818,1
251,2023-11-24,NYK,1,0.6666666666666666,0
252,2023-11-24,DET,0,0.2649006622516556,0
253,2023-11-22,GSW,1,0.5434782608695653,0
254,2023-11-22,CHI,0,0.2649006622516556,0
255,2023-11-22,LAL,0,0.39545454545454545,0
256,2023-11-26,POR,0,0.18,0
257,2023-11-25,LAL,0,0.39545454545454545,1
258,2023-11-24,TOR,1,0.6206896551724138,1
259,2023-11-25,PHI,1,0.5818181818181818,1
260,2023-11-25,UTA,1,0.5818181818181818,1
261,2023-11-24,CHI,0,0.39545454545454545,0
262,2023-11-24,ORL,0,0.39545454545454545,1
263,2023-11-24,SAS,0,0.18,0
264,2023-11-24,MIL,1,0.9325307895200957,1
265,2023-11-25,DAL,1,0.5952380952380951,0
266,2023-11-25,CLE,1,0.5952380952380951,0
267,2023-11-24,GSW,1,0.7804878048780488,1
268,2023-11-24,MIA,0,0.2649006622516556,0
269,2023-11-24,PHO,1,0.7733333333333333,1
270,2023-11-25,OKC,0,0.39545454545454545,0
271,2023-11-24,BOS,1,0.6666666666666666,0
272,2023-11-26,CHI,0,0.39545454545454545,0
273,2023-11-26,DEN,1,0.7857142857142857,1
274,2023-11-25,MIA,0,0.39545454545454545,0
275,2023-11-27,IND,1,0.7857142857142857,0
276,2023-11-27,DET,1,0.5952380952380951,0
277,2023-11-28,GSW,0,0.4264705882352941,0
278,2023-11-26,SAS,0,0.18,0
279,2023-11-25,NOP,0,0.39545454545454545,0
280,2023-11-26,NYK,1,0.6206896551724138,0
281,2023-11-26,TOR,1,0.5434782608695653,0
282,2023-11-26,PHO,0,0.39545454545454545,1
283,2023-11-26,MIN,1,0.6206896551724138,1
284,2023-11-26,MIL,1,0.7857142857142857,1
285,2023-11-25,WAS,0,0.2649006622516556,0
286,2023-11-26,MEM,0,0.2649006622516556,0
287,2023-11-28,SAC,1,0.5434782608695653,1
288,2023-11-26,BOS,1,0.7733333333333333,1
289,2023-11-26,ORL,1,0.7272727272727273,1
290,2023-11-28,DAL,1,0.5952380952380951,1
291,2023-11-26,CLE,1,0.5818181818181818,1
292,2023-11-27,PHI,1,0.6206896551724138,1
293,2023-11-28,MIA,0,0.39545454545454545,0
294,2023-11-27,UTA,0,0.39545454545454545,1
295,2023-11-27,WAS,0,0.39545454545454545,1
296,2023-11-26,ATL,0,0.2649006622516556,0
297,2023-11-27,LAL,0,0.2649006622516556,0
298,2023-11-28,OKC,0,0.39545454545454545,0
299,2023-11-26,BRK,1,0.5952380952380951,1
300,2023-11-27,LAC,1,0.6666666666666666,0
301,2023-11-27,NOP,1,0.6206896551724138,0
302,2023-11-27,POR,0,0.18,1
303,2023-11-29,PHO,1,0.5952380952380951,0
304,2023-11-27,DEN,0,0.39545454545454545,1
305,2023-11-28,NYK,1,0.7857142857142857,1
306,2023-11-28,MIL,1,0.5952380952380951,1
307,2023-11-28,CLE,1,0.5952380952380951,1
308,2023-11-30,SAS,0,0.2649006622516556,0
309,2023-11-29,ORL,1,0.7804878048780488,1
310,2023-11-28,CHI,0,0.18,0
311,2023-11-28,BRK,1,0.5952380952380951,1
312,2023-11-28,ATL,0,0.39545454545454545,0
313,2023-11-28,BOS,1,1.0,1
314,2023-11-29,MEM,1,0.6206896551724138,1
315,2023-11-28,CHO,0,0.18,0
316,2023-11-28,MIN,1,0.5952380952380951,1
317,2023-11-28,TOR,1,0.5434782608695653,0
318,2023-11-29,PHI,1,0.5818181818181818,0
319,2023-11-29,LAL,1,0.7272727272727273,1
320,2023-11-29,LAC,1,0.5818181818181818,1
321,2023-11-29,DET,0,0.2675065073869278,0
322,2023-11-29,DEN,1,0.7733333333333333,1
323,2023-11-29,UTA,0,0.39545454545454545,0
324,2023-11-30,IND,0,0.39545454545454545,0
325,2023-11-30,POR,0,0.18,1
326,2023-11-29,WAS,0,0.18,0
327,2023-11-29,NOP,0,0.39545454545454545,1
328,2023-11-30,ATL,1,0.6666666666666666,1
329,2023-11-30,CLE,1,0.7857142857142857,0
330,2023-11-30,GSW,1,0.6206896551724138,1
331,2023-12-01,BOS,1,0.7733333333333333,1
332,2023-11-30,CHI,0,0.2649006622516556,1
333,2023-11-30,MIN,1,0.7857142857142857,1
334,2023-11-30,OKC,1,0.6206896551724138,1
335,2023-11-29,TOR,0,0.4264705882352941,1
336,2023-11-30,BRK,1,0.7733333333333333,0
337,2023-11-29,SAC,0,0.39545454545454545,0
338,2023-11-30,MIL,1,0.7733333333333333,0
339,2023-11-30,CHO,0,0.2649006622516556,1
340,2023-11-30,NYK,1,1.0,1
341,2023-11-30,MIA,1,0.5818181818181818,1
342,2023-12-01,DAL,1,0.7733333333333333,0
343,2023-11-29,HOU,0,0.2649006622516556,0
344,2023-11-30,LAL,0,0.26517252638348404,0
345,2023-11-30,DET,0,0.18,0
346,2023-12-01,MEM,0,0.18,1
347,2023-12-01,DEN,1,0.5818181818181818,1
348,2023-12-02,SAC,1,0.6206896551724138,1
349,2023-11-30,LAC,0,0.39545454545454545,0
350,2023-11-30,UTA,0,0.18,0
351,2023-12-01,TOR,1,0.5818181818181818,0
352,2023-12-01,PHO,0,0.4264705882352941,0
353,2023-12-01,WAS,0,0.18,0
354,2023-12-01,PHI,0,0.2649006622516556,0
355,2023-12-01,NOP,1,0.7857142857142857,1
356,2023-12-01,ORL,1,0.7857142857142857,1
357,2023-12-02,HOU,0,0.39545454545454545,0
358,2023-12-02,LAC,1,0.6206896551724138,1
359,2023-12-02,GSW,0,0.2649006622516556,0
360,2023-12-02,MIN,1,0.6666666666666666,1
361,2023-12-02,UTA,1,0.5952380952380951,1
362,2023-12-02,POR,0,0.39545454545454545,0
363,2023-12-02,BRK,1,0.5952380952380951,1
364,2023-12-02,CHO,0,0.2727272727272727,0
365,2023-12-02,CHI,0,0.39545454545454545,1
366,2023-12-02,MIL,1,0.6666666666666666,1
367,2023-12-02,ATL,0,0.2649006622516556,0
368,2023-12-02,CLE,1,0.7804878048780488,1
369,2023-12-01,SAS,0,0.18,0
370,2023-12-02,OKC,1,0.5434782608695653,1
371,2023-12-02,LAL,1,0.6206896551724138,1
372,2023-12-01,NYK,0,0.4264705882352941,1
373,2023-12-02,IND,0,0.39545454545454545,1
374,2023-12-02,DET,0,0.2649006622516556,0
375,2023-12-02,MIA,1,0.5952380952380951,0
376,2023-12-02,DEN,0,0.39545454545454545,0
377,2023-12-02,PHO,1,0.7804878048780488,1
378,2023-12-02,ORL,0,0.39545454545454545,0
379,2023-12-05,NYK,0,0.39545454545454545,0
380,2023-12-06,WAS,0,0.18,0
381,2023-12-06,SAS,0,0.18,0
382,2023-12-02,DAL,0,0.39545454545454545,0
383,2023-12-04,BOS,1,0.7733333333333333,0
384,2023-12-06,PHI,1,0.7815705537292348,1
385,2023-12-02,MEM,0,0.2649006622516556,0
386,2023-12-02,NOP,1,0.5818181818181818,0
387,2023-12-06,TOR,1,0.6206896551724138,0
388,2023-12-06,BRK,0,0.39545454545454545,1
389,2023-12-06,ORL,0,0.39545454545454545,0
390,2023-12-06,GSW,1,0.7857142857142857,1
391,2023-12-06,CHO,0,0.39545454545454545,0
392,2023-12-06,DET,0,0.4264705882352941,0
393,2023-12-06,CHI,1,0.6206896551724138,1
394,2023-12-04,NOP,0,0.39545454545454545,1
395,2023-12-06,CLE,1,0.6206896551724138,1
396,2023-12-04,IND,0,0.2649006622516556,1
397,2023-12-06,MIA,0,0.39545454545454545,1
398,2023-12-05,LAL,1,0.5818181818181818,1
399,2023-12-06,HOU,0,0.39545454545454545,1
400,2023-12-05,PHO,1,0.5818181818181818,0
401,2023-12-06,MIN,1,0.7857142857142857,1
402,2023-12-06,LAC,1,0.5818181818181818,1
403,2023-12-06,MEM,1,0.5952380952380951,1
404,2023-12-06,DAL,1,0.7804878048780488,1
405,2023-12-04,SAC,1,0.5818181818181818,0
406,2023-12-06,POR,0,0.18,0
407,2023-12-06,ATL,1,0.5818181818181818,0
408,2023-12-06,DEN,0,0.4264705882352941,0
409,2023-12-05,MIL,1,0.6206896551724138,1
410,2023-12-06,OKC,0,0.39545454545454545,0
411,2023-12-06,UTA,0,0.18,0
412,2023-12-08,SAC,1,0.5818181818181818,1
413,2023-12-07,NOP,0,0.39545454545454545,0
414,2023-12-07,IND,0,0.39545454545454545,1
415,2023-12-08,BOS,1,0.7733333333333333,1
416,2023-12-07,MIL,1,0.6206896551724138,0
417,2023-12-07,LAL,1,0.5952380952380951,1
418,2023-12-08,PHO,0,0.42132744769085856,0
419,2023-12-08,NYK,0,0.2649006622516556,0
420,2023-12-08,HOU,0,0.2649006622516556,1
421,2023-12-08,WAS,0,0.18,0
422,2023-12-08,LAC,1,0.7272727272727273,1
423,2023-12-08,DEN,1,0.7733333333333333,0
424,2023-12-08,DAL,1,0.7733333333333333,1
425,2023-12-08,POR,0,0.2649006622516556,0
426,2023-12-08,GSW,0,0.39545454545454545,0
427,2023-12-08,MIA,0,0.4264705882352941,0
428,2023-12-08,UTA,0,0.2649006622516556,0
429,2023-12-08,SAS,0,0.4264705882352941,0
430,2023-12-08,OKC,1,0.5434782608695653,1
431,2023-12-08,PHI,1,0.6666666666666666,1
432,2023-12-08,CHI,1,0.5818181818181818,1
433,2023-12-08,CHO,0,0.2649006622516556,1
434,2023-12-08,MIN,1,0.6666666666666666,1
435,2023-12-08,TOR,1,0.6666666666666666,0
436,2023-12-08,MEM,0,0.39545454545454545,0
437,2023-12-08,BRK,1,0.7804878048780488,1
438,2023-12-08,CLE,1,0.5818181818181818,1
439,2023-12-08,ORL,1,0.7857142857142857,1
440,2023-12-08,ATL,0,0.2649006622516556,0
441,2023-12-08,DET,0,0.18,0
442,2024-01-09,LAL,1,0.6666666666666666,1
443,2023-12-11,MIL,1,0.7804878048780488,1
444,2024-01-06,IND,0,0.2649006622516556,0
445,2023-12-11,NOP,1,0.5818181818181818,1
446,2023-12-11,MIA,1,0.5952380952380951,1
447,2023-12-11,ORL,1,0.5952380952380951,1
448,2023-12-11,ATL,0,0.39545454545454545,0
449,2023-12-11,SAC,1,0.6206896551724138,1
450,2023-12-11,CHO,0,0.39545454545454545,0
451,2023-12-11,MEM,0,0.4264705882352941,0
452,2023-12-11,CHI,0,0.18,0
453,2023-12-11,SAS,0,0.2649006622516556,0
454,2023-12-11,WAS,0,0.18,0
455,2023-12-11,CLE,1,0.5434782608695653,0
456,2023-12-11,BRK,0,0.39545454545454545,0
457,2023-12-11,OKC,1,0.7857142857142857,1
458,2023-12-11,PHI,1,0.7857142857142857,1
459,2023-12-11,LAC,1,0.7857142857142857,1
460,2023-12-11,MIN,0,0.4264705882352941,0
461,2023-12-11,UTA,0,0.18,0
462,2023-12-11,DAL,1,0.5434782608695653,1
463,2023-12-11,POR,0,0.18,0
464,2023-12-11,TOR,0,0.39545454545454545,0
465,2023-12-11,DEN,1,0.5818181818181818,1
466,2023-12-12,BOS,1,0.7857142857142857,1
467,2023-12-12,PHO,1,0.5818181818181818,1
468,2023-12-12,GSW,0,0.39545454545454545,0
469,2023-12-11,HOU,1,0.7733333333333333,1
470,2023-12-11,NYK,1,0.5952380952380951,1
471,2023-12-13,WAS,0,0.2649006622516556,0
472,2023-12-13,TOR,1,0.5434782608695653,1
473,2023-12-13,NYK,1,0.6206896551724138,0
474,2023-12-13,PHI,1,0.7857142857142857,1
475,2023-12-14,POR,1,0.5952380952380951,0
476,2023-12-13,MIA,1,0.7733333333333333,1
477,2023-12-12,LAC,1,0.5818181818181818,1
478,2023-12-13,CHO,0,0.2649006622516556,0
479,2023-12-14,OKC,0,0.39545454545454545,0
480,2023-12-13,UTA,0,0.39545454545454545,1
481,2023-12-13,ATL,0,0.39545454545454545,0
482,2023-12-12,SAC,0,0.4264705882352941,0
483,2023-12-13,BRK,0,0.39545454545454545,1
484,2023-12-13,NOP,1,0.7733333333333333,1
485,2023-12-13,HOU,1,0.7272727272727273,1
486,2023-12-13,MEM,0,0.2649006622516556,0
487,2023-12-13,DET,0,0.18,0
488,2023-12-14,MIN,1,0.5818181818181818,1
489,2023-12-15,ORL,0,0.39545454545454545,0
490,2023-12-12,CHI,0,0.2649006622516556,0
491,2023-12-12,CLE,0,0.18,0
492,2023-12-12,DEN,1,0.7733333333333333,1
493,2023-12-14,GSW,0,0.39545454545454545,0
494,2023-12-13,PHO,1,0.5818181818181818,0
495,2023-12-14,DAL,0,0.4264705882352941,0
496,2023-12-14,DEN,1,0.7804878048780488,1
497,2023-12-14,LAC,1,0.6206896551724138,1
498,2023-12-14,SAC,1,0.5952380952380951,1
499,2023-12-14,CHI,0,0.39545454545454545,1
500,2023-12-14,BOS,1,0.7804878048780488,1
501,2023-12-14,CLE,0,0.2649006622516556,0
502,2023-12-15,DET,0,0.0,0
503,2023-12-15,PHI,1,1.0,1
504,2023-12-15,HOU,1,0.6206896551724138,1
505,2023-12-15,NOP,1,0.7733333333333333,1
506,2023-12-15,MEM,0,0.39545454545454545,0
507,2023-12-15,ATL,0,0.39545454545454545,1
508,2023-12-15,PHO,1,0.6206896551724138,0
509,2023-12-16,MIL,1,1.0,1
510,2023-12-14,MIA,1,0.5952380952380951,0
511,2023-12-15,TOR,0,0.4264705882352941,0
512,2023-12-15,CHO,0,0.2649006622516556,0
513,2023-12-14,UTA,0,0.39545454545454545,1
514,2023-12-15,NYK,0,0.39545454545454545,1
515,2023-12-14,BRK,0,0.18,0
516,2023-12-16,CLE,1,0.5818181818181818,1
517,2023-12-15,BOS,1,0.6206896551724138,1
518,2023-12-16,UTA,0,0.18,0
519,2023-12-16,SAC,1,0.7804878048780488,1
520,2023-12-16,OKC,0,0.2649006622516556,1
521,2023-12-16,DAL,1,0.5952380952380951,1
522,2023-12-16,DEN,1,0.6206896551724138,0
523,2023-12-16,BRK,0,0.39545454545454545,0
524,2023-12-16,CHI,0,0.39545454545454545,0
525,2023-12-16,LAC,1,0.6206896551724138,1
526,2023-12-16,GSW,1,0.5952380952380951,1
527,2023-12-16,MIA,1,0.6206896551724138,1
528,2023-12-16,POR,0,0.39545454545454545,0
529,2023-12-16,PHI,1,0.7804878048780488,1
530,2023-12-16,DET,0,0.0,0
531,2023-12-17,WAS,0,0.18,0
532,2023-12-18,MEM,0,0.18,0
533,2023-12-17,NOP,1,0.7733333333333333,1
534,2023-12-17,ORL,0,0.2649006622516556,0
535,2023-12-17,BOS,1,0.7733333333333333,1
536,2023-12-17,SAS,0,0.2649006622516556,0
537,2023-12-17,PHO,1,0.7857142857142857,1
538,2023-12-16,NYK,0,0.2727272727272727,0
539,2023-12-16,ATL,0,0.39545454545454545,0
540,2023-12-18,TOR,1,0.7857142857142857,1
541,2023-12-17,HOU,0,0.39545454545454545,0
542,2023-12-16,CHO,0,0.18,0
543,2023-12-18,DAL,0,0.2649006622516556,0
544,2023-12-17,POR,0,0.26959853748824825,0
545,2023-12-18,OKC,1,0.7804878048780488,1
546,2023-12-18,DEN,1,0.7733333333333333,1
547,2023-12-18,ATL,1,0.7804878048780488,1
548,2023-12-18,BRK,1,0.5818181818181818,0
549,2023-12-18,SAC,1,0.7857142857142857,1
550,2023-12-18,UTA,0,0.39545454545454545,1
551,2023-12-18,MIA,0,0.4264705882352941,0
552,2023-12-18,MIN,1,0.5818181818181818,1
553,2023-12-18,CHI,0,0.18,1
554,2023-12-18,CHO,0,0.18,0
555,2023-12-17,MIL,1,0.6206896551724138,1
556,2023-12-18,DET,0,0.18,0
557,2023-12-18,CLE,1,0.5952380952380951,1
558,2023-12-17,GSW,1,0.6206896551724138,1
559,2023-12-18,PHI,1,0.7857142857142857,0
560,2023-12-19,MIL,1,1.0,1
561,2023-12-18,HOU,0,0.39545454545454545,0
562,2023-12-20,ORL,1,0.6206896551724138,0
563,2023-12-19,BOS,1,0.6206896551724138,0
564,2023-12-19,GSW,0,0.2649006622516556,1
565,2023-12-19,POR,0,0.2649006622516556,1
566,2023-12-19,PHO,1,0.7733333333333333,0
567,2023-12-19,NOP,1,0.7733333333333333,0
568,2023-12-18,WAS,0,0.18,0
569,2023-12-19,SAS,0,0.0,0
570,2023-12-20,PHI,1,0.5952380952380951,1
571,2023-12-20,TOR,0,0.39545454545454545,0
572,2023-12-20,DEN,1,0.5952380952380951,1
573,2023-12-20,DAL,0,0.4264705882352941,0
574,2023-12-20,NYK,0,0.4264705882352941,1
575,2023-12-20,SAC,1,0.5434782608695653,0
576,2023-12-21,WAS,0,0.39545454545454545,1
577,2023-12-20,LAC,1,0.5818181818181818,1
578,2023-12-20,UTA,0,0.39545454545454545,0
579,2023-12-20,MIA,0,0.39545454545454545,1
580,2023-12-20,HOU,1,0.5952380952380951,0
581,2023-12-20,MIN,0,0.39545454545454545,0
582,2023-12-20,BRK,1,0.5434782608695653,0
583,2023-12-20,ATL,0,0.39545454545454545,1
584,2023-12-19,MEM,0,0.2649006622516556,1
585,2023-12-21,OKC,1,0.6206896551724138,1
586,2023-12-20,CLE,1,0.6206896551724138,1
587,2023-12-21,DET,1,0.5434782608695653,0
588,2023-12-20,BOS,0,0.39545454545454545,1
589,2023-12-22,PHO,0,0.39545454545454545,0
590,2023-12-21,SAS,0,0.39545454545454545,0
591,2023-12-21,POR,1,0.5952380952380951,0
592,2023-12-22,GSW,1,0.7857142857142857,1
593,2023-12-21,MIL,1,0.6206896551724138,1
594,2023-12-21,NOP,1,0.5818181818181818,1
595,2023-12-21,UTA,1,0.5434782608695653,1
596,2023-12-23,NYK,0,0.39545454545454545,0
597,2023-12-22,ATL,0,0.39545454545454545,0
598,2023-12-21,ORL,0,0.2649006622516556,0
599,2023-12-23,CHO,0,0.2649006622516556,0
600,2023-12-21,CHI,1,0.5952380952380951,1
601,2023-12-22,TOR,0,0.2649006622516556,0
602,2023-12-21,CLE,0,0.39545454545454545,0
603,2023-12-22,SAC,1,0.5818181818181818,1
604,2023-12-22,DEN,1,0.5818181818181818,1
605,2023-12-22,DAL,0,0.2649006622516556,0
606,2023-12-21,LAC,0,0.2727272727272727,0
607,2023-12-23,BOS,1,0.5818181818181818,1
608,2023-12-22,MIA,1,0.5818181818181818,1
609,2023-12-22,PHI,1,0.7804878048780488,1
610,2023-12-22,BRK,0,0.39545454545454545,0
611,2023-12-22,HOU,1,0.7733333333333333,1
612,2023-12-23,CLE,0,0.39545454545454545,1
613,2023-12-22,WAS,0,0.18,0
614,2023-12-23,LAC,0,0.39545454545454545,0
615,2023-12-23,POR,0,0.2649006622516556,0
616,2023-12-23,MEM,1,0.5818181818181818,1
617,2023-12-23,MIN,0,0.4264705882352941,1
618,2023-12-23,CHI,1,0.5952380952380951,0
619,2023-12-23,UTA,0,0.39545454545454545,1
620,2023-12-23,DET,0,0.18,0
621,2023-12-23,NOP,1,0.6666666666666666,0
622,2023-12-23,SAS,0,0.2649006622516556,0
623,2023-12-23,MIL,1,0.5818181818181818,1
624,2023-12-23,TOR,1,0.6206896551724138,0
625,2023-12-23,HOU,0,0.2649006622516556,1
626,2023-12-23,DEN,1,0.7733333333333333,1
627,2023-12-23,BRK,1,0.7804878048780488,1
628,2023-12-23,DAL,1,0.7733333333333333,1
629,2023-12-23,ATL,0,0.39545454545454545,0
630,2023-12-23,GSW,1,0.7272727272727273,1
631,2023-12-23,SAC,1,0.5818181818181818,0
632,2023-12-27,CLE,0,0.39545454545454545,1
633,2023-12-27,TOR,1,0.6666666666666666,1
634,2023-12-28,MIA,0,0.39545454545454545,1
635,2023-12-27,NYK,0,0.39545454545454545,0
636,2023-12-27,PHI,0,0.39545454545454545,1
637,2023-12-28,DEN,1,0.6206896551724138,1
638,2023-12-28,GSW,1,0.5818181818181818,0
639,2023-12-27,DAL,1,0.5952380952380951,0
640,2023-12-27,MIL,1,0.5952380952380951,1
641,2023-12-27,PHO,1,0.5818181818181818,1
642,2023-12-28,BOS,1,1.0,1
643,2023-12-28,MEM,0,0.2649006622516556,0
644,2023-12-29,SAC,0,0.39545454545454545,1
645,2023-12-28,POR,1,0.6206896551724138,0
646,2023-12-29,LAC,1,0.6666666666666666,1
647,2023-12-28,UTA,0,0.2649006622516556,0
648,2023-12-29,ATL,0,0.39545454545454545,0
649,2023-12-28,SAS,0,0.39545454545454545,1
650,2023-12-27,WAS,0,0.2649006622516556,0
651,2023-12-27,BRK,0,0.39545454545454545,0
652,2023-12-28,MIN,1,0.7804878048780488,1
653,2023-12-27,OKC,1,0.5434782608695653,1
654,2023-12-27,ORL,1,0.5818181818181818,0
655,2023-12-28,NOP,1,0.7733333333333333,1
656,2023-12-27,HOU,0,0.39545454545454545,0
657,2023-12-28,DET,0,0.0,0
658,2023-12-29,PHI,1,0.5818181818181818,1
659,2023-12-29,MIL,1,0.6206896551724138,1
660,2023-12-29,ORL,1,0.5818181818181818,1
661,2023-12-29,WAS,0,0.2649006622516556,1
662,2023-12-29,BRK,1,0.6206896551724138,0
663,2023-12-28,DAL,0,0.18,0
664,2023-12-29,PHO,1,1.0,1
665,2023-12-29,HOU,0,0.4264705882352941,0
666,2023-12-29,TOR,0,0.2649006622516556,0
667,2023-12-29,NYK,0,0.39545454545454545,0
668,2023-12-29,OKC,0,0.39545454545454545,1
669,2023-12-29,CLE,0,0.39545454545454545,0
670,2023-12-30,GSW,1,0.5818181818181818,0
671,2023-12-30,MIA,1,0.5818181818181818,0
672,2023-12-29,POR,1,0.6206896551724138,1
673,2023-12-29,MEM,0,0.2649006622516556,0
674,2023-12-29,DEN,1,0.5818181818181818,0
675,2023-12-29,BOS,1,0.7272727272727273,1
676,2023-12-30,DET,0,0.39545454545454545,1
677,2023-12-30,DAL,0,0.39545454545454545,1
678,2023-12-29,SAS,0,0.2649006622516556,0
679,2023-12-30,CHI,1,0.5952380952380951,1
680,2023-12-30,UTA,0,0.39545454545454545,1
681,2023-12-29,CHO,0,0.0,0
682,2023-12-31,BRK,0,0.2649006622516556,0
683,2023-12-31,PHO,1,0.6206896551724138,1
684,2023-12-31,ATL,1,0.6666666666666666,1
685,2023-12-31,SAC,0,0.39545454545454545,1
686,2024-01-01,CHO,0,0.0,0
687,2023-12-31,MEM,0,0.4264705882352941,0
688,2024-01-01,CLE,0,0.39545454545454545,0
689,2023-12-31,ORL,0,0.2727272727272727,0
690,2023-12-31,WAS,0,0.2649006622516556,0
691,2023-12-31,SAS,0,0.0,0
692,2024-01-01,LAC,1,0.7733333333333333,1
693,2023-12-31,OKC,1,0.6206896551724138,1
694,2024-01-01,POR,0,0.18,0
695,2023-12-30,TOR,1,0.5952380952380951,0
696,2023-12-30,PHI,0,0.4264705882352941,0
697,2024-01-01,HOU,1,0.7733333333333333,1
698,2024-01-01,DEN,1,1.0,1
699,2023-12-31,BOS,1,1.0,1
700,2024-01-02,PHI,1,0.7857142857142857,1
701,2024-01-02,GSW,1,0.5818181818181818,1
702,2024-01-01,MIN,1,0.5818181818181818,0
703,2024-01-01,DAL,1,0.5818181818181818,0
704,2024-01-01,MIA,0,0.2649006622516556,0
705,2024-01-01,DET,0,0.2649006622516556,0
706,2024-01-01,TOR,0,0.4264705882352941,1
707,2024-01-01,UTA,0,0.39545454545454545,1
708,2024-01-01,NYK,0,0.4264705882352941,1
709,2024-01-02,CHI,0,0.18,0
710,2024-01-02,SAC,1,1.0,0
711,2024-01-02,NOP,1,0.6206896551724138,1
712,2024-01-02,BOS,1,0.5952380952380951,0
713,2024-01-02,SAS,0,0.18,0
714,2024-01-02,MEM,1,0.7857142857142857,1
715,2024-01-02,ORL,0,0.39545454545454545,0
716,2024-01-03,WAS,0,0.18,0
717,2024-01-02,BRK,0,0.39545454545454545,0
718,2024-01-01,PHO,1,0.7857142857142857,1
719,2024-01-02,OKC,0,0.2727272727272727,1
720,2024-01-03,ATL,1,0.5818181818181818,1
721,2024-01-03,DET,0,0.2649006622516556,0
722,2024-01-03,POR,0,0.18,0
723,2024-01-04,DEN,1,0.5952380952380951,1
724,2024-01-03,PHO,0,0.39545454545454545,0
725,2024-01-02,CHO,0,0.0,1
726,2024-01-03,UTA,1,0.7733333333333333,1
727,2024-01-03,TOR,0,0.39545454545454545,1
728,2024-01-03,CLE,1,0.7804878048780488,1
729,2024-01-03,LAC,1,0.5952380952380951,1
730,2024-01-03,MIN,1,0.7272727272727273,0
731,2024-01-03,DAL,1,0.7857142857142857,1
732,2024-01-03,NYK,1,0.7804878048780488,1
733,2024-01-03,HOU,1,0.5818181818181818,1
734,2024-01-04,SAS,0,0.18,0
735,2024-01-04,GSW,0,0.39545454545454545,0
736,2024-01-03,ORL,0,0.39545454545454545,0
737,2024-01-05,CHO,0,0.2649006622516556,0
738,2024-01-03,SAC,1,0.5952380952380951,1
739,2024-01-05,PHI,1,0.7733333333333333,0
740,2024-01-03,BRK,0,0.39545454545454545,0
741,2024-01-03,NOP,0,0.2649006622516556,1
742,2024-01-03,MEM,1,0.5818181818181818,0
743,2024-01-03,CHI,0,0.2649006622516556,0
744,2024-01-05,BOS,1,1.0,1
745,2024-01-03,OKC,0,0.39545454545454545,0
746,2024-01-05,CLE,1,0.7857142857142857,1
747,2024-01-05,WAS,0,0.18,0
748,2024-01-04,MIL,1,0.7733333333333333,1
749,2024-01-05,LAC,1,0.5434782608695653,1
750,2024-01-05,PHO,1,0.5818181818181818,1
751,2024-01-05,MIA,0,0.39545454545454545,0
752,2024-01-05,SAC,1,0.6206896551724138,1
753,2024-01-05,ORL,0,0.2649006622516556,1
754,2024-01-05,DAL,1,0.7857142857142857,1
755,2024-01-05,POR,0,0.18,0
756,2024-01-05,MIN,1,0.5952380952380951,1
757,2024-01-05,NOP,1,0.5818181818181818,0
758,2024-01-05,DET,0,0.18,0
759,2024-01-05,OKC,1,0.5434782608695653,0
760,2024-01-05,BRK,0,0.39545454545454545,1
761,2024-01-05,UTA,0,0.0,0
762,2024-01-05,HOU,0,0.39545454545454545,0
763,2024-01-05,CHI,1,0.7804878048780488,1
764,2024-01-05,TOR,0,0.2649006622516556,0
765,2024-01-05,NYK,0,0.2649006622516556,1
766,2024-01-07,SAS,0,0.18,0
767,2024-01-06,MIL,1,0.6206896551724138,0
768,2024-01-05,DEN,1,0.7804878048780488,0
769,2024-01-05,GSW,1,0.7804878048780488,1
770,2024-01-06,PHI,1,0.7857142857142857,0
771,2024-01-07,DEN,1,1.0,1
772,2024-01-07,DAL,0,0.39545454545454545,1
773,2024-01-07,ORL,0,0.39545454545454545,1
774,2024-01-08,CHI,1,0.7733333333333333,1
775,2024-01-06,UTA,0,0.18,1
776,2024-01-06,NYK,1,0.7733333333333333,1
777,2024-01-06,BOS,1,0.6666666666666666,1
778,2024-01-07,POR,0,0.2649006622516556,1
779,2024-01-07,CLE,1,0.7857142857142857,1
780,2024-01-08,CHO,0,0.2649006622516556,0
781,2024-01-06,WAS,0,0.18,0
782,2024-01-07,SAC,1,0.5952380952380951,0
783,2024-01-07,BRK,1,0.7733333333333333,0
784,2024-01-08,MIA,1,0.6206896551724138,1
785,2024-01-07,DET,0,0.0,0
786,2024-01-07,GSW,1,0.5818181818181818,0
787,2024-01-07,ATL,1,0.5818181818181818,0
788,2024-01-07,TOR,0,0.39545454545454545,1
789,2024-01-07,PHO,1,0.5952380952380951,0
790,2024-01-08,OKC,1,0.7857142857142857,1
791,2024-01-06,HOU,0,0.2649006622516556,1
792,2024-01-07,MIN,1,0.5952380952380951,0
793,2024-01-07,MEM,0,0.39545454545454545,1
794,2024-01-07,NOP,0,0.39545454545454545,1
795,2024-01-09,NYK,1,0.7857142857142857,1
796,2024-01-08,IND,0,0.39545454545454545,1
797,2024-01-08,MIL,1,0.777797879662533,0
798,2024-01-08,HOU,0,0.39545454545454545,0
799,2024-01-08,WAS,0,0.18,0
800,2024-01-10,PHI,1,0.5434782608695653,0
801,2024-01-08,UTA,0,0.2649006622516556,1
802,2024-01-08,BOS,1,0.6206896551724138,0
803,2024-01-09,ORL,0,0.39545454545454545,0
804,2024-01-10,GSW,0,0.39545454545454545,0
805,2024-01-09,MEM,0,0.2649006622516556,1
806,2024-01-10,NOP,1,0.5818181818181818,1
807,2024-01-09,SAC,1,0.7857142857142857,1
808,2024-01-08,PHO,0,0.2649006622516556,0
809,2024-01-09,TOR,0,0.2649006622516556,0
810,2024-01-10,DEN,1,0.7272727272727273,0
811,2024-01-10,ATL,1,0.5434782608695653,1
812,2024-01-09,DET,0,0.18,0
813,2024-01-08,LAC,1,0.6666666666666666,1
814,2024-01-10,SAS,1,0.5952380952380951,1
815,2024-01-11,BRK,0,0.39545454545454545,0
816,2024-01-11,CLE,1,0.5818181818181818,1
817,2024-01-09,DAL,1,0.7733333333333333,0
818,2024-01-09,MIN,1,0.6206896551724138,1
819,2024-01-09,POR,0,0.18,0
820,2024-01-10,BOS,1,0.7733333333333333,1
821,2024-01-10,CHO,0,0.2649006622516556,0
822,2024-01-10,MIA,0,0.39545454545454545,0
823,2024-01-11,MIL,1,0.5952380952380951,1
824,2024-01-10,UTA,0,0.2649006622516556,1
825,2024-01-11,PHO,0,0.4264705882352941,1
826,2024-01-10,IND,1,0.6666666666666666,1
827,2024-01-10,WAS,0,0.2649006622516556,0
828,2024-01-10,CHI,1,0.5952380952380951,1
829,2024-01-10,OKC,1,0.5818181818181818,1
830,2024-01-10,LAC,1,0.7857142857142857,1
831,2024-01-10,HOU,0,0.39545454545454545,0
832,2024-01-11,DAL,0,0.39545454545454545,1
833,2024-01-11,POR,0,0.18,0
834,2024-01-10,MIN,0,0.2649006622516556,0
835,2024-01-12,MEM,0,0.2649006622516556,0
836,2024-01-11,NYK,1,0.5952380952380951,0
837,2024-01-10,DET,0,0.39545454545454545,0
838,2024-01-10,SAC,1,0.6666666666666666,1
839,2024-01-12,ORL,0,0.39545454545454545,0
840,2024-01-11,LAL,0,0.4264705882352941,0
841,2024-01-10,TOR,0,0.18,0
842,2024-01-12,DEN,1,0.7733333333333333,1
843,2024-01-12,CHI,1,0.5952380952380951,0
844,2024-01-12,CHO,0,0.39545454545454545,0
845,2024-01-12,UTA,1,0.5952380952380951,1
846,2024-01-12,PHI,1,0.5952380952380951,1
847,2024-01-12,MIN,1,1.0,1
848,2024-01-12,ATL,1,0.6206896551724138,0
849,2024-01-11,OKC,1,0.7857142857142857,1
850,2024-01-12,SAC,0,0.39545454545454545,0
851,2024-01-11,BOS,0,0.39545454545454545,0
852,2024-01-12,MIA,1,0.5818181818181818,1
853,2024-01-12,SAS,1,0.5818181818181818,1
854,2024-01-12,DET,0,0.2649006622516556,0
855,2024-01-13,WAS,0,0.2649006622516556,1
856,2024-01-12,TOR,0,0.39545454545454545,0
857,2024-01-12,LAC,1,0.7733333333333333,1
858,2024-01-12,NOP,0,0.2649006622516556,0
859,2024-01-12,IND,0,0.2649006622516556,1
860,2024-01-12,GSW,0,0.39545454545454545,1
861,2024-01-12,HOU,1,0.7733333333333333,1
862,2024-01-13,LAL,1,0.5818181818181818,0
863,2024-01-15,CLE,1,0.6206896551724138,1
864,2024-01-13,DAL,1,0.5952380952380951,0
865,2024-01-15,BRK,1,0.5952380952380951,0
866,2024-01-13,BOS,1,1.0,1
867,2024-01-13,MIL,1,0.7857142857142857,1
868,2024-01-14,PHO,1,0.7804878048780488,1
869,2024-01-13,OKC,1,0.7857142857142857,1
870,2024-01-13,NYK,1,0.7733333333333333,1
871,2024-01-12,POR,0,0.0,0
872,2024-01-13,MEM,0,0.2649006622516556,0
873,2024-01-14,MIN,1,0.5818181818181818,1
874,2024-01-14,LAC,1,0.5818181818181818,0
875,2024-01-13,NOP,0,0.39545454545454545,1
876,2024-01-14,CHO,0,0.2649006622516556,0
877,2024-01-13,SAS,0,0.2649006622516556,0
878,2024-01-14,DEN,1,0.7857142857142857,1
879,2024-01-13,ORL,0,0.18,0
880,2024-01-14,MIA,1,0.7733333333333333,1
881,2024-01-14,SAC,0,0.39545454545454545,0
882,2024-01-13,GSW,0,0.18,0
883,2024-01-14,POR,0,0.18,0
884,2024-01-15,TOR,0,0.2649006622516556,0
885,2024-01-15,PHI,1,0.7733333333333333,1
886,2024-01-13,UTA,0,0.4264705882352941,1
887,2024-01-13,CHI,1,0.6206896551724138,1
888,2024-01-14,IND,0,0.18,0
889,2024-01-13,ATL,1,0.6206896551724138,0
890,2024-01-13,HOU,0,0.0,0
891,2024-01-15,DET,0,0.2727272727272727,1
892,2024-01-15,SAS,0,0.18,0
893,2024-01-14,MIL,1,0.5952380952380951,1
894,2024-01-15,MEM,0,0.2649006622516556,1
895,2024-01-15,OKC,0,0.4264705882352941,0
896,2024-01-15,HOU,0,0.2649006622516556,0
897,2024-01-15,DAL,0,0.39545454545454545,1
898,2024-01-15,NOP,1,0.5952380952380951,0
899,2024-01-15,CHI,0,0.39545454545454545,0
900,2024-01-15,GSW,1,0.6666666666666666,0
901,2024-01-15,NYK,1,0.6206896551724138,0
902,2024-01-15,ORL,0,0.26912350404311974,1
903,2024-01-15,BOS,1,0.7733333333333333,1
904,2024-01-15,WAS,1,0.6206896551724138,0
905,2024-01-15,UTA,1,0.7272727272727273,1
906,2024-01-15,LAL,1,0.5952380952380951,1
907,2024-01-15,ATL,1,0.7733333333333333,1
908,2024-01-17,POR,0,0.2727272727272727,1
909,2024-01-16,LAC,1,0.7560496422094664,1
910,2024-01-17,MIN,1,0.7857142857142857,1
911,2024-01-17,MIL,1,0.5818181818181818,0
912,2024-01-15,MIA,0,0.39545454545454545,1
913,2024-01-16,SAC,0,0.39545454545454545,0
914,2024-01-16,DEN,0,0.39545454545454545,0
915,2024-01-16,PHO,1,0.5952380952380951,1
916,2024-01-15,IND,0,0.2649006622516556,0
917,2024-01-17,CHO,0,0.18,0
918,2024-01-18,IND,0,0.2649006622516556,1
919,2024-01-16,PHI,1,0.6206896551724138,1
920,2024-01-18,WAS,0,0.18,0
921,2024-01-17,DAL,0,0.39545454545454545,0
922,2024-01-17,LAL,1,0.5952380952380951,1
923,2024-01-17,MIA,1,0.5952380952380951,0
924,2024-01-17,TOR,0,0.39545454545454545,1
925,2024-01-18,UTA,0,0.39545454545454545,0
926,2024-01-18,CHI,1,0.5818181818181818,1
927,2024-01-16,OKC,0,0.2649006622516556,0
928,2024-01-17,SAS,0,0.0,0
929,2024-01-17,DET,0,0.18,0
930,2024-01-17,NOP,1,0.7857142857142857,1
931,2024-01-24,GSW,1,0.6206896551724138,1
932,2024-01-17,NYK,1,0.6206896551724138,1
933,2024-01-17,ORL,0,0.39545454545454545,0
934,2024-01-17,BRK,1,0.6206896551724138,0
935,2024-01-17,CLE,0,0.39545454545454545,1
936,2024-01-17,HOU,0,0.39545454545454545,0
937,2024-01-18,MEM,0,0.18,0
938,2024-01-17,BOS,1,1.0,1
939,2024-01-17,ATL,1,0.5818181818181818,1
940,2024-01-19,DEN,0,0.2649006622516556,1
941,2024-01-18,OKC,1,0.5952380952380951,1
942,2024-01-19,PHI,1,0.5952380952380951,1
943,2024-01-18,SAC,1,0.7733333333333333,0
944,2024-01-19,PHO,0,0.39545454545454545,1
945,2024-01-21,LAC,1,0.7857142857142857,1
946,2024-01-19,ORL,0,0.39545454545454545,0
947,2024-01-20,CLE,1,0.5818181818181818,1
948,2024-01-20,MIL,1,1.0,1
949,2024-01-22,DAL,0,0.39545454545454545,0
950,2024-01-19,LAL,1,0.6666666666666666,0
951,2024-01-18,TOR,0,0.39545454545454545,0
952,2024-01-19,MIA,1,0.7733333333333333,0
953,2024-01-19,NOP,1,0.5434782608695653,0
954,2024-01-19,CHO,1,0.6206896551724138,1
955,2024-01-19,ATL,0,0.2649006622516556,1
956,2024-01-20,HOU,1,0.5952380952380951,1
957,2024-01-19,BRK,0,0.26502720516666506,1
958,2024-01-20,DET,0,0.0,0
959,2024-01-19,POR,0,0.39545454545454545,1
960,2024-01-18,MIN,1,0.7857142857142857,1
961,2024-01-19,BOS,1,0.7733333333333333,0
962,2024-01-19,SAS,0,0.2649006622516556,0
963,2024-01-18,NYK,1,0.7857142857142857,1
964,2024-01-19,IND,1,0.6206896551724138,0
965,2024-01-20,TOR,0,0.2649006622516556,0
966,2024-01-20,MIN,1,0.5952380952380951,0
967,2024-01-22,SAC,1,0.7733333333333333,1
968,2024-01-20,UTA,0,0.39545454545454545,0
969,2024-01-20,CHI,1,0.7272727272727273,1
970,2024-01-20,WAS,1,0.5818181818181818,0
971,2024-01-20,MEM,0,0.2649006622516556,0
972,2024-01-20,OKC,0,0.39545454545454545,1
973,2024-01-20,NYK,1,0.7733333333333333,1
974,2024-01-21,POR,0,0.18,0
975,2024-01-20,SAS,0,0.39545454545454545,1
976,2024-01-20,PHI,1,0.7857142857142857,1
977,2024-01-23,NOP,1,0.6206896551724138,1
978,2024-01-20,CHO,0,0.18,0
979,2024-01-21,LAL,1,0.7857142857142857,1
980,2024-01-21,PHO,1,0.5952380952380951,1
981,2024-01-21,ORL,1,0.5818181818181818,1
982,2024-01-20,ATL,0,0.4264705882352941,0
983,2024-01-21,BOS,1,0.7857142857142857,1
984,2024-01-21,DEN,1,0.9409455925514081,1
985,2024-01-21,IND,0,0.39545454545454545,0
986,2024-01-21,MIA,1,0.5818181818181818,0
987,2024-01-21,BRK,0,0.18,0
988,2024-01-22,MIL,1,0.7857142857142857,1
989,2024-01-22,ATL,0,0.2649006622516556,0
990,2024-01-22,CLE,1,0.5434782608695653,1
991,2024-01-22,DET,0,0.18,0
992,2024-01-22,MEM,0,0.2649006622516556,1
993,2024-01-21,HOU,0,0.18,0
994,2024-01-22,SAS,0,0.0,0
995,2024-01-22,TOR,1,0.6206896551724138,0
996,2024-01-21,WAS,0,0.18,0
997,2024-01-22,CHO,0,0.0,1
998,2024-01-23,UTA,0,0.2649006622516556,0
999,2024-01-22,CHI,0,0.39545454545454545,0
1000,2024-01-22,PHI,1,1.0,1
1001,2024-01-23,NYK,1,0.6206896551724138,1
1002,2024-01-22,MIN,1,1.0,0
1003,2024-01-23,OKC,1,1.0,1
1004,2024-01-23,LAC,1,0.7733333333333333,1
1005,2024-01-23,LAL,0,0.2649006622516556,0
1006,2024-01-24,HOU,1,0.7857142857142857,0
1007,2024-01-23,BRK,0,0.39545454545454545,0
1008,2024-01-22,ORL,1,0.5818181818181818,0
1009,2024-01-22,PHO,1,0.5952380952380951,1
1010,2024-01-23,POR,0,0.18,0
1011,2024-01-22,BOS,1,0.5853170495241615,1
1012,2024-01-23,IND,0,0.39545454545454545,0
1013,2024-01-23,DEN,1,0.6206896551724138,1
1014,2024-01-24,WAS,0,0.18,0
1015,2024-01-24,MIA,1,0.7857142857142857,0
1016,2024-01-24,CHO,0,0.39545454545454545,0
1017,2024-01-26,ORL,1,0.6206896551724138,0
1018,2024-01-24,DAL,0,0.4264705882352941,0
1019,2024-01-24,DET,1,0.5434782608695653,1
1020,2024-01-25,SAC,1,0.5818181818181818,1
1021,2024-01-25,CHI,0,0.39545454545454545,0
1022,2024-01-24,CLE,0,0.2649006622516556,0
1023,2024-01-26,TOR,0,0.2649006622516556,0
1024,2024-01-24,MEM,0,0.18,1
1025,2024-01-25,BOS,1,0.7733333333333333,1
1026,2024-01-25,PHI,1,0.6206896551724138,0
1027,2024-01-24,MIN,1,0.7857142857142857,1
1028,2024-01-24,PHO,0,0.4264705882352941,1
1029,2024-01-24,SAS,0,0.2649006622516556,0
1030,2024-01-24,MIL,1,0.6666666666666666,1
1031,2024-01-24,ATL,0,0.26999962827339563,0
1032,2024-01-25,UTA,1,0.6666666666666666,1
1033,2024-01-25,BRK,0,0.39545454545454545,0
1034,2024-01-25,DEN,1,0.5818181818181818,0
1035,2024-01-24,POR,0,0.18,1
1036,2024-01-24,OKC,1,0.7733333333333333,1
1037,2024-01-25,IND,0,0.39545454545454545,1
1038,2024-01-25,NYK,1,0.5434782608695653,1
1039,2024-01-26,LAC,1,0.7733333333333333,1
1040,2024-01-25,LAL,1,0.6206896551724138,1
1041,2024-01-26,NOP,0,0.4264705882352941,0
1042,2024-01-26,MIL,1,0.6206896551724138,0
1043,2024-01-26,CLE,0,0.2649006622516556,1
1044,2024-01-26,HOU,1,0.6206896551724138,1
1045,2024-01-26,MEM,0,0.2726167276059716,1
1046,2024-01-26,ATL,0,0.4577260122997059,0
1047,2024-01-25,GSW,0,0.39545454545454545,0
1048,2024-01-26,DAL,1,0.5434782608695653,1
1049,2024-01-26,PHO,1,0.5952380952380951,0
1050,2024-01-25,WAS,0,0.2649006622516556,0
1051,2024-01-25,MIN,1,0.5952380952380951,1
1052,2024-01-26,OKC,1,0.5434782608695653,1
1053,2024-01-26,CHO,0,0.2727272727272727,0
1054,2024-01-27,DET,1,0.5818181818181818,0
1055,2024-01-25,MIA,0,0.2649006622516556,0
1056,2024-01-26,SAS,1,0.5818181818181818,1
1057,2024-01-26,POR,0,0.39545454545454545,0
1058,2024-01-27,WAS,0,0.39545454545454545,1
1059,2024-01-27,UTA,1,0.7804878048780488,1
1060,2024-01-27,GSW,0,0.4264705882352941,0
1061,2024-01-27,BOS,1,0.7733333333333333,0
1062,2024-01-27,MIA,0,0.39545454545454545,0
1063,2024-01-27,LAL,0,0.4264705882352941,1
1064,2024-01-28,CHI,1,0.6666666666666666,1
1065,2024-01-26,IND,0,0.39545454545454545,1
1066,2024-01-27,DEN,1,0.6206896551724138,1
1067,2024-01-27,NYK,1,0.5952380952380951,1
1068,2024-01-27,PHI,0,0.39545454545454545,0
1069,2024-01-27,MIN,1,0.7857142857142857,0
1070,2024-01-27,SAC,1,0.5818181818181818,1
1071,2024-01-27,BRK,1,0.5952380952380951,1
1072,2024-01-28,ORL,1,0.5818181818181818,1
1073,2024-01-28,PHO,0,0.39545454545454545,0
1074,2024-01-28,POR,0,0.2649006622516556,0
1075,2024-01-28,MEM,0,0.2649006622516556,0
1076,2024-01-27,CHO,0,0.18,0
1077,2024-01-28,TOR,0,0.2649006622516556,0
1078,2024-01-27,SAS,0,0.18,1
1079,2024-01-28,OKC,1,0.7857142857142857,0
1080,2024-01-27,HOU,0,0.39545454545454545,0
1081,2024-01-27,MIL,1,0.6206896551724138,1
1082,2024-01-29,CLE,1,0.5434782608695653,1
1083,2024-01-28,IND,1,0.7804878048780488,1
1084,2024-01-28,ATL,1,0.6666666666666666,1
1085,2024-01-27,LAC,0,0.2649006622516556,1
1086,2024-01-27,NOP,0,0.2715949687402578,0
1087,2024-01-27,DAL,0,0.39545454545454545,0
1088,2024-01-29,SAC,1,0.7733333333333333,1
1089,2024-01-29,DAL,1,0.5952380952380951,1
1090,2024-01-29,LAL,1,0.5434782608695653,0
1091,2024-01-30,GSW,1,0.5818181818181818,1
1092,2024-01-29,HOU,1,0.5818181818181818,1
1093,2024-01-29,BOS,1,0.7733333333333333,1
1094,2024-01-29,MIA,1,0.6206896551724138,0
1095,2024-01-29,LAC,1,0.5818181818181818,0
1096,2024-01-29,NYK,1,0.7733333333333333,1
1097,2024-01-29,UTA,0,0.4264705882352941,0
1098,2024-01-29,BRK,1,0.5818181818181818,1
1099,2024-01-29,MIN,0,0.4264705882352941,1
1100,2024-01-29,SAS,1,0.5952380952380951,0
1101,2024-01-29,WAS,0,0.39545454545454545,1
1102,2024-01-28,DET,0,0.18,1
1103,2024-01-29,CHO,0,0.2649006622516556,0
1104,2024-01-29,DEN,1,0.6206896551724138,1
1105,2024-01-29,PHI,1,0.7804878048780488,0
1106,2024-01-29,NOP,0,0.18,0
1107,2024-01-29,MIL,0,0.39545454545454545,0
1108,2024-01-29,POR,0,0.18,1
1109,2024-01-31,DET,0,0.18,0
1110,2024-01-29,OKC,1,0.5952380952380951,0
1111,2024-01-30,IND,0,0.2649006622516556,0
1112,2024-01-29,MEM,0,0.2649006622516556,0
1113,2024-01-29,ORL,0,0.39545454545454545,0
1114,2024-01-29,PHO,0,0.39545454545454545,1
1115,2024-01-30,TOR,0,0.2649006622516556,1
1116,2024-01-30,ATL,1,0.6206896551724138,1
1117,2024-01-30,CHI,1,0.6570260852624054,0
1118,2024-01-30,BOS,1,0.7733333333333333,1
1119,2024-01-31,NOP,1,0.5818181818181818,1
1120,2024-01-31,MIN,1,0.7857142857142857,1
1121,2024-01-31,CLE,1,0.7857142857142857,1
1122,2024-01-31,SAC,0,0.39545454545454545,0
1123,2024-01-31,ORL,1,0.6206896551724138,1
1124,2024-01-31,PHO,1,0.5818181818181818,1
1125,2024-01-31,MIA,1,0.5818181818181818,1
1126,2024-01-30,PHI,0,0.39545454545454545,0
1127,2024-02-01,MEM,0,0.2649006622516556,0
1128,2024-01-31,HOU,0,0.4264705882352941,0
1129,2024-01-30,LAL,0,0.2649006622516556,0
1130,2024-01-31,MIL,1,0.7857142857142857,0
1131,2024-01-31,DEN,1,0.5818181818181818,0
1132,2024-01-31,DAL,0,0.05130542989865742,0
1133,2024-01-31,OKC,1,0.5434782608695653,1
1134,2024-01-31,POR,0,0.18,1
1135,2024-01-31,LAC,1,0.7857142857142857,1
1136,2024-01-31,SAS,0,0.39545454545454545,0
1137,2024-01-31,WAS,0,0.18,0
1138,2024-01-31,CHO,0,0.39545454545454545,0
1139,2024-01-30,NYK,1,0.5952380952380951,1
1140,2024-01-31,BRK,1,0.5434782608695653,0
1141,2024-01-30,UTA,0,0.39545454545454545,0
1142,2024-02-01,LAL,0,0.18,1
1143,2024-02-02,TOR,0,0.39545454545454545,0
1144,2024-01-31,CHI,1,0.6206896551724138,1
1145,2024-02-01,IND,0,0.39545454545454545,0
1146,2024-02-01,BOS,1,0.7857142857142857,0
1147,2024-02-01,PHI,0,0.39545454545454545,1
1148,2024-02-02,GSW,1,0.6666666666666666,1
1149,2024-02-02,ATL,0,0.4264705882352941,1
1150,2024-02-01,NYK,1,0.5818181818181818,1
1151,2024-02-01,UTA,1,0.5952380952380951,0
1152,2024-02-03,MIL,1,0.6206896551724138,1
1153,2024-02-02,PHO,1,0.5818181818181818,0
1154,2024-02-02,ORL,0,0.2649006622516556,1
1155,2024-02-02,SAS,0,0.2649006622516556,0
1156,2024-02-01,CLE,1,0.7733333333333333,1
1157,2024-02-02,DET,0,0.18,0
1158,2024-02-03,CHI,1,0.5818181818181818,0
1159,2024-02-02,CHO,0,0.0,0
1160,2024-02-02,NOP,1,0.7733333333333333,1
1161,2024-02-02,DEN,1,0.7857142857142857,1
1162,2024-02-02,OKC,1,1.0,1
1163,2024-02-02,POR,0,0.18,0
1164,2024-02-03,BRK,0,0.39545454545454545,1
1165,2024-02-02,MIN,1,0.7733333333333333,0
1166,2024-02-03,DAL,0,0.39545454545454545,0
1167,2024-02-02,LAC,1,0.7857142857142857,1
1168,2024-02-02,WAS,0,0.2649006622516556,0
1169,2024-02-02,MIA,1,0.7733333333333333,1
1170,2024-02-02,SAC,1,0.5952380952380951,1
1171,2024-02-02,HOU,1,0.5952380952380951,1
1172,2024-02-02,MEM,0,0.2649006622516556,0
1173,2024-02-03,PHI,1,0.5952380952380951,0
1174,2024-02-04,BOS,1,1.0,1
1175,2024-02-03,LAL,0,0.2649006622516556,1
1176,2024-02-02,IND,0,0.39545454545454545,0
1177,2024-02-04,UTA,1,0.5818181818181818,1
1178,2024-02-03,CLE,1,0.7857142857142857,1
1179,2024-02-03,NYK,1,0.5952380952380951,0
1180,2024-02-03,SAS,0,0.18,0
1181,2024-02-04,WAS,0,0.18,0
1182,2024-02-04,TOR,0,0.2649006622516556,0
1183,2024-02-04,MIA,0,0.39545454545454545,0
1184,2024-02-04,POR,0,0.0,0
1185,2024-02-04,DEN,1,1.0,1
1186,2024-02-03,GSW,0,0.39545454545454545,0
1187,2024-02-05,NOP,1,0.7857142857142857,1
1188,2024-02-04,MEM,0,0.0,0
1189,2024-02-04,HOU,0,0.2649006622516556,0
1190,2024-02-04,PHO,1,0.7857142857142857,1
1191,2024-02-04,MIN,1,0.7733333333333333,1
1192,2024-02-03,SAC,0,0.39545454545454545,1
1193,2024-02-04,ORL,1,0.7733333333333333,1
1194,2024-02-04,IND,1,0.7804878048780488,1
1195,2024-02-04,DET,0,0.2649006622516556,0
1196,2024-02-04,LAC,1,0.5952380952380951,1
1197,2024-02-03,ATL,1,0.5818181818181818,1
1198,2024-02-04,CHO,0,0.18,0
1199,2024-02-04,OKC,1,0.7804878048780488,1
1200,2024-02-05,GSW,0,0.39545454545454545,1
1201,2024-02-05,ATL,0,0.39545454545454545,0
1202,2024-02-06,NYK,1,1.0,1
1203,2024-02-07,SAS,0,0.2649006622516556,0
1204,2024-02-05,LAL,1,0.7857142857142857,1
1205,2024-02-05,DAL,1,0.5818181818181818,1
1206,2024-02-04,MIL,0,0.39545454545454545,0
1207,2024-02-05,CLE,1,0.6206896551724138,1
1208,2024-02-05,BRK,1,0.5818181818181818,0
1209,2024-02-06,CHI,0,0.39545454545454545,1
1210,2024-02-05,PHI,0,0.4264705882352941,0
1211,2024-02-05,SAC,0,0.39545454545454545,0
1212,2024-02-08,DEN,1,0.5952380952380951,1
1213,2024-02-07,DET,0,0.18,1
1214,2024-02-06,ORL,0,0.39545454545454545,0
1215,2024-02-08,POR,1,0.7733333333333333,0
1216,2024-02-06,OKC,1,0.5952380952380951,0
1217,2024-02-05,TOR,0,0.18,0
1218,2024-02-06,PHO,1,0.5952380952380951,1
1219,2024-02-06,MEM,0,0.0,0
1220,2024-02-07,WAS,0,0.18,0
1221,2024-02-05,LAC,1,0.5952380952380951,1
1222,2024-02-06,MIN,1,0.6206896551724138,0
1223,2024-02-06,HOU,0,0.2649006622516556,0
1224,2024-02-06,IND,1,0.7733333333333333,1
1225,2024-02-05,CHO,0,0.18,0
1226,2024-02-06,MIL,0,0.39545454545454545,0
1227,2024-02-06,UTA,0,0.39545454545454545,1
1228,2024-02-06,MIA,1,0.5952380952380951,1
1229,2024-02-07,BOS,1,0.7857142857142857,1
1230,2024-02-06,DAL,1,0.5885750355884284,1
1231,2024-02-07,ATL,0,0.18,0
1232,2024-02-07,TOR,1,0.6666666666666666,1
1233,2024-02-08,LAL,0,0.39545454545454545,0
1234,2024-02-07,CHO,0,0.2649006622516556,0
1235,2024-02-07,GSW,1,0.5952380952380951,1
1236,2024-02-06,BRK,0,0.39545454545454545,0
1237,2024-02-07,PHI,0,0.39545454545454545,0
1238,2024-02-07,LAC,1,0.6666666666666666,0
1239,2024-02-07,NOP,0,0.2649006622516556,1
1240,2024-02-07,SAC,1,0.7857142857142857,0
1241,2024-02-07,CLE,1,0.7857142857142857,1
1242,2024-02-10,OKC,1,0.5952380952380951,0
1243,2024-02-08,MIN,1,0.5434782608695653,1
1244,2024-02-08,MEM,0,0.39545454545454545,0
1245,2024-02-08,DAL,1,0.5952380952380951,1
1246,2024-02-08,NYK,0,0.39545454545454545,0
1247,2024-02-08,BRK,0,0.2727272727272727,0
1248,2024-02-07,MIA,1,0.7733333333333333,1
1249,2024-02-08,ORL,1,0.7857142857142857,1
1250,2024-02-08,UTA,0,0.2649006622516556,0
1251,2024-02-08,CHI,1,0.6206896551724138,1
1252,2024-02-08,MIL,1,0.5434782608695653,0
1253,2024-02-08,PHO,1,0.6666666666666666,1
1254,2024-02-08,IND,1,0.6206896551724138,0
1255,2024-02-09,HOU,1,0.5434782608695653,0
1256,2024-02-09,PHI,0,0.39545454545454545,0
1257,2024-02-09,SAC,1,0.5434782608695653,1
1258,2024-02-09,CHO,0,0.0,0
1259,2024-02-09,TOR,1,0.5818181818181818,1
1260,2024-02-08,CLE,1,0.6206896551724138,1
1261,2024-02-08,GSW,0,0.39545454545454545,1
1262,2024-02-10,LAC,1,1.0,1
1263,2024-02-09,ATL,1,0.5434782608695653,1
1264,2024-02-09,BOS,1,1.0,1
1265,2024-02-09,WAS,0,0.0,0
1266,2024-02-08,SAS,0,0.18,0
1267,2024-02-08,DET,0,0.2649006622516556,1
1268,2024-02-09,NOP,1,0.5818181818181818,0
1269,2024-02-11,MIA,0,0.2727272727272727,0
1270,2024-02-10,MEM,1,0.6206896551724138,0
1271,2024-02-10,GSW,1,0.5434782608695653,1
1272,2024-02-10,CHI,0,0.39545454545454545,0
1273,2024-02-10,CLE,1,0.7733333333333333,1
1274,2024-02-10,NYK,0,0.39545454545454545,0
1275,2024-02-10,DAL,0,0.39545454545454545,1
1276,2024-02-09,MIL,1,1.0,1
1277,2024-02-12,MIN,0,0.39545454545454545,1
1278,2024-02-10,POR,0,0.2649006622516556,0
1279,2024-02-09,DEN,0,0.39545454545454545,0
1280,2024-02-09,LAL,0,0.39545454545454545,1
1281,2024-02-10,ORL,1,0.6666666666666666,1
1282,2024-02-10,SAS,0,0.2674661553411902,0
1283,2024-02-10,IND,1,0.5818181818181818,1
1284,2024-02-12,UTA,0,0.39545454545454545,0
1285,2024-02-10,PHO,1,0.5434782608695653,0
1286,2024-02-10,DET,0,0.0,0
1287,2024-02-10,BRK,1,0.6206896551724138,1
1288,2024-02-10,NOP,1,0.7733333333333333,1
1289,2024-02-13,LAL,1,0.7804878048780488,1
1290,2024-02-10,TOR,0,0.2649006622516556,0
1291,2024-02-10,HOU,0,0.39545454545454545,0
1292,2024-02-10,PHI,1,0.5952380952380951,1
1293,2024-02-12,MIL,0,0.4264705882352941,1
1294,2024-02-12,DEN,1,0.5434782608695653,0
1295,2024-02-11,SAC,0,0.39545454545454545,0
1296,2024-02-10,ATL,1,0.5952380952380951,1
1297,2024-02-10,CHO,0,0.39545454545454545,1
1298,2024-02-11,BOS,1,0.6206896551724138,1
1299,2024-02-10,WAS,0,0.39545454545454545,0
1300,2024-02-13,BRK,0,0.2649006622516556,0
1301,2024-02-12,CLE,1,0.7804878048780488,0
1302,2024-02-12,TOR,1,0.6206896551724138,0
1303,2024-02-12,SAS,0,0.39545454545454545,1
1304,2024-02-12,GSW,0,0.4264705882352941,1
1305,2024-02-13,PHO,1,0.6206896551724138,1
1306,2024-02-12,CHI,0,0.39545454545454545,1
1307,2024-02-12,CHO,0,0.18,1
1308,2024-02-12,NYK,1,0.5952380952380951,0
1309,2024-02-12,MEM,0,0.2649006622516556,0
1310,2024-02-12,NOP,1,0.7733333333333333,1
1311,2024-02-12,ATL,1,0.5952380952380951,0
1312,2024-02-13,POR,0,0.2649006622516556,0
1313,2024-02-11,OKC,1,0.5952380952380951,1
1314,2024-02-12,HOU,0,0.39545454545454545,1
1315,2024-02-12,IND,1,0.7804878048780488,0
1316,2024-02-12,PHI,0,0.18,1
1317,2024-02-12,WAS,0,0.18,0
1318,2024-02-13,DET,0,0.18,0
1319,2024-02-13,ORL,0,0.4264705882352941,0
1320,2024-02-12,DAL,1,0.7857142857142857,1
1321,2024-02-12,LAC,1,0.5952380952380951,0
1322,2024-02-13,OKC,1,0.5952380952380951,1
1323,2024-02-13,MIA,0,0.2649006622516556,1
1324,2024-02-13,BOS,1,0.7733333333333333,1
1325,2024-02-13,SAC,0,0.39545454545454545,0
1326,2024-02-14,DEN,1,0.6206896551724138,0
1327,2024-02-14,UTA,1,0.6206896551724138,0
1328,2024-02-14,GSW,1,0.5818181818181818,0
1329,2024-02-14,DAL,1,0.7857142857142857,1
1330,2024-02-14,WAS,0,0.18,0
1331,2024-02-13,MIL,1,0.7733333333333333,0
1332,2024-02-14,IND,1,0.5818181818181818,1
1333,2024-02-14,ATL,1,0.6666666666666666,0
1334,2024-02-14,SAS,0,0.18,0
1335,2024-02-14,NYK,0,0.39545454545454545,0
1336,2024-02-14,MEM,0,0.4243257879507634,1
1337,2024-02-14,CLE,1,0.7733333333333333,1
1338,2024-02-14,NOP,1,0.7857142857142857,1
1339,2024-02-14,CHO,0,0.2649006622516556,1
1340,2024-02-14,PHI,1,0.5952380952380951,0
1341,2024-02-14,HOU,1,0.5952380952380951,0
1342,2024-02-14,LAC,0,0.39545454545454545,1
1343,2024-02-13,MIN,1,0.7733333333333333,1
1344,2024-02-14,CHI,0,0.2649006622516556,0
1345,2024-02-14,TOR,0,0.4264705882352941,0
1346,2024-02-14,ORL,1,0.5952380952380951,1
1347,2024-02-22,OKC,0,0.4264705882352941,1
1348,2024-02-14,BOS,1,0.7857142857142857,1
1349,2024-02-14,MIA,0,0.39545454545454545,1
1350,2024-02-14,BRK,0,0.18,0
1351,2024-02-14,SAC,0,0.2649006622516556,1
1352,2024-02-15,POR,0,0.2649006622516556,0
1353,2024-02-15,MIN,1,0.7804878048780488,1
1354,2024-02-14,PHO,1,0.7857142857142857,1
1355,2024-02-15,MIL,1,0.7857142857142857,0
1356,2024-02-14,LAL,0,0.2649006622516556,1
1357,2024-02-14,DET,0,0.18,0
1358,2024-02-22,NOP,1,0.6666666666666666,1
1359,2024-02-22,HOU,0,0.2727272727272727,0
1360,2024-02-22,DET,0,0.18,0
1361,2024-02-22,BRK,0,0.4264705882352941,0
1362,2024-02-22,CHO,0,0.18,1
1363,2024-02-22,LAL,0,0.2649006622516556,0
1364,2024-02-15,UTA,0,0.39545454545454545,0
1365,2024-02-23,ATL,1,0.6666666666666666,0
1366,2024-02-23,MIA,0,0.39545454545454545,1
1367,2024-02-22,PHI,1,0.5434782608695653,0
1368,2024-02-22,CHI,0,0.2649006622516556,0
1369,2024-02-22,CLE,1,0.7733333333333333,0
1370,2024-02-22,BOS,1,0.7733333333333333,1
1371,2024-02-22,DAL,1,0.5818181818181818,1
1372,2024-02-15,GSW,1,0.5434782608695653,1
1373,2024-02-22,LAC,1,0.5434782608695653,0
1374,2024-02-22,TOR,1,0.5818181818181818,1
1375,2024-02-22,WAS,0,0.0,0
1376,2024-02-22,DEN,1,1.0,1
1377,2024-02-22,SAC,1,0.7804878048780488,1
1378,2024-02-15,MEM,0,0.18,1
1379,2024-02-22,IND,1,0.7857142857142857,1
1380,2024-02-22,PHO,1,0.5434782608695653,0
1381,2024-02-22,NYK,1,0.5434782608695653,1
1382,2024-02-22,SAS,0,0.2649006622516556,0
1383,2024-02-22,ORL,0,0.2649006622516556,1
1384,2024-02-22,UTA,1,0.7804878048780488,0
1385,2024-02-23,POR,0,0.18,0
1386,2024-02-23,MIN,1,0.5952380952380951,0
1387,2024-02-23,MEM,0,0.18,0
1388,2024-02-23,MIL,0,0.39545454545454545,1
1389,2024-02-22,GSW,1,0.6666666666666666,1
1390,2024-02-23,NOP,1,0.5952380952380951,0
1391,2024-02-23,HOU,0,0.39545454545454545,1
1392,2024-02-25,DAL,1,0.5818181818181818,0
1393,2024-02-25,IND,1,0.5818181818181818,1
1394,2024-02-24,DET,0,0.2649006622516556,0
1395,2024-02-23,SAS,0,0.18,0
1396,2024-02-23,CLE,1,0.5952380952380951,0
1397,2024-02-25,SAC,0,0.2649006622516556,1
1398,2024-02-23,PHO,1,0.5818181818181818,0
1399,2024-02-24,ORL,1,0.7733333333333333,1
1400,2024-02-23,PHI,0,0.39545454545454545,1
1401,2024-02-23,DEN,1,0.7804878048780488,1
1402,2024-02-25,UTA,1,0.6206896551724138,1
1403,2024-02-23,CHO,0,0.0,0
1404,2024-02-23,GSW,1,1.0,1
1405,2024-02-23,TOR,0,0.2649006622516556,1
1406,2024-02-23,LAL,1,0.7804878048780488,1
1407,2024-02-25,CHI,0,0.39545454545454545,1
1408,2024-02-24,BOS,1,0.6206896551724138,1
1409,2024-02-23,OKC,1,1.0,1
1410,2024-02-23,LAC,1,0.7804878048780488,1
1411,2024-02-23,WAS,0,0.0,0
1412,2024-02-24,BRK,0,0.2649006622516556,0
1413,2024-02-24,NYK,0,0.39545454545454545,0
1414,2024-02-25,HOU,0,0.39545454545454545,0
1415,2024-02-25,PHO,1,0.6206896551724138,1
1416,2024-02-25,LAL,0,0.39545454545454545,0
1417,2024-02-25,MIL,1,0.6206896551724138,1
1418,2024-02-26,MIA,0,0.2649006622516556,1
1419,2024-02-25,NOP,1,0.6206896551724138,0
1420,2024-02-25,WAS,0,0.18,0
1421,2024-02-25,SAS,0,0.2649006622516556,0
1422,2024-02-24,MIN,1,0.7733333333333333,1
1423,2024-02-25,LAC,1,0.6666666666666666,0
1424,2024-02-26,MEM,0,0.39545454545454545,0
1425,2024-02-25,OKC,1,0.6206896551724138,1
1426,2024-02-25,DEN,0,0.39545454545454545,1
1427,2024-02-25,GSW,1,0.5818181818181818,0
1428,2024-02-25,CHO,0,0.39545454545454545,1
1429,2024-02-25,POR,1,0.5818181818181818,0
1430,2024-02-25,CLE,1,0.7857142857142857,1
1431,2024-02-25,ATL,1,0.5434782608695653,1
1432,2024-02-25,PHI,0,0.39545454545454545,0
1433,2024-02-26,TOR,0,0.39545454545454545,1
1434,2024-02-27,BOS,1,0.7857142857142857,1
1435,2024-02-26,DET,0,0.18,0
1436,2024-02-25,ORL,1,0.5818181818181818,0
1437,2024-02-26,NYK,1,0.7857142857142857,1
1438,2024-02-27,MIN,1,1.0,1
1439,2024-02-26,BRK,1,0.5952380952380951,1
1440,2024-02-27,SAS,0,0.0,0
1441,2024-02-26,SAC,1,0.6666666666666666,0
1442,2024-02-27,CHO,0,0.0,0
1443,2024-02-27,PHI,0,0.18,0
1444,2024-02-27,MIL,1,1.0,1
1445,2024-02-27,POR,0,0.2727272727272727,0
1446,2024-02-27,NOP,1,0.5952380952380951,1
1447,2024-02-28,LAC,1,0.6206896551724138,0
1448,2024-02-27,UTA,0,0.39545454545454545,0
1449,2024-02-27,HOU,0,0.2649006622516556,0
1450,2024-02-27,WAS,0,0.18,0
1451,2024-02-28,LAL,0,0.39545454545454545,1
1452,2024-02-27,CHI,1,0.7857142857142857,0
1453,2024-02-27,OKC,1,0.7804878048780488,1
1454,2024-02-28,DEN,1,0.7733333333333333,1
1455,2024-02-27,GSW,1,0.7857142857142857,1
1456,2024-02-29,PHO,1,0.7733333333333333,1
1457,2024-02-27,CLE,1,0.6206896551724138,1
1458,2024-02-26,IND,1,0.6206896551724138,0
1459,2024-02-27,DAL,0,0.39545454545454545,0
1460,2024-02-27,ORL,1,0.7804878048780488,1
1461,2024-02-27,ATL,1,0.5434782608695653,1
1462,2024-02-28,TOR,0,0.39545454545454545,0
1463,2024-02-27,BRK,0,0.2649006622516556,0
1464,2024-02-27,NYK,0,0.39545454545454545,0
1465,2024-02-27,DET,0,0.18,1
1466,2024-02-28,MEM,0,0.18,0
1467,2024-02-28,SAC,0,0.2649006622516556,0
1468,2024-02-28,IND,1,0.6666666666666666,1
1469,2024-02-27,MIA,1,0.6206896551724138,1
1470,2024-02-29,GSW,1,0.5818181818181818,1
1471,2024-02-29,WAS,0,0.2649006622516556,0
1472,2024-03-01,DET,0,0.2649006622516556,0
1473,2024-03-01,BOS,1,0.7804878048780488,1
1474,2024-02-29,MIA,0,0.39545454545454545,0
1475,2024-02-28,CHI,0,0.39545454545454545,1
1476,2024-03-01,PHI,1,0.7857142857142857,1
1477,2024-03-01,POR,1,0.5818181818181818,1
1478,2024-02-29,HOU,0,0.2649006622516556,0
1479,2024-02-29,CHO,0,0.18,0
1480,2024-02-29,UTA,0,0.2649006622516556,0
1481,2024-02-29,BRK,1,0.5952380952380951,1
1482,2024-02-29,ORL,1,0.6666666666666666,1
1483,2024-02-29,ATL,0,0.39545454545454545,0
1484,2024-02-29,SAS,0,0.18,1
1485,2024-02-28,DAL,1,0.5818181818181818,1
1486,2024-02-28,CLE,1,0.6206896551724138,0
1487,2024-02-28,NOP,0,0.39545454545454545,0
1488,2024-02-29,NYK,0,0.39545454545454545,0
1489,2024-02-29,OKC,1,0.7857142857142857,0
1490,2024-02-29,MIL,1,0.7857142857142857,1
1491,2024-02-28,MIN,1,0.7857142857142857,1
1492,2024-03-01,MIN,1,0.7733333333333333,0
1493,2024-03-01,MEM,0,0.4264705882352941,0
1494,2024-02-29,DEN,1,0.6206896551724138,1
1495,2024-03-01,SAC,0,0.2649006622516556,1
1496,2024-02-29,LAL,1,0.7733333333333333,1
1497,2024-03-01,LAC,1,1.0,1
1498,2024-03-01,CHI,0,0.39545454545454545,0
1499,2024-03-01,CLE,1,0.7804878048780488,1
1500,2024-03-01,TOR,0,0.39545454545454545,0
1501,2024-03-01,DAL,0,0.2649006622516556,0
1502,2024-03-01,IND,0,0.38272624736408134,0
1503,2024-03-01,NOP,1,0.6206896551724138,1
1504,2024-03-02,DEN,1,0.5818181818181818,1
1505,2024-03-03,OKC,1,0.6206896551724138,1
1506,2024-03-02,BRK,1,0.5818181818181818,1
1507,2024-03-02,ATL,1,0.5434782608695653,0
1508,2024-03-03,SAS,0,0.2649006622516556,1
1509,2024-03-02,MIA,1,0.7733333333333333,1
1510,2024-03-02,UTA,0,0.2649006622516556,0
1511,2024-03-01,GSW,1,0.6206896551724138,1
1512,2024-03-03,ORL,1,0.7857142857142857,1
1513,2024-03-02,HOU,0,0.2649006622516556,1
1514,2024-03-02,PHO,1,0.7804878048780488,0
1515,2024-03-03,NYK,0,0.2649006622516556,1
1516,2024-03-01,WAS,0,0.0,0
1517,2024-03-01,MIL,1,0.5952380952380951,1
1518,2024-03-01,CHO,0,0.18,0
1519,2024-03-02,LAL,0,0.4264705882352941,0
1520,2024-03-02,POR,0,0.4264705882352941,1
1521,2024-03-03,IND,1,0.7272727272727273,0
1522,2024-03-05,NOP,1,0.7804878048780488,1
1523,2024-03-03,GSW,0,0.18,0
1524,2024-03-03,LAC,0,0.39545454545454545,1
1525,2024-03-04,WAS,0,0.2649006622516556,0
1526,2024-03-02,MEM,1,0.5818181818181818,0
1527,2024-03-03,TOR,1,0.6206896551724138,1
1528,2024-03-03,DAL,1,0.6666666666666666,0
1529,2024-03-04,CHI,0,0.2702163762968054,1
1530,2024-03-03,MIN,1,0.5952380952380951,0
1531,2024-03-03,CHO,0,0.2649006622516556,0
1532,2024-03-03,CLE,1,0.6206896551724138,0
1533,2024-03-03,PHI,0,0.2649006622516556,1
1534,2024-03-03,BOS,1,0.7804878048780488,1
1535,2024-03-04,MIL,1,0.6206896551724138,1
1536,2024-03-03,DET,0,0.18,0
1537,2024-03-04,SAC,1,0.6206896551724138,0
1538,2024-03-04,BRK,1,0.7804878048780488,0
1539,2024-03-04,LAL,0,0.4264705882352941,1
1540,2024-03-05,DEN,1,0.7804878048780488,0
1541,2024-03-05,MIA,1,0.7857142857142857,1
1542,2024-03-04,POR,0,0.0,0
1543,2024-03-04,MEM,0,0.2649006622516556,1
1544,2024-03-05,HOU,1,0.7804878048780488,1
1545,2024-03-05,ATL,0,0.39545454545454545,1
1546,2024-03-03,PHO,0,0.39545454545454545,0
1547,2024-03-04,UTA,1,0.6206896551724138,1
1548,2024-03-05,CHO,0,0.2649006622516556,0
1549,2024-03-05,PHO,0,0.2649006622516556,1
1550,2024-03-05,TOR,0,0.18,0
1551,2024-03-05,CLE,0,0.2649006622516556,1
1552,2024-03-04,MIN,1,1.0,1
1553,2024-03-04,LAC,0,0.39545454545454545,0
1554,2024-03-05,NYK,1,0.5952380952380951,0
1555,2024-03-06,GSW,1,0.5952380952380951,1
1556,2024-03-05,BOS,1,0.6666666666666666,0
1557,2024-03-05,IND,0,0.39545454545454545,1
1558,2024-03-05,SAS,0,0.18,0
1559,2024-03-04,OKC,1,0.5434782608695653,0
1560,2024-03-05,PHI,1,0.5952380952380951,0
1561,2024-03-05,ORL,1,0.7804878048780488,1
1562,2024-03-05,DET,0,0.18,0
1563,2024-03-05,DAL,1,0.5952380952380951,0
1564,2024-03-06,UTA,0,0.39545454545454545,0
1565,2024-03-06,OKC,1,1.0,1
1566,2024-03-06,MIL,0,0.39545454545454545,0
1567,2024-03-06,LAL,1,0.5818181818181818,0
1568,2024-03-06,SAC,0,0.4264705882352941,1
1569,2024-03-06,WAS,0,0.26976800189117806,0
1570,2024-03-06,LAC,1,0.6206896551724138,1
1571,2024-03-06,CHI,1,0.5952380952380951,1
1572,2024-03-06,MEM,0,0.39545454545454545,1
1573,2024-03-05,BRK,0,0.39545454545454545,1
1574,2024-03-06,POR,0,0.18,0
1575,2024-03-07,MIN,0,0.47788942583775856,1
1576,2024-03-07,PHO,1,0.7804878048780488,1
1577,2024-03-07,TOR,0,0.18,0
1578,2024-03-07,DAL,1,0.5952380952380951,1
1579,2024-03-07,DET,0,0.4264705882352941,1
1580,2024-03-07,IND,1,0.5818181818181818,0
1581,2024-03-07,BOS,0,0.39545454545454545,0
1582,2024-03-06,HOU,0,0.39545454545454545,0
1583,2024-03-07,SAS,0,0.18,0
1584,2024-03-07,MIA,0,0.39545454545454545,0
1585,2024-03-07,DEN,1,0.5818181818181818,1
1586,2024-03-07,BRK,1,0.5818181818181818,0
1587,2024-03-06,CLE,0,0.39545454545454545,0
1588,2024-03-06,PHI,1,0.6206896551724138,0
1589,2024-03-06,ORL,1,0.7733333333333333,1
1590,2024-03-08,NYK,1,0.5952380952380951,1
1591,2024-03-06,ATL,1,0.5818181818181818,1
1592,2024-03-08,CHO,0,0.4264705882352941,0
1593,2024-03-08,NOP,1,0.6666666666666666,1
1594,2024-03-08,OKC,1,0.7765980678333716,1
1595,2024-03-08,LAL,0,0.39545454545454545,1
1596,2024-03-08,POR,0,0.2649006622516556,0
1597,2024-03-09,UTA,0,0.18,0
1598,2024-03-07,CHI,0,0.18,1
1599,2024-03-07,SAC,1,0.7857142857142857,1
1600,2024-03-08,WAS,1,0.5818181818181818,1
1601,2024-03-08,ORL,1,0.5434782608695653,0
1602,2024-03-08,ATL,1,0.5818181818181818,1
1603,2024-03-07,GSW,1,0.7733333333333333,0
1604,2024-03-08,MIL,1,0.5952380952380951,0
1605,2024-03-09,LAC,1,0.6666666666666666,1
1606,2024-03-08,CLE,1,0.5434782608695653,1
1607,2024-03-08,MEM,1,0.5434782608695653,0
1608,2024-03-08,HOU,1,0.7272727272727273,1
1609,2024-03-08,PHI,0,0.2649006622516556,0
1610,2024-03-09,BRK,1,0.6206896551724138,0
1611,2024-03-09,GSW,1,0.7857142857142857,0
1612,2024-03-09,CHI,0,0.2649006622516556,0
1613,2024-03-09,PHO,0,0.39545454545454545,0
1614,2024-03-09,DET,0,0.2649006622516556,0
1615,2024-03-09,BOS,1,0.5952380952380951,1
1616,2024-03-09,TOR,1,0.5818181818181818,0
1617,2024-03-09,DAL,1,0.6666666666666666,1
1618,2024-03-08,MIA,0,0.2649006622516556,0
1619,2024-03-10,SAC,1,0.6206896551724138,0
1620,2024-03-09,SAS,0,0.18,1
1621,2024-03-09,DEN,1,0.7857142857142857,1
1622,2024-03-10,IND,0,0.4264705882352941,1
1623,2024-03-08,MIN,0,0.4264705882352941,0
1624,2024-03-10,MIA,1,0.7857142857142857,0
1625,2024-03-10,HOU,0,0.2674530532598,1
1626,2024-03-09,CHO,0,0.39545454545454545,1
1627,2024-03-10,NYK,1,0.7733333333333333,0
1628,2024-03-10,LAL,0,0.39545454545454545,1
1629,2024-03-10,MIL,1,0.6666666666666666,1
1630,2024-03-10,ORL,1,0.6206896551724138,0
1631,2024-03-10,WAS,0,0.18,1
1632,2024-03-10,PHI,0,0.2649006622516556,1
1633,2024-03-10,MIN,1,0.5818181818181818,0
1634,2024-03-10,CLE,1,0.7733333333333333,0
1635,2024-03-10,ATL,0,0.26513778875010674,0
1636,2024-03-10,MEM,0,0.0,0
1637,2024-03-10,NOP,1,0.6206896551724138,1
1638,2024-03-10,OKC,1,1.0,1
1639,2024-03-09,POR,0,0.39545454545454545,1
1640,2024-03-11,DAL,1,0.5952380952380951,1
1641,2024-03-11,BOS,1,0.7733333333333333,1
1642,2024-03-11,PHO,1,0.6206896551724138,1
1643,2024-03-11,SAS,0,0.2727272727272727,0
1644,2024-03-12,UTA,0,0.2649006622516556,0
1645,2024-03-11,POR,0,0.18,0
1646,2024-03-11,GSW,1,0.6206896551724138,1
1647,2024-03-11,DET,1,0.6206896551724138,1
1648,2024-03-10,LAC,0,0.2649006622516556,0
1649,2024-03-11,TOR,0,0.0,0
1650,2024-03-11,CHI,0,0.39545454545454545,0
1651,2024-03-11,CHO,0,0.39545454545454545,0
1652,2024-03-10,BRK,0,0.2649006622516556,1
1653,2024-03-11,DEN,1,1.0,1
1654,2024-03-11,CLE,0,0.2649006622516556,0
1655,2024-03-13,ORL,1,0.7733333333333333,1
1656,2024-03-13,BRK,0,0.2649006622516556,0
1657,2024-03-13,ATL,1,0.5952380952380951,0
1658,2024-03-12,IND,0,0.39545454545454545,1
1659,2024-03-13,NOP,1,0.6206896551724138,0
1660,2024-03-12,MIN,0,0.2649006622516556,1
1661,2024-03-12,PHI,0,0.2649006622516556,0
1662,2024-03-12,NYK,1,0.7272727272727273,1
1663,2024-03-12,MIL,1,0.5818181818181818,0
1664,2024-03-12,LAC,1,0.6206896551724138,0
1665,2024-03-13,MIA,0,0.39545454545454545,0
1666,2024-03-12,WAS,1,0.5818181818181818,0
1667,2024-03-12,HOU,1,0.6206896551724138,1
1668,2024-03-12,OKC,1,0.6666666666666666,0
1669,2024-03-12,MEM,0,0.4264705882352941,1
1670,2024-03-13,LAL,1,0.5818181818181818,0
1671,2024-03-12,SAC,0,0.39545454545454545,1
1672,2024-03-13,GSW,0,0.2649006622516556,0
1673,2024-03-13,POR,0,0.39545454545454545,1
1674,2024-03-12,BOS,1,0.6666666666666666,1
1675,2024-03-13,TOR,0,0.39545454545454545,0
1676,2024-03-12,SAS,0,0.39545454545454545,0
1677,2024-03-13,DET,1,0.5952380952380951,1
1678,2024-03-14,PHO,0,0.2649006622516556,0
1679,2024-03-13,DEN,1,0.5952380952380951,1
1680,2024-03-13,CHI,0,0.39545454545454545,1
1681,2024-03-13,DAL,1,0.6206896551724138,1
1682,2024-03-13,CLE,0,0.2649006622516556,1
1683,2024-03-13,CHO,1,0.5818181818181818,1
1684,2024-03-14,HOU,1,0.7733333333333333,1
1685,2024-03-13,SAC,0,0.39545454545454545,1
1686,2024-03-14,WAS,0,0.2649006622516556,0
1687,2024-03-14,MIL,1,0.7733333333333333,1
1688,2024-03-14,OKC,1,0.7857142857142857,1
1689,2024-03-15,UTA,0,0.39545454545454545,1
1690,2024-03-14,BOS,1,0.6206896551724138,1
1691,2024-03-16,MIN,1,0.7733333333333333,1
1692,2024-03-14,LAC,1,0.6206896551724138,1
1693,2024-03-13,IND,1,0.5952380952380951,0
1694,2024-03-14,NYK,1,0.7857142857142857,1
1695,2024-03-14,PHI,0,0.2649006622516556,0
1696,2024-03-15,SAS,0,0.18,0
1697,2024-03-13,MEM,1,0.5818181818181818,0
1698,2024-03-16,IND,1,0.7733333333333333,1
1699,2024-03-15,ORL,1,0.7804878048780488,1
1700,2024-03-16,BRK,0,0.2649006622516556,0
1701,2024-03-15,NOP,1,0.7733333333333333,1
1702,2024-03-16,CLE,1,0.6206896551724138,0
1703,2024-03-14,DAL,0,0.18,0
1704,2024-03-16,GSW,1,0.5434782608695653,1
1705,2024-03-15,MIA,1,0.7733333333333333,1
1706,2024-03-15,DEN,1,0.7857142857142857,1
1707,2024-03-15,DET,0,0.2649006622516556,0
1708,2024-03-15,TOR,0,0.2649006622516556,0
1709,2024-03-16,MEM,0,0.2649006622516556,0
1710,2024-03-16,CHO,0,0.18,0
1711,2024-03-14,CHI,0,0.2649006622516556,0
1712,2024-03-16,SAC,1,0.5818181818181818,0
1713,2024-03-16,LAL,1,0.5434782608695653,0
1714,2024-03-15,ATL,1,0.5952380952380951,0
1715,2024-03-14,POR,0,0.18,0
1716,2024-03-16,NYK,1,0.5434782608695653,1
1717,2024-03-17,BOS,1,0.7857142857142857,1
1718,2024-03-15,LAC,0,0.2649006622516556,0
1719,2024-03-16,CHI,1,0.7804878048780488,1
1720,2024-03-17,DAL,0,0.39545454545454545,1
1721,2024-03-16,OKC,1,0.7804878048780488,1
1722,2024-03-16,WAS,0,0.18,0
1723,2024-03-16,HOU,0,0.39545454545454545,1
1724,2024-03-17,PHO,0,0.39545454545454545,0
1725,2024-03-16,POR,0,0.18,0
1726,2024-03-16,PHI,1,0.7857142857142857,1
1727,2024-03-17,MIL,1,0.6206896551724138,1
1728,2024-03-17,TOR,0,0.18,0
1729,2024-03-17,DET,0,0.39545454545454545,0
1730,2024-03-17,SAS,1,0.5434782608695653,1
1731,2024-03-17,DEN,1,0.5952380952380951,0
1732,2024-03-17,ATL,0,0.2649006622516556,1
1733,2024-03-16,UTA,0,0.18,0
1734,2024-03-17,LAC,1,0.7804878048780488,0
1735,2024-03-16,NOP,1,0.7857142857142857,1
1736,2024-03-17,ORL,1,0.7857142857142857,1
1737,2024-03-17,MIA,1,0.6206896551724138,1
1738,2024-03-18,NYK,0,0.39545454545454545,1
1739,2024-03-18,SAC,1,0.7857142857142857,1
1740,2024-03-18,MEM,0,0.18,0
1741,2024-03-18,PHI,1,0.5818181818181818,1
1742,2024-03-17,BRK,1,0.5434782608695653,0
1743,2024-03-18,GSW,1,0.6206896551724138,0
1744,2024-03-18,LAL,1,0.7733333333333333,1
1745,2024-03-18,IND,1,0.6666666666666666,0
1746,2024-03-20,OKC,1,1.0,1
1747,2024-03-19,CHO,0,0.18,0
1748,2024-03-18,MIN,1,0.6666666666666666,1
1749,2024-03-17,WAS,0,0.18,0
1750,2024-03-18,CHI,1,0.7733333333333333,1
1751,2024-03-18,CLE,0,0.2649006622516556,1
1752,2024-03-19,HOU,1,0.7804878048780488,1
1753,2024-03-19,NOP,1,0.7272727272727273,1
1754,2024-03-18,UTA,0,0.2649006622516556,0
1755,2024-03-18,POR,0,0.2649006622516556,0
1756,2024-03-20,TOR,0,0.18,0
1757,2024-03-18,BOS,1,1.0,1
1758,2024-03-19,WAS,0,0.18,0
1759,2024-03-19,SAS,0,0.2649006622516556,0
1760,2024-03-18,ATL,0,0.2649006622516556,0
1761,2024-03-19,DEN,1,0.6666666666666666,1
1762,2024-03-19,DAL,1,0.7733333333333333,1
1763,2024-03-18,MIA,0,0.39545454545454545,0
1764,2024-03-18,DET,0,0.0,0
1765,2024-03-19,BRK,0,0.2649006622516556,0
1766,2024-03-20,PHO,1,0.7733333333333333,1
1767,2024-03-20,MIL,0,0.18,0
1768,2024-03-20,LAC,1,0.7857142857142857,1
1769,2024-03-19,ORL,1,0.7857142857142857,1
1770,2024-03-20,MEM,0,0.18,0
1771,2024-03-20,IND,1,0.7857142857142857,1
1772,2024-03-20,CLE,0,0.4264705882352941,0
1773,2024-03-20,BOS,1,0.7857142857142857,1
1774,2024-03-20,DET,0,0.18,0
1775,2024-03-20,GSW,1,0.7857142857142857,1
1776,2024-03-20,PHI,0,0.2649006622516556,0
1777,2024-03-20,MIA,0,0.4264705882352941,1
1778,2024-03-20,UTA,0,0.0,0
1779,2024-03-20,POR,0,0.18,0
1780,2024-03-20,SAC,1,0.7857142857142857,1
1781,2024-03-19,MIN,0,0.2649006622516556,0
